event_id,event_type,timestamp_1d,refined_timestamp_4h,price_1d,refined_price_4h,drawdown_pct,rebound_pct,atr_1d,atr_multiple,confirmation_reason,available_at,source_timeframe
E00001,ath_update,2017-08-17T00:00:00+00:00,2017-08-17T00:00:00+00:00,4485.39,4485.39,0.0,,284.65,0.0,high_gt_all_previous_high,2017-08-17T23:59:59.999000+00:00,1D
E00002,confirmed_macro_high,2017-08-17T00:00:00+00:00,2017-08-17T00:00:00+00:00,4485.39,4485.39,0.241983,,357.2,,log_drawdown>=ln(1.20000000)|log_drawdown=0.2770500166,2017-08-22T23:59:59.999000+00:00,1D
E00003,candidate_macro_low,2017-08-23T00:00:00+00:00,2017-08-23T00:00:00+00:00,4013.89,4013.89,0.105119,0.0,342.15857143,,new_low_after_confirmed_macro_high,2017-08-23T23:59:59.999000+00:00,1D
E00004,ath_update,2017-08-29T00:00:00+00:00,2017-08-29T00:00:00+00:00,4625.85,4625.85,0.0,,288.06461538,0.0,high_gt_all_previous_high,2017-08-29T23:59:59.999000+00:00,1D
E00005,ath_update,2017-08-30T00:00:00+00:00,2017-08-30T00:00:00+00:00,4647.51,4647.51,0.0,,284.02428571,0.0,high_gt_all_previous_high,2017-08-30T23:59:59.999000+00:00,1D
E00006,ath_update,2017-08-31T00:00:00+00:00,2017-08-31T00:00:00+00:00,4745.42,4745.42,0.0,,277.28357143,0.0,high_gt_all_previous_high,2017-08-31T23:59:59.999000+00:00,1D
E00007,ath_update,2017-09-01T00:00:00+00:00,2017-09-01T00:00:00+00:00,4885.55,4885.55,0.0,,262.84928571,0.0,high_gt_all_previous_high,2017-09-01T23:59:59.999000+00:00,1D
E00008,confirmed_macro_low,2017-08-23T00:00:00+00:00,2017-08-23T00:00:00+00:00,4013.89,4013.89,0.105119,0.217161,262.84928571,,log_rebound>=ln(1.20000000)|log_rebound=0.1965210228,2017-09-01T23:59:59.999000+00:00,1D
E00009,ath_update,2017-09-02T00:00:00+00:00,2017-09-02T00:00:00+00:00,4939.19,4939.19,0.0,,285.53714286,0.0,high_gt_all_previous_high,2017-09-02T23:59:59.999000+00:00,1D
E00010,confirmed_macro_high,2017-09-02T00:00:00+00:00,2017-09-02T00:00:00+00:00,4939.19,4939.19,0.195716,,327.33142857,,log_drawdown>=ln(1.20000000)|log_drawdown=0.2178032134,2017-09-04T23:59:59.999000+00:00,1D
E00011,candidate_macro_low,2017-09-05T00:00:00+00:00,2017-09-05T00:00:00+00:00,3603.0,3603.0,0.270528,0.0,339.98642857,,new_low_after_confirmed_macro_high,2017-09-05T23:59:59.999000+00:00,1D
E00012,confirmed_macro_low,2017-09-05T00:00:00+00:00,2017-09-05T00:00:00+00:00,3603.0,3603.0,0.270528,0.244793,339.98642857,,log_rebound>=ln(1.20000000)|log_rebound=0.2189694341,2017-09-05T23:59:59.999000+00:00,1D
E00013,confirmed_macro_high,2017-09-07T00:00:00+00:00,2017-09-07T00:00:00+00:00,4788.59,4788.59,0.206238,,420.62714286,,log_drawdown>=ln(1.20000000)|log_drawdown=0.2309718148,2017-09-10T23:59:59.999000+00:00,1D
E00014,candidate_macro_low,2017-09-11T00:00:00+00:00,2017-09-11T00:00:00+00:00,4098.91,4098.91,0.144026,0.0,417.78714286,,new_low_after_confirmed_macro_high,2017-09-11T23:59:59.999000+00:00,1D
E00015,candidate_macro_low,2017-09-12T00:00:00+00:00,2017-09-12T00:00:00+00:00,4040.8,4040.8,0.156161,0.0,420.75071429,,new_low_after_confirmed_macro_high,2017-09-12T23:59:59.999000+00:00,1D
E00016,candidate_macro_low,2017-09-13T00:00:00+00:00,2017-09-13T00:00:00+00:00,3760.0,3760.0,0.2148,0.0,433.17071429,,new_low_after_confirmed_macro_high,2017-09-13T23:59:59.999000+00:00,1D
E00017,candidate_macro_low,2017-09-14T00:00:00+00:00,2017-09-14T00:00:00+00:00,3165.13,3165.13,0.339027,0.0,478.71285714,,new_low_after_confirmed_macro_high,2017-09-14T23:59:59.999000+00:00,1D
E00018,confirmed_macro_low,2017-09-14T00:00:00+00:00,2017-09-14T00:00:00+00:00,3165.13,3165.13,0.339027,0.26156,478.71285714,,log_rebound>=ln(1.20000000)|log_rebound=0.2323486991,2017-09-14T23:59:59.999000+00:00,1D
E00019,confirmed_macro_high,2017-09-14T00:00:00+00:00,2017-09-14T00:00:00+00:00,3993.0,3993.0,0.294515,,536.45071429,,log_drawdown>=ln(1.20000000)|log_drawdown=0.3488703392,2017-09-15T23:59:59.999000+00:00,1D
E00020,candidate_macro_low,2017-09-16T00:00:00+00:00,2017-09-16T00:00:00+00:00,3470.66,3470.66,0.130814,0.0,524.095,,new_low_after_confirmed_macro_high,2017-09-16T23:59:59.999000+00:00,1D
E00021,confirmed_macro_low,2017-09-16T00:00:00+00:00,2017-09-16T00:00:00+00:00,3470.66,3470.66,0.130814,0.224534,383.78214286,,log_rebound>=ln(1.20000000)|log_rebound=0.2025600876,2017-09-27T23:59:59.999000+00:00,1D
E00022,ath_update,2017-10-10T00:00:00+00:00,2017-10-10T00:00:00+00:00,4960.0,4960.0,0.0,,243.34642857,0.0,high_gt_all_previous_high,2017-10-10T23:59:59.999000+00:00,1D
E00023,ath_update,2017-10-12T00:00:00+00:00,2017-10-12T00:00:00+00:00,5439.99,5439.99,0.0,,259.44,0.0,high_gt_all_previous_high,2017-10-12T23:59:59.999000+00:00,1D
E00024,ath_update,2017-10-13T00:00:00+00:00,2017-10-13T00:00:00+00:00,5846.17,5846.17,0.0,,270.47428571,0.0,high_gt_all_previous_high,2017-10-13T23:59:59.999000+00:00,1D
E00025,ath_update,2017-10-14T00:00:00+00:00,2017-10-14T00:00:00+00:00,5900.0,5900.0,0.0,,276.05214286,0.0,high_gt_all_previous_high,2017-10-14T23:59:59.999000+00:00,1D
E00026,ath_update,2017-10-15T00:00:00+00:00,2017-10-15T00:00:00+00:00,5922.3,5922.3,0.0,,301.46714286,0.0,high_gt_all_previous_high,2017-10-15T23:59:59.999000+00:00,1D
E00027,ath_update,2017-10-20T00:00:00+00:00,2017-10-20T00:00:00+00:00,6110.0,6110.0,0.0,,349.23142857,0.0,high_gt_all_previous_high,2017-10-20T23:59:59.999000+00:00,1D
E00028,ath_update,2017-10-21T00:00:00+00:00,2017-10-21T00:00:00+00:00,6171.0,6171.0,0.0,,360.23357143,0.0,high_gt_all_previous_high,2017-10-21T23:59:59.999000+00:00,1D
E00029,ath_update,2017-10-29T00:00:00+00:00,2017-10-29T00:00:00+00:00,6189.88,6189.88,0.0,,368.09714286,0.0,high_gt_all_previous_high,2017-10-29T23:59:59.999000+00:00,1D
E00030,ath_update,2017-10-30T00:00:00+00:00,2017-10-30T00:00:00+00:00,6248.68,6248.68,0.0,,369.16571429,0.0,high_gt_all_previous_high,2017-10-30T23:59:59.999000+00:00,1D
E00031,ath_update,2017-10-31T00:00:00+00:00,2017-10-31T00:00:00+00:00,6498.01,6498.01,0.0,,378.57,0.0,high_gt_all_previous_high,2017-10-31T23:59:59.999000+00:00,1D
E00032,ath_update,2017-11-01T00:00:00+00:00,2017-11-01T00:00:00+00:00,6774.67,6774.67,0.0,,369.89857143,0.0,high_gt_all_previous_high,2017-11-01T23:59:59.999000+00:00,1D
E00033,ath_update,2017-11-02T00:00:00+00:00,2017-11-02T00:00:00+00:00,7300.0,7300.0,0.0,,398.12428571,0.0,high_gt_all_previous_high,2017-11-02T23:59:59.999000+00:00,1D
E00034,ath_update,2017-11-03T00:00:00+00:00,2017-11-03T00:00:00+00:00,7346.34,7346.34,0.0,,391.93428571,0.0,high_gt_all_previous_high,2017-11-03T23:59:59.999000+00:00,1D
E00035,ath_update,2017-11-04T00:00:00+00:00,2017-11-04T00:00:00+00:00,7480.99,7480.99,0.0,,410.43571429,0.0,high_gt_all_previous_high,2017-11-04T23:59:59.999000+00:00,1D
E00036,ath_update,2017-11-05T00:00:00+00:00,2017-11-05T00:00:00+00:00,7590.25,7590.25,0.0,,408.38285714,0.0,high_gt_all_previous_high,2017-11-05T23:59:59.999000+00:00,1D
E00037,ath_update,2017-11-08T00:00:00+00:00,2017-11-08T00:00:00+00:00,7770.02,7770.02,0.0,,448.35142857,0.0,high_gt_all_previous_high,2017-11-08T23:59:59.999000+00:00,1D
E00038,confirmed_macro_high,2017-11-08T00:00:00+00:00,2017-11-08T00:00:00+00:00,7770.02,7770.02,0.194981,,504.14785714,,log_drawdown>=ln(1.20000000)|log_drawdown=0.2168899957,2017-11-10T23:59:59.999000+00:00,1D
E00039,candidate_macro_low,2017-11-11T00:00:00+00:00,2017-11-11T00:00:00+00:00,6100.0,6100.0,0.214931,0.0,538.29,,new_low_after_confirmed_macro_high,2017-11-11T23:59:59.999000+00:00,1D
E00040,candidate_macro_low,2017-11-12T00:00:00+00:00,2017-11-12T00:00:00+00:00,5325.01,5325.01,0.314672,0.0,592.79857143,,new_low_after_confirmed_macro_high,2017-11-12T23:59:59.999000+00:00,1D
E00041,confirmed_macro_low,2017-11-12T00:00:00+00:00,2017-11-12T00:00:00+00:00,5325.01,5325.01,0.314672,0.245068,592.79857143,,log_rebound>=ln(1.20000000)|log_rebound=0.2191902147,2017-11-12T23:59:59.999000+00:00,1D
E00042,ath_update,2017-11-16T00:00:00+00:00,2017-11-16T00:00:00+00:00,7940.0,7940.0,0.0,,684.95285714,0.0,high_gt_all_previous_high,2017-11-16T23:59:59.999000+00:00,1D
E00043,ath_update,2017-11-17T00:00:00+00:00,2017-11-17T00:00:00+00:00,7989.0,7989.0,0.0,,693.14285714,0.0,high_gt_all_previous_high,2017-11-17T23:59:59.999000+00:00,1D
E00044,ath_update,2017-11-19T00:00:00+00:00,2017-11-19T00:00:00+00:00,8123.15,8123.15,0.0,,691.685,0.0,high_gt_all_previous_high,2017-11-19T23:59:59.999000+00:00,1D
E00045,ath_update,2017-11-20T00:00:00+00:00,2017-11-20T00:00:00+00:00,8319.99,8319.99,0.0,,682.47,0.0,high_gt_all_previous_high,2017-11-20T23:59:59.999000+00:00,1D
E00046,ath_update,2017-11-21T00:00:00+00:00,2017-11-21T00:00:00+00:00,8400.0,8400.0,0.0,,704.00642857,0.0,high_gt_all_previous_high,2017-11-21T23:59:59.999000+00:00,1D
E00047,ath_update,2017-11-25T00:00:00+00:00,2017-11-25T00:00:00+00:00,8734.78,8734.78,0.0,,592.32571429,0.0,high_gt_all_previous_high,2017-11-25T23:59:59.999000+00:00,1D
E00048,ath_update,2017-11-26T00:00:00+00:00,2017-11-26T00:00:00+00:00,9350.0,9350.0,0.0,,552.34642857,0.0,high_gt_all_previous_high,2017-11-26T23:59:59.999000+00:00,1D
E00049,ath_update,2017-11-27T00:00:00+00:00,2017-11-27T00:00:00+00:00,9654.28,9654.28,0.0,,519.82928571,0.0,high_gt_all_previous_high,2017-11-27T23:59:59.999000+00:00,1D
E00050,ath_update,2017-11-28T00:00:00+00:00,2017-11-28T00:00:00+00:00,9939.0,9939.0,0.0,,519.44285714,0.0,high_gt_all_previous_high,2017-11-28T23:59:59.999000+00:00,1D
E00051,ath_update,2017-11-29T00:00:00+00:00,2017-11-29T00:00:00+00:00,11300.03,11300.03,0.0,,666.37285714,0.0,high_gt_all_previous_high,2017-11-29T23:59:59.999000+00:00,1D
E00052,confirmed_macro_high,2017-11-29T00:00:00+00:00,2017-11-29T00:00:00+00:00,11300.03,11300.03,0.24602,,666.37285714,,log_drawdown>=ln(1.20000000)|log_drawdown=0.2823890397,2017-11-29T23:59:59.999000+00:00,1D
E00053,candidate_macro_low,2017-11-30T00:00:00+00:00,2017-11-30T00:00:00+00:00,8850.8,8850.8,0.216745,0.0,751.03,,new_low_after_confirmed_macro_high,2017-11-30T23:59:59.999000+00:00,1D
E00054,confirmed_macro_low,2017-11-30T00:00:00+00:00,2017-11-30T00:00:00+00:00,8850.8,8850.8,0.216745,0.231527,751.03,,log_rebound>=ln(1.20000000)|log_rebound=0.2082549388,2017-11-30T23:59:59.999000+00:00,1D
E00055,ath_update,2017-12-03T00:00:00+00:00,2017-12-03T00:00:00+00:00,11825.0,11825.0,0.0,,894.18642857,0.0,high_gt_all_previous_high,2017-12-03T23:59:59.999000+00:00,1D
E00056,ath_update,2017-12-05T00:00:00+00:00,2017-12-05T00:00:00+00:00,11853.0,11853.0,0.0,,911.21,0.0,high_gt_all_previous_high,2017-12-05T23:59:59.999000+00:00,1D
E00057,ath_update,2017-12-06T00:00:00+00:00,2017-12-06T00:00:00+00:00,13615.23,13615.23,0.0,,1033.92857143,0.0,high_gt_all_previous_high,2017-12-06T23:59:59.999000+00:00,1D
E00058,ath_update,2017-12-07T00:00:00+00:00,2017-12-07T00:00:00+00:00,16649.96,16649.96,0.0,,1272.49714286,0.0,high_gt_all_previous_high,2017-12-07T23:59:59.999000+00:00,1D
E00059,confirmed_macro_high,2017-12-07T00:00:00+00:00,2017-12-07T00:00:00+00:00,16649.96,16649.96,0.216214,,1272.49714286,,log_drawdown>=ln(1.20000000)|log_drawdown=0.2436196803,2017-12-07T23:59:59.999000+00:00,1D
E00060,ath_update,2017-12-08T00:00:00+00:00,2017-12-08T00:00:00+00:00,17204.99,17204.99,0.0,,1463.28214286,0.0,high_gt_all_previous_high,2017-12-08T23:59:59.999000+00:00,1D
E00061,candidate_macro_low,2017-12-08T00:00:00+00:00,2017-12-08T00:00:00+00:00,14015.0,14015.0,0.158256,0.0,1463.28214286,,new_low_after_confirmed_macro_high,2017-12-08T23:59:59.999000+00:00,1D
E00062,confirmed_macro_low,2017-12-08T00:00:00+00:00,2017-12-08T00:00:00+00:00,14015.0,14015.0,0.158256,0.227613,1463.28214286,,log_rebound>=ln(1.20000000)|log_rebound=0.2050712734,2017-12-08T23:59:59.999000+00:00,1D
E00063,confirmed_macro_high,2017-12-08T00:00:00+00:00,2017-12-08T00:00:00+00:00,17204.99,17204.99,0.271432,,1683.96214286,,log_drawdown>=ln(1.20000000)|log_drawdown=0.3166747264,2017-12-09T23:59:59.999000+00:00,1D
E00064,candidate_macro_low,2017-12-10T00:00:00+00:00,2017-12-10T00:00:00+00:00,12368.0,12368.0,0.281139,0.0,1870.165,,new_low_after_confirmed_macro_high,2017-12-10T23:59:59.999000+00:00,1D
E00065,confirmed_macro_low,2017-12-10T00:00:00+00:00,2017-12-10T00:00:00+00:00,12368.0,12368.0,0.281139,0.271032,1870.165,,log_rebound>=ln(1.20000000)|log_rebound=0.2398289287,2017-12-10T23:59:59.999000+00:00,1D
E00066,ath_update,2017-12-11T00:00:00+00:00,2017-12-11T00:00:00+00:00,17470.0,17470.0,0.0,,2015.00642857,0.0,high_gt_all_previous_high,2017-12-11T23:59:59.999000+00:00,1D
E00067,ath_update,2017-12-15T00:00:00+00:00,2017-12-15T00:00:00+00:00,17991.0,17991.0,0.0,,1940.2,0.0,high_gt_all_previous_high,2017-12-15T23:59:59.999000+00:00,1D
E00068,ath_update,2017-12-16T00:00:00+00:00,2017-12-16T00:00:00+00:00,19539.0,19539.0,0.0,,2067.27071429,0.0,high_gt_all_previous_high,2017-12-16T23:59:59.999000+00:00,1D
E00069,ath_update,2017-12-17T00:00:00+00:00,2017-12-17T00:00:00+00:00,19798.68,19798.68,0.0,,2064.67642857,0.0,high_gt_all_previous_high,2017-12-17T23:59:59.999000+00:00,1D
E00070,confirmed_macro_high,2017-12-17T00:00:00+00:00,2017-12-17T00:00:00+00:00,19798.68,19798.68,0.176713,,2330.155,,log_drawdown>=ln(1.20000000)|log_drawdown=0.1944501610,2017-12-19T23:59:59.999000+00:00,1D
E00071,candidate_macro_low,2017-12-20T00:00:00+00:00,2017-12-20T00:00:00+00:00,14777.66,14777.66,0.253604,0.0,2401.08642857,,new_low_after_confirmed_macro_high,2017-12-20T23:59:59.999000+00:00,1D
E00072,candidate_macro_low,2017-12-21T00:00:00+00:00,2017-12-21T00:00:00+00:00,14022.0,14022.0,0.291771,0.0,2378.76785714,,new_low_after_confirmed_macro_high,2017-12-21T23:59:59.999000+00:00,1D
E00073,confirmed_macro_low,2017-12-21T00:00:00+00:00,2017-12-21T00:00:00+00:00,14022.0,14022.0,0.291771,0.234453,2378.76785714,,log_rebound>=ln(1.20000000)|log_rebound=0.2106279589,2017-12-21T23:59:59.999000+00:00,1D
E00074,confirmed_macro_high,2017-12-21T00:00:00+00:00,2017-12-21T00:00:00+00:00,17309.5,17309.5,0.366764,,2489.36428571,,log_drawdown>=ln(1.20000000)|log_drawdown=0.4569119655,2017-12-22T23:59:59.999000+00:00,1D
E00075,candidate_macro_low,2017-12-23T00:00:00+00:00,2017-12-23T00:00:00+00:00,12978.18,12978.18,0.250228,0.0,2363.47285714,,new_low_after_confirmed_macro_high,2017-12-23T23:59:59.999000+00:00,1D
E00076,candidate_macro_low,2017-12-24T00:00:00+00:00,2017-12-24T00:00:00+00:00,11640.0,11640.0,0.327537,0.0,2279.74928571,,new_low_after_confirmed_macro_high,2017-12-24T23:59:59.999000+00:00,1D
E00077,confirmed_macro_low,2017-12-24T00:00:00+00:00,2017-12-24T00:00:00+00:00,11640.0,11640.0,0.327537,0.228522,2209.89071429,,log_rebound>=ln(1.20000000)|log_rebound=0.2058120950,2017-12-25T23:59:59.999000+00:00,1D
E00078,confirmed_macro_high,2017-12-27T00:00:00+00:00,2017-12-27T00:00:00+00:00,16498.05,16498.05,0.202936,,2440.53357143,,log_drawdown>=ln(1.20000000)|log_drawdown=0.2268204335,2017-12-28T23:59:59.999000+00:00,1D
E00079,candidate_macro_low,2017-12-29T00:00:00+00:00,2017-12-29T00:00:00+00:00,13850.0,13850.0,0.160507,0.0,2400.42285714,,new_low_after_confirmed_macro_high,2017-12-29T23:59:59.999000+00:00,1D
E00080,candidate_macro_low,2017-12-30T00:00:00+00:00,2017-12-30T00:00:00+00:00,11750.0,11750.0,0.287795,0.0,2421.84142857,,new_low_after_confirmed_macro_high,2017-12-30T23:59:59.999000+00:00,1D
E00081,confirmed_macro_low,2017-12-30T00:00:00+00:00,2017-12-30T00:00:00+00:00,11750.0,11750.0,0.287795,0.225434,2421.84142857,,log_rebound>=ln(1.20000000)|log_rebound=0.2032951017,2017-12-30T23:59:59.999000+00:00,1D
E00082,confirmed_macro_high,2018-01-02T00:00:00+00:00,2018-01-02T00:00:00+00:00,15473.49,15473.49,0.166961,,2374.945,,log_drawdown>=ln(1.20000000)|log_drawdown=0.1826748685,2018-01-02T23:59:59.999000+00:00,1D
E00083,candidate_macro_low,2018-01-03T00:00:00+00:00,2018-01-03T00:00:00+00:00,14150.0,14150.0,0.085533,0.0,2247.43571429,,new_low_after_confirmed_macro_high,2018-01-03T23:59:59.999000+00:00,1D
E00084,candidate_macro_low,2018-01-04T00:00:00+00:00,2018-01-04T00:00:00+00:00,13918.04,13918.04,0.100524,0.0,2109.89714286,,new_low_after_confirmed_macro_high,2018-01-04T23:59:59.999000+00:00,1D
E00085,confirmed_macro_low,2018-01-04T00:00:00+00:00,2018-01-04T00:00:00+00:00,13918.04,13918.04,0.100524,0.234099,1955.46142857,,log_rebound>=ln(1.20000000)|log_rebound=0.2103411931,2018-01-05T23:59:59.999000+00:00,1D
E00086,confirmed_macro_high,2018-01-05T00:00:00+00:00,2018-01-05T00:00:00+00:00,17176.24,17176.24,0.254086,,1983.20214286,,log_drawdown>=ln(1.20000000)|log_drawdown=0.2931448017,2018-01-08T23:59:59.999000+00:00,1D
E00087,candidate_macro_low,2018-01-09T00:00:00+00:00,2018-01-09T00:00:00+00:00,14011.05,14011.05,0.184277,0.0,1909.77,,new_low_after_confirmed_macro_high,2018-01-09T23:59:59.999000+00:00,1D
E00088,candidate_macro_low,2018-01-10T00:00:00+00:00,2018-01-10T00:00:00+00:00,13131.31,13131.31,0.235496,0.0,1875.945,,new_low_after_confirmed_macro_high,2018-01-10T23:59:59.999000+00:00,1D
E00089,candidate_macro_low,2018-01-11T00:00:00+00:00,2018-01-11T00:00:00+00:00,11400.0,11400.0,0.336292,0.0,1960.13714286,,new_low_after_confirmed_macro_high,2018-01-11T23:59:59.999000+00:00,1D
E00090,confirmed_macro_low,2018-01-11T00:00:00+00:00,2018-01-11T00:00:00+00:00,11400.0,11400.0,0.336292,0.313042,1960.13714286,,log_rebound>=ln(1.20000000)|log_rebound=0.2723466628,2018-01-11T23:59:59.999000+00:00,1D
E00091,confirmed_macro_high,2018-01-11T00:00:00+00:00,2018-01-11T00:00:00+00:00,14968.68,14968.68,0.396406,,1998.14142857,,log_drawdown>=ln(1.20000000)|log_drawdown=0.5048540941,2018-01-16T23:59:59.999000+00:00,1D
E00092,candidate_macro_low,2018-01-17T00:00:00+00:00,2018-01-17T00:00:00+00:00,9037.94,9037.94,0.39621,0.0,2104.24785714,,new_low_after_confirmed_macro_high,2018-01-17T23:59:59.999000+00:00,1D
E00093,confirmed_macro_low,2018-01-17T00:00:00+00:00,2018-01-17T00:00:00+00:00,9037.94,9037.94,0.39621,0.292439,2104.24785714,,log_rebound>=ln(1.20000000)|log_rebound=0.2565314618,2018-01-17T23:59:59.999000+00:00,1D
E00094,confirmed_macro_high,2018-01-20T00:00:00+00:00,2018-01-20T00:00:00+00:00,13099.0,13099.0,0.244199,,1986.79857143,,log_drawdown>=ln(1.20000000)|log_drawdown=0.2799768921,2018-01-22T23:59:59.999000+00:00,1D
E00095,candidate_macro_low,2018-01-23T00:00:00+00:00,2018-01-23T00:00:00+00:00,9905.0,9905.0,0.243835,0.0,1987.15928571,,new_low_after_confirmed_macro_high,2018-01-23T23:59:59.999000+00:00,1D
E00096,confirmed_macro_low,2018-01-23T00:00:00+00:00,2018-01-23T00:00:00+00:00,9905.0,9905.0,0.243835,0.236143,1647.33928571,,log_rebound>=ln(1.20000000)|log_rebound=0.2119963409,2018-01-28T23:59:59.999000+00:00,1D
E00097,confirmed_macro_high,2018-01-28T00:00:00+00:00,2018-01-28T00:00:00+00:00,12244.0,12244.0,0.191441,,1406.89357143,,log_drawdown>=ln(1.20000000)|log_drawdown=0.2125012639,2018-01-30T23:59:59.999000+00:00,1D
E00098,candidate_macro_low,2018-01-31T00:00:00+00:00,2018-01-31T00:00:00+00:00,9700.0,9700.0,0.207775,0.0,1269.95071429,,new_low_after_confirmed_macro_high,2018-01-31T23:59:59.999000+00:00,1D
E00099,candidate_macro_low,2018-02-01T00:00:00+00:00,2018-02-01T00:00:00+00:00,8750.99,8750.99,0.285283,0.0,1279.98785714,,new_low_after_confirmed_macro_high,2018-02-01T23:59:59.999000+00:00,1D
E00100,candidate_macro_low,2018-02-02T00:00:00+00:00,2018-02-02T00:00:00+00:00,8010.02,8010.02,0.3458,0.0,1266.05785714,,new_low_after_confirmed_macro_high,2018-02-02T23:59:59.999000+00:00,1D
E00101,candidate_macro_low,2018-02-04T00:00:00+00:00,2018-02-04T00:00:00+00:00,7930.0,7930.0,0.352336,0.0,1206.095,,new_low_after_confirmed_macro_high,2018-02-04T23:59:59.999000+00:00,1D
E00102,candidate_macro_low,2018-02-05T00:00:00+00:00,2018-02-05T00:00:00+00:00,6625.0,6625.0,0.458919,0.0,1186.93,,new_low_after_confirmed_macro_high,2018-02-05T23:59:59.999000+00:00,1D
E00103,confirmed_macro_low,2018-02-05T00:00:00+00:00,2018-02-05T00:00:00+00:00,6625.0,6625.0,0.458919,0.265328,1186.93,,log_rebound>=ln(1.20000000)|log_rebound=0.2353316157,2018-02-05T23:59:59.999000+00:00,1D
E00104,confirmed_macro_high,2018-02-05T00:00:00+00:00,2018-02-05T00:00:00+00:00,8382.8,8382.8,0.284248,,1214.35785714,,log_drawdown>=ln(1.20000000)|log_drawdown=0.3344208517,2018-02-06T23:59:59.999000+00:00,1D
E00105,candidate_macro_low,2018-02-07T00:00:00+00:00,2018-02-07T00:00:00+00:00,7150.01,7150.01,0.147062,0.0,1232.60857143,,new_low_after_confirmed_macro_high,2018-02-07T23:59:59.999000+00:00,1D
E00106,confirmed_macro_low,2018-02-07T00:00:00+00:00,2018-02-07T00:00:00+00:00,7150.01,7150.01,0.147062,0.222096,1164.76571429,,log_rebound>=ln(1.20000000)|log_rebound=0.2005675752,2018-02-09T23:59:59.999000+00:00,1D
E00107,confirmed_macro_high,2018-02-20T00:00:00+00:00,2018-02-20T00:00:00+00:00,11786.01,11786.01,0.178772,,930.845,,log_drawdown>=ln(1.20000000)|log_drawdown=0.1969546447,2018-02-22T23:59:59.999000+00:00,1D
E00108,candidate_macro_low,2018-02-23T00:00:00+00:00,2018-02-23T00:00:00+00:00,9570.19,9570.19,0.188004,0.0,924.47571429,,new_low_after_confirmed_macro_high,2018-02-23T23:59:59.999000+00:00,1D
E00109,candidate_macro_low,2018-02-24T00:00:00+00:00,2018-02-24T00:00:00+00:00,9352.0,9352.0,0.206517,0.0,938.70357143,,new_low_after_confirmed_macro_high,2018-02-24T23:59:59.999000+00:00,1D
E00110,candidate_macro_low,2018-02-25T00:00:00+00:00,2018-02-25T00:00:00+00:00,9274.8,9274.8,0.213067,0.0,920.82714286,,new_low_after_confirmed_macro_high,2018-02-25T23:59:59.999000+00:00,1D
E00111,confirmed_macro_low,2018-02-25T00:00:00+00:00,2018-02-25T00:00:00+00:00,9274.8,9274.8,0.213067,0.207573,908.31,,log_rebound>=ln(1.20000000)|log_rebound=0.1886127334,2018-03-02T23:59:59.999000+00:00,1D
E00112,confirmed_macro_high,2018-03-05T00:00:00+00:00,2018-03-05T00:00:00+00:00,11710.0,11710.0,0.19818,,819.73714286,,log_drawdown>=ln(1.20000000)|log_drawdown=0.2208713695,2018-03-07T23:59:59.999000+00:00,1D
E00113,candidate_macro_low,2018-03-08T00:00:00+00:00,2018-03-08T00:00:00+00:00,9060.0,9060.0,0.226302,0.0,804.34857143,,new_low_after_confirmed_macro_high,2018-03-08T23:59:59.999000+00:00,1D
E00114,candidate_macro_low,2018-03-09T00:00:00+00:00,2018-03-09T00:00:00+00:00,8329.0,8329.0,0.288728,0.0,819.79071429,,new_low_after_confirmed_macro_high,2018-03-09T23:59:59.999000+00:00,1D
E00115,candidate_macro_low,2018-03-14T00:00:00+00:00,2018-03-14T00:00:00+00:00,7900.28,7900.28,0.325339,0.0,887.49214286,,new_low_after_confirmed_macro_high,2018-03-14T23:59:59.999000+00:00,1D
E00116,candidate_macro_low,2018-03-15T00:00:00+00:00,2018-03-15T00:00:00+00:00,7650.0,7650.0,0.346712,0.0,884.60571429,,new_low_after_confirmed_macro_high,2018-03-15T23:59:59.999000+00:00,1D
E00117,candidate_macro_low,2018-03-18T00:00:00+00:00,2018-03-18T00:00:00+00:00,7322.0,7322.0,0.374722,0.0,946.01285714,,new_low_after_confirmed_macro_high,2018-03-18T23:59:59.999000+00:00,1D
E00118,confirmed_macro_low,2018-03-18T00:00:00+00:00,2018-03-18T00:00:00+00:00,7322.0,7322.0,0.374722,0.236001,959.75,,log_rebound>=ln(1.20000000)|log_rebound=0.2118812430,2018-03-20T23:59:59.999000+00:00,1D
E00119,confirmed_macro_high,2018-03-21T00:00:00+00:00,2018-03-21T00:00:00+00:00,9177.01,9177.01,0.243641,,629.96857143,,log_drawdown>=ln(1.20000000)|log_drawdown=0.2792397394,2018-03-29T23:59:59.999000+00:00,1D
E00120,candidate_macro_low,2018-03-30T00:00:00+00:00,2018-03-30T00:00:00+00:00,6600.1,6600.1,0.280801,0.0,628.58928571,,new_low_after_confirmed_macro_high,2018-03-30T23:59:59.999000+00:00,1D
E00121,candidate_macro_low,2018-04-01T00:00:00+00:00,2018-04-01T00:00:00+00:00,6430.0,6430.0,0.299336,0.0,588.89714286,,new_low_after_confirmed_macro_high,2018-04-01T23:59:59.999000+00:00,1D
E00122,confirmed_macro_low,2018-04-01T00:00:00+00:00,2018-04-01T00:00:00+00:00,6430.0,6430.0,0.299336,0.24607,501.88357143,,log_rebound>=ln(1.20000000)|log_rebound=0.2199945861,2018-04-12T23:59:59.999000+00:00,1D
E00123,confirmed_macro_high,2018-05-05T00:00:00+00:00,2018-05-05T00:00:00+00:00,10020.0,10020.0,0.167565,,454.97928571,,log_drawdown>=ln(1.20000000)|log_drawdown=0.1833999824,2018-05-11T23:59:59.999000+00:00,1D
E00124,candidate_macro_low,2018-05-12T00:00:00+00:00,2018-05-12T00:00:00+00:00,8153.0,8153.0,0.186327,0.0,450.43642857,,new_low_after_confirmed_macro_high,2018-05-12T23:59:59.999000+00:00,1D
E00125,candidate_macro_low,2018-05-16T00:00:00+00:00,2018-05-16T00:00:00+00:00,8083.01,8083.01,0.193312,0.0,482.24428571,,new_low_after_confirmed_macro_high,2018-05-16T23:59:59.999000+00:00,1D
E00126,candidate_macro_low,2018-05-17T00:00:00+00:00,2018-05-17T00:00:00+00:00,7979.0,7979.0,0.203693,0.0,468.63,,new_low_after_confirmed_macro_high,2018-05-17T23:59:59.999000+00:00,1D
E00127,candidate_macro_low,2018-05-18T00:00:00+00:00,2018-05-18T00:00:00+00:00,7911.9,7911.9,0.210389,0.0,472.35285714,,new_low_after_confirmed_macro_high,2018-05-18T23:59:59.999000+00:00,1D
E00128,candidate_macro_low,2018-05-23T00:00:00+00:00,2018-05-23T00:00:00+00:00,7425.0,7425.0,0.258982,0.0,462.54214286,,new_low_after_confirmed_macro_high,2018-05-23T23:59:59.999000+00:00,1D
E00129,candidate_macro_low,2018-05-24T00:00:00+00:00,2018-05-24T00:00:00+00:00,7266.99,7266.99,0.274751,0.0,465.30071429,,new_low_after_confirmed_macro_high,2018-05-24T23:59:59.999000+00:00,1D
E00130,candidate_macro_low,2018-05-27T00:00:00+00:00,2018-05-27T00:00:00+00:00,7231.11,7231.11,0.278332,0.0,407.81857143,,new_low_after_confirmed_macro_high,2018-05-27T23:59:59.999000+00:00,1D
E00131,candidate_macro_low,2018-05-28T00:00:00+00:00,2018-05-28T00:00:00+00:00,7058.02,7058.02,0.295607,0.0,391.81785714,,new_low_after_confirmed_macro_high,2018-05-28T23:59:59.999000+00:00,1D
E00132,candidate_macro_low,2018-05-29T00:00:00+00:00,2018-05-29T00:00:00+00:00,7032.95,7032.95,0.298109,0.0,395.27214286,,new_low_after_confirmed_macro_high,2018-05-29T23:59:59.999000+00:00,1D
E00133,candidate_macro_low,2018-06-10T00:00:00+00:00,2018-06-10T00:00:00+00:00,6622.81,6622.81,0.339041,0.0,325.27928571,,new_low_after_confirmed_macro_high,2018-06-10T23:59:59.999000+00:00,1D
E00134,candidate_macro_low,2018-06-11T00:00:00+00:00,2018-06-11T00:00:00+00:00,6610.0,6610.0,0.340319,0.0,320.495,,new_low_after_confirmed_macro_high,2018-06-11T23:59:59.999000+00:00,1D
E00135,candidate_macro_low,2018-06-12T00:00:00+00:00,2018-06-12T00:00:00+00:00,6435.0,6435.0,0.357784,0.0,316.81357143,,new_low_after_confirmed_macro_high,2018-06-12T23:59:59.999000+00:00,1D
E00136,candidate_macro_low,2018-06-13T00:00:00+00:00,2018-06-13T00:00:00+00:00,6118.68,6118.68,0.389353,0.0,331.12928571,,new_low_after_confirmed_macro_high,2018-06-13T23:59:59.999000+00:00,1D
E00137,candidate_macro_low,2018-06-22T00:00:00+00:00,2018-06-22T00:00:00+00:00,5918.94,5918.94,0.409287,0.0,382.56071429,,new_low_after_confirmed_macro_high,2018-06-22T23:59:59.999000+00:00,1D
E00138,candidate_macro_low,2018-06-24T00:00:00+00:00,2018-06-24T00:00:00+00:00,5750.0,5750.0,0.426148,0.0,358.16214286,,new_low_after_confirmed_macro_high,2018-06-24T23:59:59.999000+00:00,1D
E00139,confirmed_macro_low,2018-06-24T00:00:00+00:00,2018-06-24T00:00:00+00:00,5750.0,5750.0,0.426148,0.298955,292.38714286,,log_rebound>=ln(1.20000000)|log_rebound=0.2615599277,2018-07-17T23:59:59.999000+00:00,1D
E00140,confirmed_macro_high,2018-07-25T00:00:00+00:00,2018-07-25T00:00:00+00:00,8491.77,8491.77,0.184387,,399.67571429,,log_drawdown>=ln(1.20000000)|log_drawdown=0.2038150132,2018-08-04T23:59:59.999000+00:00,1D
E00141,candidate_macro_low,2018-08-05T00:00:00+00:00,2018-08-05T00:00:00+00:00,6882.29,6882.29,0.189534,0.0,396.86714286,,new_low_after_confirmed_macro_high,2018-08-05T23:59:59.999000+00:00,1D
E00142,candidate_macro_low,2018-08-06T00:00:00+00:00,2018-08-06T00:00:00+00:00,6821.0,6821.0,0.196752,0.0,388.36714286,,new_low_after_confirmed_macro_high,2018-08-06T23:59:59.999000+00:00,1D
E00143,candidate_macro_low,2018-08-07T00:00:00+00:00,2018-08-07T00:00:00+00:00,6670.0,6670.0,0.214534,0.0,366.25714286,,new_low_after_confirmed_macro_high,2018-08-07T23:59:59.999000+00:00,1D
E00144,candidate_macro_low,2018-08-08T00:00:00+00:00,2018-08-08T00:00:00+00:00,6123.0,6123.0,0.278949,0.0,377.455,,new_low_after_confirmed_macro_high,2018-08-08T23:59:59.999000+00:00,1D
E00145,candidate_macro_low,2018-08-10T00:00:00+00:00,2018-08-10T00:00:00+00:00,6026.39,6026.39,0.290326,0.0,380.88857143,,new_low_after_confirmed_macro_high,2018-08-10T23:59:59.999000+00:00,1D
E00146,candidate_macro_low,2018-08-11T00:00:00+00:00,2018-08-11T00:00:00+00:00,5971.0,5971.0,0.296849,0.0,404.99285714,,new_low_after_confirmed_macro_high,2018-08-11T23:59:59.999000+00:00,1D
E00147,candidate_macro_low,2018-08-14T00:00:00+00:00,2018-08-14T00:00:00+00:00,5880.0,5880.0,0.307565,0.0,403.49857143,,new_low_after_confirmed_macro_high,2018-08-14T23:59:59.999000+00:00,1D
E00148,confirmed_macro_low,2018-08-14T00:00:00+00:00,2018-08-14T00:00:00+00:00,5880.0,5880.0,0.307565,0.213435,301.71642857,,log_rebound>=ln(1.20000000)|log_rebound=0.1934554890,2018-08-28T23:59:59.999000+00:00,1D
E00149,confirmed_macro_high,2018-09-04T00:00:00+00:00,2018-09-04T00:00:00+00:00,7410.0,7410.0,0.175304,,289.86142857,,log_drawdown>=ln(1.20000000)|log_drawdown=0.1927400134,2018-09-08T23:59:59.999000+00:00,1D
E00150,candidate_macro_low,2018-09-09T00:00:00+00:00,2018-09-09T00:00:00+00:00,6141.53,6141.53,0.171184,0.0,296.44714286,,new_low_after_confirmed_macro_high,2018-09-09T23:59:59.999000+00:00,1D
E00151,candidate_macro_low,2018-09-19T00:00:00+00:00,2018-09-19T00:00:00+00:00,6123.0,6123.0,0.173684,0.0,246.34785714,,new_low_after_confirmed_macro_high,2018-09-19T23:59:59.999000+00:00,1D
E00152,confirmed_macro_low,2018-09-19T00:00:00+00:00,2018-09-19T00:00:00+00:00,6123.0,6123.0,0.173684,0.254287,230.09285714,,log_rebound>=ln(1.20000000)|log_rebound=0.2265673747,2018-10-15T23:59:59.999000+00:00,1D
E00153,confirmed_macro_high,2018-10-15T00:00:00+00:00,2018-10-15T00:00:00+00:00,7680.0,7680.0,0.177734,,120.34071429,,log_drawdown>=ln(1.20000000)|log_drawdown=0.1956917914,2018-10-29T23:59:59.999000+00:00,1D
E00154,candidate_macro_low,2018-10-30T00:00:00+00:00,2018-10-30T00:00:00+00:00,6317.01,6317.01,0.177473,0.0,109.48285714,,new_low_after_confirmed_macro_high,2018-10-30T23:59:59.999000+00:00,1D
E00155,candidate_macro_low,2018-10-31T00:00:00+00:00,2018-10-31T00:00:00+00:00,6245.02,6245.02,0.186846,0.0,112.90214286,,new_low_after_confirmed_macro_high,2018-10-31T23:59:59.999000+00:00,1D
E00156,candidate_macro_low,2018-11-14T00:00:00+00:00,2018-11-14T00:00:00+00:00,5656.87,5656.87,0.263428,0.0,151.39714286,,new_low_after_confirmed_macro_high,2018-11-14T23:59:59.999000+00:00,1D
E00157,candidate_macro_low,2018-11-15T00:00:00+00:00,2018-11-15T00:00:00+00:00,5403.42,5403.42,0.29643,0.0,182.97785714,,new_low_after_confirmed_macro_high,2018-11-15T23:59:59.999000+00:00,1D
E00158,candidate_macro_low,2018-11-19T00:00:00+00:00,2018-11-19T00:00:00+00:00,4855.0,4855.0,0.367839,0.0,243.585,,new_low_after_confirmed_macro_high,2018-11-19T23:59:59.999000+00:00,1D
E00159,candidate_macro_low,2018-11-20T00:00:00+00:00,2018-11-20T00:00:00+00:00,4326.0,4326.0,0.436719,0.0,289.02142857,,new_low_after_confirmed_macro_high,2018-11-20T23:59:59.999000+00:00,1D
E00160,candidate_macro_low,2018-11-23T00:00:00+00:00,2018-11-23T00:00:00+00:00,4222.94,4222.94,0.450138,0.0,336.78785714,,new_low_after_confirmed_macro_high,2018-11-23T23:59:59.999000+00:00,1D
E00161,candidate_macro_low,2018-11-24T00:00:00+00:00,2018-11-24T00:00:00+00:00,3824.69,3824.69,0.501993,0.0,382.34214286,,new_low_after_confirmed_macro_high,2018-11-24T23:59:59.999000+00:00,1D
E00162,candidate_macro_low,2018-11-25T00:00:00+00:00,2018-11-25T00:00:00+00:00,3652.66,3652.66,0.524393,0.0,416.14214286,,new_low_after_confirmed_macro_high,2018-11-25T23:59:59.999000+00:00,1D
E00163,confirmed_macro_low,2018-11-25T00:00:00+00:00,2018-11-25T00:00:00+00:00,3652.66,3652.66,0.524393,0.203088,435.23214286,,log_rebound>=ln(1.20000000)|log_rebound=0.1848912630,2018-11-28T23:59:59.999000+00:00,1D
E00164,confirmed_macro_high,2018-11-29T00:00:00+00:00,2018-11-29T00:00:00+00:00,4450.38,4450.38,0.21355,,383.62857143,,log_drawdown>=ln(1.20000000)|log_drawdown=0.2402265173,2018-12-06T23:59:59.999000+00:00,1D
E00165,candidate_macro_low,2018-12-07T00:00:00+00:00,2018-12-07T00:00:00+00:00,3224.6,3224.6,0.275433,0.0,388.22357143,,new_low_after_confirmed_macro_high,2018-12-07T23:59:59.999000+00:00,1D
E00166,candidate_macro_low,2018-12-08T00:00:00+00:00,2018-12-08T00:00:00+00:00,3222.0,3222.0,0.276017,0.0,357.55857143,,new_low_after_confirmed_macro_high,2018-12-08T23:59:59.999000+00:00,1D
E00167,candidate_macro_low,2018-12-14T00:00:00+00:00,2018-12-14T00:00:00+00:00,3177.0,3177.0,0.286128,0.0,256.48071429,,new_low_after_confirmed_macro_high,2018-12-14T23:59:59.999000+00:00,1D
E00168,candidate_macro_low,2018-12-15T00:00:00+00:00,2018-12-15T00:00:00+00:00,3156.26,3156.26,0.290789,0.0,240.99928571,,new_low_after_confirmed_macro_high,2018-12-15T23:59:59.999000+00:00,1D
E00169,confirmed_macro_low,2018-12-15T00:00:00+00:00,2018-12-15T00:00:00+00:00,3156.26,3156.26,0.290789,0.239673,236.02428571,,log_rebound>=ln(1.20000000)|log_rebound=0.2148475577,2018-12-19T23:59:59.999000+00:00,1D
E00170,confirmed_macro_high,2018-12-24T00:00:00+00:00,2018-12-24T00:00:00+00:00,4198.0,4198.0,0.174607,,183.32714286,,log_drawdown>=ln(1.20000000)|log_drawdown=0.1918955888,2019-01-11T23:59:59.999000+00:00,1D
E00171,candidate_macro_low,2019-01-12T00:00:00+00:00,2019-01-12T00:00:00+00:00,3530.0,3530.0,0.159123,0.0,173.76928571,,new_low_after_confirmed_macro_high,2019-01-12T23:59:59.999000+00:00,1D
E00172,candidate_macro_low,2019-01-13T00:00:00+00:00,2019-01-13T00:00:00+00:00,3441.3,3441.3,0.180253,0.0,168.355,,new_low_after_confirmed_macro_high,2019-01-13T23:59:59.999000+00:00,1D
E00173,candidate_macro_low,2019-01-22T00:00:00+00:00,2019-01-22T00:00:00+00:00,3434.85,3434.85,0.181789,0.0,155.90214286,,new_low_after_confirmed_macro_high,2019-01-22T23:59:59.999000+00:00,1D
E00174,candidate_macro_low,2019-01-28T00:00:00+00:00,2019-01-28T00:00:00+00:00,3380.27,3380.27,0.19479,0.0,114.30928571,,new_low_after_confirmed_macro_high,2019-01-28T23:59:59.999000+00:00,1D
E00175,candidate_macro_low,2019-01-29T00:00:00+00:00,2019-01-29T00:00:00+00:00,3349.92,3349.92,0.20202,0.0,111.57571429,,new_low_after_confirmed_macro_high,2019-01-29T23:59:59.999000+00:00,1D
E00176,confirmed_macro_low,2019-01-29T00:00:00+00:00,2019-01-29T00:00:00+00:00,3349.92,3349.92,0.20202,0.242424,108.76357143,,log_rebound>=ln(1.20000000)|log_rebound=0.2170640684,2019-02-23T23:59:59.999000+00:00,1D
E00177,confirmed_macro_high,2019-05-14T00:00:00+00:00,2019-05-14T00:00:00+00:00,8366.0,8366.0,0.173679,,533.47285714,,log_drawdown>=ln(1.20000000)|log_drawdown=0.1907721761,2019-05-17T23:59:59.999000+00:00,1D
E00178,candidate_macro_low,2019-05-18T00:00:00+00:00,2019-05-18T00:00:00+00:00,7156.61,7156.61,0.14456,0.0,532.67571429,,new_low_after_confirmed_macro_high,2019-05-18T23:59:59.999000+00:00,1D
E00179,confirmed_macro_low,2019-05-18T00:00:00+00:00,2019-05-18T00:00:00+00:00,7156.61,7156.61,0.14456,0.221249,622.515,,log_rebound>=ln(1.20000000)|log_rebound=0.1998737845,2019-05-26T23:59:59.999000+00:00,1D
E00180,confirmed_macro_high,2019-05-30T00:00:00+00:00,2019-05-30T00:00:00+00:00,9074.26,9074.26,0.175578,,487.12357143,,log_drawdown>=ln(1.20000000)|log_drawdown=0.1930726878,2019-06-04T23:59:59.999000+00:00,1D
E00181,candidate_macro_low,2019-06-05T00:00:00+00:00,2019-06-05T00:00:00+00:00,7572.78,7572.78,0.165466,0.0,470.90357143,,new_low_after_confirmed_macro_high,2019-06-05T23:59:59.999000+00:00,1D
E00182,candidate_macro_low,2019-06-06T00:00:00+00:00,2019-06-06T00:00:00+00:00,7444.58,7444.58,0.179594,0.0,466.87285714,,new_low_after_confirmed_macro_high,2019-06-06T23:59:59.999000+00:00,1D
E00183,confirmed_macro_low,2019-06-06T00:00:00+00:00,2019-06-06T00:00:00+00:00,7444.58,7444.58,0.179594,0.253664,438.21,,log_rebound>=ln(1.20000000)|log_rebound=0.2260702557,2019-06-16T23:59:59.999000+00:00,1D
E00184,confirmed_macro_high,2019-06-26T00:00:00+00:00,2019-06-26T00:00:00+00:00,13970.0,13970.0,0.246593,,879.42785714,,log_drawdown>=ln(1.20000000)|log_drawdown=0.2831492926,2019-06-27T23:59:59.999000+00:00,1D
E00185,candidate_macro_low,2019-06-28T00:00:00+00:00,2019-06-28T00:00:00+00:00,10982.88,10982.88,0.213824,0.0,947.78714286,,new_low_after_confirmed_macro_high,2019-06-28T23:59:59.999000+00:00,1D
E00186,candidate_macro_low,2019-06-30T00:00:00+00:00,2019-06-30T00:00:00+00:00,10766.03,10766.03,0.229346,0.0,1055.65357143,,new_low_after_confirmed_macro_high,2019-06-30T23:59:59.999000+00:00,1D
E00187,candidate_macro_low,2019-07-01T00:00:00+00:00,2019-07-01T00:00:00+00:00,10030.0,10030.0,0.282033,0.0,1109.81642857,,new_low_after_confirmed_macro_high,2019-07-01T23:59:59.999000+00:00,1D
E00188,candidate_macro_low,2019-07-02T00:00:00+00:00,2019-07-02T00:00:00+00:00,9727.0,9727.0,0.303722,0.0,1168.77285714,,new_low_after_confirmed_macro_high,2019-07-02T23:59:59.999000+00:00,1D
E00189,confirmed_macro_low,2019-07-02T00:00:00+00:00,2019-07-02T00:00:00+00:00,9727.0,9727.0,0.303722,0.232846,1226.405,,log_rebound>=ln(1.20000000)|log_rebound=0.2093250641,2019-07-03T23:59:59.999000+00:00,1D
E00190,confirmed_macro_high,2019-07-10T00:00:00+00:00,2019-07-10T00:00:00+00:00,13147.08,13147.08,0.176243,,1003.20785714,,log_drawdown>=ln(1.20000000)|log_drawdown=0.1938796197,2019-07-13T23:59:59.999000+00:00,1D
E00191,candidate_macro_low,2019-07-14T00:00:00+00:00,2019-07-14T00:00:00+00:00,10103.0,10103.0,0.23154,0.0,998.56714286,,new_low_after_confirmed_macro_high,2019-07-14T23:59:59.999000+00:00,1D
E00192,candidate_macro_low,2019-07-15T00:00:00+00:00,2019-07-15T00:00:00+00:00,9860.0,9860.0,0.250024,0.0,997.69,,new_low_after_confirmed_macro_high,2019-07-15T23:59:59.999000+00:00,1D
E00193,candidate_macro_low,2019-07-16T00:00:00+00:00,2019-07-16T00:00:00+00:00,9350.01,9350.01,0.288815,0.0,1030.99285714,,new_low_after_confirmed_macro_high,2019-07-16T23:59:59.999000+00:00,1D
E00194,candidate_macro_low,2019-07-17T00:00:00+00:00,2019-07-17T00:00:00+00:00,9060.0,9060.0,0.310874,0.0,1012.86071429,,new_low_after_confirmed_macro_high,2019-07-17T23:59:59.999000+00:00,1D
E00195,confirmed_macro_low,2019-07-17T00:00:00+00:00,2019-07-17T00:00:00+00:00,9060.0,9060.0,0.310874,0.221743,1059.07357143,,log_rebound>=ln(1.20000000)|log_rebound=0.2002783849,2019-07-20T23:59:59.999000+00:00,1D
E00196,confirmed_macro_high,2019-07-20T00:00:00+00:00,2019-07-20T00:00:00+00:00,11068.99,11068.99,0.172011,,768.46285714,,log_drawdown>=ln(1.20000000)|log_drawdown=0.1887556237,2019-07-28T23:59:59.999000+00:00,1D
E00197,candidate_macro_low,2019-07-29T00:00:00+00:00,2019-07-29T00:00:00+00:00,9395.0,9395.0,0.151232,0.0,703.74857143,,new_low_after_confirmed_macro_high,2019-07-29T23:59:59.999000+00:00,1D
E00198,confirmed_macro_low,2019-07-29T00:00:00+00:00,2019-07-29T00:00:00+00:00,9395.0,9395.0,0.151232,0.270625,501.87571429,,log_rebound>=ln(1.20000000)|log_rebound=0.2395087483,2019-08-05T23:59:59.999000+00:00,1D
E00199,confirmed_macro_high,2019-08-06T00:00:00+00:00,2019-08-06T00:00:00+00:00,12330.7,12330.7,0.194847,,630.51214286,,log_drawdown>=ln(1.20000000)|log_drawdown=0.2167229673,2019-08-14T23:59:59.999000+00:00,1D
E00200,candidate_macro_low,2019-08-15T00:00:00+00:00,2019-08-15T00:00:00+00:00,9911.0,9911.0,0.196234,0.0,626.555,,new_low_after_confirmed_macro_high,2019-08-15T23:59:59.999000+00:00,1D
E00201,candidate_macro_low,2019-08-16T00:00:00+00:00,2019-08-16T00:00:00+00:00,9750.0,9750.0,0.209291,0.0,654.93928571,,new_low_after_confirmed_macro_high,2019-08-16T23:59:59.999000+00:00,1D
E00202,candidate_macro_low,2019-08-28T00:00:00+00:00,2019-08-28T00:00:00+00:00,9601.01,9601.01,0.221373,0.0,542.31285714,,new_low_after_confirmed_macro_high,2019-08-28T23:59:59.999000+00:00,1D
E00203,candidate_macro_low,2019-08-29T00:00:00+00:00,2019-08-29T00:00:00+00:00,9320.0,9320.0,0.244163,0.0,531.95571429,,new_low_after_confirmed_macro_high,2019-08-29T23:59:59.999000+00:00,1D
E00204,candidate_macro_low,2019-09-24T00:00:00+00:00,2019-09-24T20:00:00+00:00,7800.0,8137.09,0.367433,0.0,416.27714286,,new_low_after_confirmed_macro_high,2019-09-24T23:59:59.999000+00:00,4H
E00205,confirmed_macro_low,2019-09-24T00:00:00+00:00,2019-09-24T20:00:00+00:00,7800.0,8137.09,0.367433,0.255768,416.27714286,,log_rebound>=ln(1.20000000)|log_rebound=0.2277472968,2019-09-24T23:59:59.999000+00:00,4H
E00206,confirmed_macro_high,2019-09-24T00:00:00+00:00,2019-09-24T00:00:00+00:00,9794.99,9792.83,0.208779,,445.45857143,,log_drawdown>=ln(1.20000000)|log_drawdown=0.2341781871,2019-09-26T23:59:59.999000+00:00,4H
E00207,candidate_macro_low,2019-09-27T00:00:00+00:00,2019-09-27T12:00:00+00:00,7852.15,7851.94,0.19835,0.0,454.51928571,,new_low_after_confirmed_macro_high,2019-09-27T23:59:59.999000+00:00,4H
E00208,candidate_macro_low,2019-09-30T00:00:00+00:00,2019-09-30T04:00:00+00:00,7710.0,7709.01,0.212863,0.0,504.36142857,,new_low_after_confirmed_macro_high,2019-09-30T23:59:59.999000+00:00,4H
E00209,candidate_macro_low,2019-10-23T00:00:00+00:00,2019-10-23T16:00:00+00:00,7300.0,7172.76,0.254721,0.0,313.61428571,,new_low_after_confirmed_macro_high,2019-10-23T23:59:59.999000+00:00,4H
E00210,confirmed_macro_low,2019-10-23T00:00:00+00:00,2019-10-23T16:00:00+00:00,7300.0,7172.76,0.254721,0.205342,371.26285714,,log_rebound>=ln(1.20000000)|log_rebound=0.1867637305,2019-10-25T23:59:59.999000+00:00,4H
E00211,confirmed_macro_high,2019-10-26T00:00:00+00:00,2019-10-26T00:00:00+00:00,10370.0,10408.48,0.183184,,496.23571429,,log_drawdown>=ln(1.20000000)|log_drawdown=0.2023416504,2019-10-26T23:59:59.999000+00:00,4H
E00212,candidate_macro_low,2019-10-27T00:00:00+00:00,2019-10-27T04:00:00+00:00,9074.34,9066.07,0.124943,0.0,526.89785714,,new_low_after_confirmed_macro_high,2019-10-27T23:59:59.999000+00:00,4H
E00213,candidate_macro_low,2019-10-29T00:00:00+00:00,2019-10-29T16:00:00+00:00,9072.0,9070.0,0.125169,0.0,578.41571429,,new_low_after_confirmed_macro_high,2019-10-29T23:59:59.999000+00:00,4H
E00214,candidate_macro_low,2019-10-30T00:00:00+00:00,2019-10-30T12:00:00+00:00,9001.01,8975.72,0.132014,0.0,588.74928571,,new_low_after_confirmed_macro_high,2019-10-30T23:59:59.999000+00:00,4H
E00215,candidate_macro_low,2019-10-31T00:00:00+00:00,2019-10-31T08:00:00+00:00,8913.0,8933.0,0.140501,0.0,609.9,,new_low_after_confirmed_macro_high,2019-10-31T23:59:59.999000+00:00,4H
E00216,candidate_macro_low,2019-11-08T00:00:00+00:00,2019-11-08T12:00:00+00:00,8696.0,8669.85,0.161427,0.0,512.93428571,,new_low_after_confirmed_macro_high,2019-11-08T23:59:59.999000+00:00,4H
E00217,candidate_macro_low,2019-11-11T00:00:00+00:00,2019-11-11T08:00:00+00:00,8618.68,8611.11,0.168883,0.0,344.61928571,,new_low_after_confirmed_macro_high,2019-11-11T23:59:59.999000+00:00,4H
E00218,candidate_macro_low,2019-11-12T00:00:00+00:00,2019-11-12T12:00:00+00:00,8567.6,8552.12,0.173809,0.0,333.36214286,,new_low_after_confirmed_macro_high,2019-11-12T23:59:59.999000+00:00,4H
E00219,candidate_macro_low,2019-11-15T00:00:00+00:00,2019-11-15T12:00:00+00:00,8400.0,8380.0,0.189971,0.0,304.83071429,,new_low_after_confirmed_macro_high,2019-11-15T23:59:59.999000+00:00,4H
E00220,candidate_macro_low,2019-11-16T00:00:00+00:00,2019-11-16T00:00:00+00:00,8400.0,8435.0,0.189971,0.0,301.65,,new_low_after_confirmed_macro_high,2019-11-16T23:59:59.999000+00:00,4H
E00221,candidate_macro_low,2019-11-17T00:00:00+00:00,2019-11-17T08:00:00+00:00,8350.68,8355.78,0.194727,0.0,300.785,,new_low_after_confirmed_macro_high,2019-11-17T23:59:59.999000+00:00,4H
E00222,candidate_macro_low,2019-11-18T00:00:00+00:00,2019-11-18T16:00:00+00:00,8060.0,8050.0,0.222758,0.0,304.04785714,,new_low_after_confirmed_macro_high,2019-11-18T23:59:59.999000+00:00,4H
E00223,candidate_macro_low,2019-11-19T00:00:00+00:00,2019-11-19T08:00:00+00:00,8003.0,8000.0,0.228255,0.0,299.50785714,,new_low_after_confirmed_macro_high,2019-11-19T23:59:59.999000+00:00,4H
E00224,candidate_macro_low,2019-11-21T00:00:00+00:00,2019-11-21T12:00:00+00:00,7500.0,7432.0,0.27676,0.0,327.77357143,,new_low_after_confirmed_macro_high,2019-11-21T23:59:59.999000+00:00,4H
E00225,candidate_macro_low,2019-11-22T00:00:00+00:00,2019-11-22T12:00:00+00:00,6790.0,6762.73,0.345227,0.0,355.98785714,,new_low_after_confirmed_macro_high,2019-11-22T23:59:59.999000+00:00,4H
E00226,candidate_macro_low,2019-11-25T00:00:00+00:00,2019-11-25T04:00:00+00:00,6515.0,6510.19,0.371745,0.0,398.17357143,,new_low_after_confirmed_macro_high,2019-11-25T23:59:59.999000+00:00,4H
E00227,confirmed_macro_low,2019-11-25T00:00:00+00:00,2019-11-25T04:00:00+00:00,6515.0,6510.19,0.371745,0.204912,457.99,,log_rebound>=ln(1.20000000)|log_rebound=0.1864063212,2019-11-29T23:59:59.999000+00:00,4H
E00228,confirmed_macro_high,2019-11-29T00:00:00+00:00,2019-11-29T16:00:00+00:00,7850.0,7850.0,0.180255,,301.56357143,,log_drawdown>=ln(1.20000000)|log_drawdown=0.1987616907,2019-12-18T23:59:59.999000+00:00,4H
E00229,candidate_macro_low,2019-12-19T00:00:00+00:00,2019-12-19T08:00:00+00:00,7038.31,7042.82,0.1034,0.0,302.04142857,,new_low_after_confirmed_macro_high,2019-12-19T23:59:59.999000+00:00,4H
E00230,candidate_macro_low,2020-01-02T00:00:00+00:00,2020-01-02T16:00:00+00:00,6922.0,6922.0,0.118217,0.0,218.74714286,,new_low_after_confirmed_macro_high,2020-01-02T23:59:59.999000+00:00,4H
E00231,candidate_macro_low,2020-01-03T00:00:00+00:00,2020-01-03T00:00:00+00:00,6863.44,6863.44,0.125676,0.0,247.55714286,,new_low_after_confirmed_macro_high,2020-01-03T23:59:59.999000+00:00,4H
E00232,confirmed_macro_low,2020-01-03T00:00:00+00:00,2020-01-03T00:00:00+00:00,6863.44,6863.44,0.125676,0.233845,285.65285714,,log_rebound>=ln(1.20000000)|log_rebound=0.2101351768,2020-01-08T23:59:59.999000+00:00,4H
E00233,confirmed_macro_high,2020-02-13T00:00:00+00:00,2020-02-13T12:00:00+00:00,10540.0,10540.0,0.183112,,479.63785714,,log_drawdown>=ln(1.20000000)|log_drawdown=0.2022532247,2020-02-26T23:59:59.999000+00:00,4H
E00234,candidate_macro_low,2020-02-27T00:00:00+00:00,2020-02-27T00:00:00+00:00,8533.9,8533.9,0.190332,0.0,480.00214286,,new_low_after_confirmed_macro_high,2020-02-27T23:59:59.999000+00:00,4H
E00235,candidate_macro_low,2020-02-28T00:00:00+00:00,2020-02-28T12:00:00+00:00,8450.0,8450.0,0.198292,0.0,493.73285714,,new_low_after_confirmed_macro_high,2020-02-28T23:59:59.999000+00:00,4H
E00236,candidate_macro_low,2020-03-01T00:00:00+00:00,2020-03-01T16:00:00+00:00,8409.0,8409.0,0.202182,0.0,461.71928571,,new_low_after_confirmed_macro_high,2020-03-01T23:59:59.999000+00:00,4H
E00237,candidate_macro_low,2020-03-08T00:00:00+00:00,2020-03-08T20:00:00+00:00,7997.7,7997.7,0.241205,0.0,430.35714286,,new_low_after_confirmed_macro_high,2020-03-08T23:59:59.999000+00:00,4H
E00238,candidate_macro_low,2020-03-09T00:00:00+00:00,2020-03-09T12:00:00+00:00,7635.21,7635.21,0.275597,0.0,432.82,,new_low_after_confirmed_macro_high,2020-03-09T23:59:59.999000+00:00,4H
E00239,candidate_macro_low,2020-03-11T00:00:00+00:00,2020-03-11T16:00:00+00:00,7593.29,7593.29,0.279574,0.0,404.55142857,,new_low_after_confirmed_macro_high,2020-03-11T23:59:59.999000+00:00,4H
E00240,candidate_macro_low,2020-03-12T00:00:00+00:00,2020-03-12T20:00:00+00:00,4347.0,4347.0,0.587571,0.0,631.54428571,,new_low_after_confirmed_macro_high,2020-03-12T23:59:59.999000+00:00,4H
E00241,confirmed_macro_low,2020-03-12T00:00:00+00:00,2020-03-12T20:00:00+00:00,4347.0,4347.0,0.587571,0.833218,631.54428571,,log_rebound>=ln(1.20000000)|log_rebound=0.6060730624,2020-03-12T23:59:59.999000+00:00,4H
E00242,confirmed_macro_high,2020-03-12T00:00:00+00:00,2020-03-12T00:00:00+00:00,7969.0,7969.0,0.545513,,766.56785714,,log_drawdown>=ln(1.20000000)|log_drawdown=0.7885851135,2020-03-13T23:59:59.999000+00:00,4H
E00243,candidate_macro_low,2020-03-14T00:00:00+00:00,2020-03-14T20:00:00+00:00,5040.0,5040.0,0.367549,0.0,790.03857143,,new_low_after_confirmed_macro_high,2020-03-14T23:59:59.999000+00:00,4H
E00244,candidate_macro_low,2020-03-16T00:00:00+00:00,2020-03-16T08:00:00+00:00,4413.62,4413.62,0.446151,0.0,860.94571429,,new_low_after_confirmed_macro_high,2020-03-16T23:59:59.999000+00:00,4H
E00245,confirmed_macro_low,2020-03-16T00:00:00+00:00,2020-03-16T08:00:00+00:00,4413.62,4413.62,0.446151,0.214708,860.94571429,,log_rebound>=ln(1.20000000)|log_rebound=0.1945038077,2020-03-16T23:59:59.999000+00:00,4H
E00246,confirmed_macro_high,2020-03-19T00:00:00+00:00,2020-03-19T20:00:00+00:00,6400.0,6400.0,0.180234,,957.82714286,,log_drawdown>=ln(1.20000000)|log_drawdown=0.1987368027,2020-03-19T23:59:59.999000+00:00,4H
E00247,candidate_macro_low,2020-03-20T00:00:00+00:00,2020-03-20T20:00:00+00:00,5650.0,5650.0,0.117188,0.0,1034.64071429,,new_low_after_confirmed_macro_high,2020-03-20T23:59:59.999000+00:00,4H
E00248,confirmed_macro_low,2020-03-20T00:00:00+00:00,2020-03-20T20:00:00+00:00,5650.0,5650.0,0.117188,0.223186,1034.64071429,,log_rebound>=ln(1.20000000)|log_rebound=0.2014588000,2020-03-20T23:59:59.999000+00:00,4H
E00249,confirmed_macro_high,2020-03-20T00:00:00+00:00,2020-03-20T08:00:00+00:00,6911.0,6911.0,0.170836,,1036.62,,log_drawdown>=ln(1.20000000)|log_drawdown=0.1873377342,2020-03-22T23:59:59.999000+00:00,4H
E00250,candidate_macro_low,2020-03-23T00:00:00+00:00,2020-03-23T00:00:00+00:00,5670.0,5670.0,0.179569,0.0,1065.39142857,,new_low_after_confirmed_macro_high,2020-03-23T23:59:59.999000+00:00,4H
E00251,confirmed_macro_low,2020-03-23T00:00:00+00:00,2020-03-23T00:00:00+00:00,5670.0,5670.0,0.179569,0.206349,1068.79785714,,log_rebound>=ln(1.20000000)|log_rebound=0.1875986139,2020-03-24T23:59:59.999000+00:00,4H
E00252,confirmed_macro_high,2020-05-07T00:00:00+00:00,2020-05-07T20:00:00+00:00,10080.0,10080.0,0.212302,,608.08785714,,log_drawdown>=ln(1.20000000)|log_drawdown=0.2386399874,2020-05-10T23:59:59.999000+00:00,4H
E00253,candidate_macro_low,2020-05-11T00:00:00+00:00,2020-05-11T16:00:00+00:00,8151.12,8151.12,0.191357,0.0,668.17785714,,new_low_after_confirmed_macro_high,2020-05-11T23:59:59.999000+00:00,4H
E00254,confirmed_macro_low,2020-05-11T00:00:00+00:00,2020-05-11T16:00:00+00:00,8151.12,8151.12,0.191357,0.220691,617.53,,log_rebound>=ln(1.20000000)|log_rebound=0.1994172100,2020-05-14T23:59:59.999000+00:00,4H
E00255,confirmed_macro_high,2020-08-17T00:00:00+00:00,2020-08-17T16:00:00+00:00,12499.42,12499.42,0.20787,,452.64357143,,log_drawdown>=ln(1.20000000)|log_drawdown=0.2330303212,2020-09-03T23:59:59.999000+00:00,4H
E00256,candidate_macro_low,2020-09-04T00:00:00+00:00,2020-09-04T12:00:00+00:00,9878.65,9878.65,0.209671,0.0,478.74642857,,new_low_after_confirmed_macro_high,2020-09-04T23:59:59.999000+00:00,4H
E00257,candidate_macro_low,2020-09-05T00:00:00+00:00,2020-09-05T16:00:00+00:00,9808.58,9808.58,0.215277,0.0,511.26571429,,new_low_after_confirmed_macro_high,2020-09-05T23:59:59.999000+00:00,4H
E00258,confirmed_macro_low,2020-09-05T00:00:00+00:00,2020-09-05T16:00:00+00:00,9808.58,9808.58,0.215277,0.206087,315.17714286,,log_rebound>=ln(1.20000000)|log_rebound=0.1873811651,2020-10-19T23:59:59.999000+00:00,4H
E00259,confirmed_macro_high,2020-11-25T00:00:00+00:00,2020-11-25T12:00:00+00:00,19554.19,19554.19,0.172505,,1071.87857143,,log_drawdown>=ln(1.20000000)|log_drawdown=0.1893518713,2020-11-26T23:59:59.999000+00:00,4H
E00260,candidate_macro_low,2020-11-27T00:00:00+00:00,2020-11-27T12:00:00+00:00,16444.83,16444.83,0.159012,0.0,1107.29142857,,new_low_after_confirmed_macro_high,2020-11-27T23:59:59.999000+00:00,4H
E00261,ath_update,2020-11-30T00:00:00+00:00,2020-11-30T12:00:00+00:00,19944.0,19944.0,0.0,,1218.67357143,0.0,high_gt_all_previous_high,2020-11-30T23:59:59.999000+00:00,4H
E00262,confirmed_macro_low,2020-11-27T00:00:00+00:00,2020-11-27T12:00:00+00:00,16444.83,16444.83,0.159012,0.212782,1218.67357143,,log_rebound>=ln(1.20000000)|log_rebound=0.1929172041,2020-11-30T23:59:59.999000+00:00,4H
E00263,ath_update,2020-12-01T00:00:00+00:00,2020-12-01T08:00:00+00:00,19956.0,19956.0,0.0,,1259.095,0.0,high_gt_all_previous_high,2020-12-01T23:59:59.999000+00:00,4H
E00264,ath_update,2020-12-16T00:00:00+00:00,2020-12-16T20:00:00+00:00,21600.0,21600.0,0.0,,857.93071429,0.0,high_gt_all_previous_high,2020-12-16T23:59:59.999000+00:00,4H
E00265,ath_update,2020-12-17T00:00:00+00:00,2020-12-17T08:00:00+00:00,23888.04,23888.04,0.0,,992.32642857,0.0,high_gt_all_previous_high,2020-12-17T23:59:59.999000+00:00,4H
E00266,ath_update,2020-12-19T00:00:00+00:00,2020-12-19T16:00:00+00:00,24281.61,24281.61,0.0,,1053.12928571,0.0,high_gt_all_previous_high,2020-12-19T23:59:59.999000+00:00,4H
E00267,ath_update,2020-12-20T00:00:00+00:00,2020-12-20T20:00:00+00:00,24376.0,24376.0,0.0,,1103.55785714,0.0,high_gt_all_previous_high,2020-12-20T23:59:59.999000+00:00,4H
E00268,ath_update,2020-12-25T00:00:00+00:00,2020-12-25T20:00:00+00:00,24827.64,24827.64,0.0,,1372.51928571,0.0,high_gt_all_previous_high,2020-12-25T23:59:59.999000+00:00,4H
E00269,ath_update,2020-12-26T00:00:00+00:00,2020-12-26T20:00:00+00:00,26926.0,26926.0,0.0,,1478.30285714,0.0,high_gt_all_previous_high,2020-12-26T23:59:59.999000+00:00,4H
E00270,ath_update,2020-12-27T00:00:00+00:00,2020-12-27T08:00:00+00:00,28459.84,28459.84,0.0,,1612.82428571,0.0,high_gt_all_previous_high,2020-12-27T23:59:59.999000+00:00,4H
E00271,ath_update,2020-12-30T00:00:00+00:00,2020-12-30T20:00:00+00:00,29063.72,29063.72,0.0,,1711.30428571,0.0,high_gt_all_previous_high,2020-12-30T23:59:59.999000+00:00,4H
E00272,ath_update,2020-12-31T00:00:00+00:00,2020-12-31T00:00:00+00:00,29376.7,29376.7,0.0,,1630.74428571,0.0,high_gt_all_previous_high,2020-12-31T23:59:59.999000+00:00,4H
E00273,ath_update,2021-01-01T00:00:00+00:00,2021-01-01T12:00:00+00:00,29668.86,29668.86,0.0,,1636.15,0.0,high_gt_all_previous_high,2021-01-01T23:59:59.999000+00:00,4H
E00274,ath_update,2021-01-02T00:00:00+00:00,2021-01-02T16:00:00+00:00,33480.0,33480.0,0.0,,1848.71857143,0.0,high_gt_all_previous_high,2021-01-02T23:59:59.999000+00:00,4H
E00275,ath_update,2021-01-03T00:00:00+00:00,2021-01-03T04:00:00+00:00,34832.25,34832.25,0.0,,1958.18142857,0.0,high_gt_all_previous_high,2021-01-03T23:59:59.999000+00:00,4H
E00276,confirmed_macro_high,2021-01-03T00:00:00+00:00,2021-01-03T04:00:00+00:00,34832.25,34832.25,0.201889,,2217.36428571,,log_drawdown>=ln(1.20000000)|log_drawdown=0.2255076611,2021-01-04T23:59:59.999000+00:00,4H
E00277,candidate_macro_low,2021-01-05T00:00:00+00:00,2021-01-05T04:00:00+00:00,29900.0,29900.0,0.1416,0.0,2441.43571429,,new_low_after_confirmed_macro_high,2021-01-05T23:59:59.999000+00:00,4H
E00278,ath_update,2021-01-06T00:00:00+00:00,2021-01-06T20:00:00+00:00,37037.51,37037.51,0.0,,2585.58928571,0.0,high_gt_all_previous_high,2021-01-06T23:59:59.999000+00:00,4H
E00279,confirmed_macro_low,2021-01-05T00:00:00+00:00,2021-01-05T04:00:00+00:00,29900.0,29900.0,0.1416,0.238713,2585.58928571,,log_rebound>=ln(1.20000000)|log_rebound=0.2140727025,2021-01-06T23:59:59.999000+00:00,4H
E00280,ath_update,2021-01-07T00:00:00+00:00,2021-01-07T16:00:00+00:00,40565.62,40565.62,0.0,,2807.62142857,0.0,high_gt_all_previous_high,2021-01-07T23:59:59.999000+00:00,4H
E00281,ath_update,2021-01-08T00:00:00+00:00,2021-01-08T12:00:00+00:00,42125.51,42125.51,0.0,,3108.2,0.0,high_gt_all_previous_high,2021-01-08T23:59:59.999000+00:00,4H
E00282,confirmed_macro_high,2021-01-08T00:00:00+00:00,2021-01-08T12:00:00+00:00,42125.51,42125.51,0.277208,,3849.24142857,,log_drawdown>=ln(1.20000000)|log_drawdown=0.3246331849,2021-01-11T23:59:59.999000+00:00,4H
E00283,candidate_macro_low,2021-01-12T00:00:00+00:00,2021-01-12T12:00:00+00:00,32600.0,32600.0,0.226122,0.0,4032.43571429,,new_low_after_confirmed_macro_high,2021-01-12T23:59:59.999000+00:00,4H
E00284,candidate_macro_low,2021-01-13T00:00:00+00:00,2021-01-13T00:00:00+00:00,32420.0,32420.0,0.230395,0.0,4303.67,,new_low_after_confirmed_macro_high,2021-01-13T23:59:59.999000+00:00,4H
E00285,confirmed_macro_low,2021-01-13T00:00:00+00:00,2021-01-13T00:00:00+00:00,32420.0,32420.0,0.230395,0.239648,4439.12428571,,log_rebound>=ln(1.20000000)|log_rebound=0.2148275141,2021-01-14T23:59:59.999000+00:00,4H
E00286,confirmed_macro_high,2021-01-14T00:00:00+00:00,2021-01-14T12:00:00+00:00,40189.39,40189.39,0.16886,,4179.05785714,,log_drawdown>=ln(1.20000000)|log_drawdown=0.1849573141,2021-01-20T23:59:59.999000+00:00,4H
E00287,candidate_macro_low,2021-01-21T00:00:00+00:00,2021-01-21T20:00:00+00:00,30069.9,30069.9,0.251795,0.0,4274.63,,new_low_after_confirmed_macro_high,2021-01-21T23:59:59.999000+00:00,4H
E00288,candidate_macro_low,2021-01-22T00:00:00+00:00,2021-01-22T00:00:00+00:00,28880.0,28880.0,0.281402,0.0,4229.32857143,,new_low_after_confirmed_macro_high,2021-01-22T23:59:59.999000+00:00,4H
E00289,confirmed_macro_low,2021-01-22T00:00:00+00:00,2021-01-22T00:00:00+00:00,28880.0,28880.0,0.281402,0.207756,3546.12714286,,log_rebound>=ln(1.20000000)|log_rebound=0.1887642850,2021-01-25T23:59:59.999000+00:00,4H
E00290,confirmed_macro_high,2021-01-29T00:00:00+00:00,2021-01-29T12:00:00+00:00,38641.1,38641.1,0.172901,,3388.15714286,,log_drawdown>=ln(1.20000000)|log_drawdown=0.1898313559,2021-01-29T23:59:59.999000+00:00,4H
E00291,candidate_macro_low,2021-01-30T00:00:00+00:00,2021-01-30T00:00:00+00:00,32849.06,32849.06,0.149893,0.0,3352.85857143,,new_low_after_confirmed_macro_high,2021-01-30T23:59:59.999000+00:00,4H
E00292,candidate_macro_low,2021-01-31T00:00:00+00:00,2021-01-31T16:00:00+00:00,32193.04,32193.04,0.166871,0.0,3293.26428571,,new_low_after_confirmed_macro_high,2021-01-31T23:59:59.999000+00:00,4H
E00293,confirmed_macro_low,2021-01-31T00:00:00+00:00,2021-01-31T16:00:00+00:00,32193.04,32193.04,0.166871,0.206255,3036.36071429,,log_rebound>=ln(1.20000000)|log_rebound=0.1875201205,2021-02-04T23:59:59.999000+00:00,4H
E00294,ath_update,2021-02-08T00:00:00+00:00,2021-02-08T20:00:00+00:00,47146.0,47146.0,0.0,,3307.82785714,0.0,high_gt_all_previous_high,2021-02-08T23:59:59.999000+00:00,4H
E00295,confirmed_macro_high,2021-02-08T00:00:00+00:00,2021-02-08T20:00:00+00:00,47146.0,47146.0,0.193208,,3307.82785714,,log_drawdown>=ln(1.20000000)|log_drawdown=0.2146897996,2021-02-08T23:59:59.999000+00:00,4H
E00296,ath_update,2021-02-09T00:00:00+00:00,2021-02-09T04:00:00+00:00,48266.36,48266.36,0.0,,3384.16428571,0.0,high_gt_all_previous_high,2021-02-09T23:59:59.999000+00:00,4H
E00297,candidate_macro_low,2021-02-09T00:00:00+00:00,2021-02-09T12:00:00+00:00,45057.65,45057.65,0.044295,0.0,3384.16428571,,new_low_after_confirmed_macro_high,2021-02-09T23:59:59.999000+00:00,4H
E00298,candidate_macro_low,2021-02-10T00:00:00+00:00,2021-02-10T12:00:00+00:00,43770.0,43770.0,0.071607,0.0,3411.50714286,,new_low_after_confirmed_macro_high,2021-02-10T23:59:59.999000+00:00,4H
E00299,ath_update,2021-02-11T00:00:00+00:00,2021-02-11T20:00:00+00:00,48810.0,48810.0,0.0,,3471.17928571,0.0,high_gt_all_previous_high,2021-02-11T23:59:59.999000+00:00,4H
E00300,ath_update,2021-02-12T00:00:00+00:00,2021-02-12T00:00:00+00:00,49278.98,49278.98,0.0,,3219.52785714,0.0,high_gt_all_previous_high,2021-02-12T23:59:59.999000+00:00,4H
E00301,ath_update,2021-02-14T00:00:00+00:00,2021-02-14T12:00:00+00:00,49875.16,49875.16,0.0,,3253.80642857,0.0,high_gt_all_previous_high,2021-02-14T23:59:59.999000+00:00,4H
E00302,ath_update,2021-02-16T00:00:00+00:00,2021-02-16T12:00:00+00:00,50953.44,50953.44,0.0,,3440.56928571,0.0,high_gt_all_previous_high,2021-02-16T23:59:59.999000+00:00,4H
E00303,ath_update,2021-02-17T00:00:00+00:00,2021-02-17T20:00:00+00:00,52800.0,52800.0,0.0,,3546.31071429,0.0,high_gt_all_previous_high,2021-02-17T23:59:59.999000+00:00,4H
E00304,confirmed_macro_low,2021-02-10T00:00:00+00:00,2021-02-10T12:00:00+00:00,43770.0,43770.0,0.071607,0.206306,3546.31071429,,log_rebound>=ln(1.20000000)|log_rebound=0.1875625395,2021-02-17T23:59:59.999000+00:00,4H
E00305,ath_update,2021-02-19T00:00:00+00:00,2021-02-19T20:00:00+00:00,56582.0,56582.0,0.0,,3764.08642857,0.0,high_gt_all_previous_high,2021-02-19T23:59:59.999000+00:00,4H
E00306,ath_update,2021-02-20T00:00:00+00:00,2021-02-20T12:00:00+00:00,57699.0,57699.0,0.0,,3840.55785714,0.0,high_gt_all_previous_high,2021-02-20T23:59:59.999000+00:00,4H
E00307,ath_update,2021-02-21T00:00:00+00:00,2021-02-21T16:00:00+00:00,58472.14,58472.14,0.0,,3880.06071429,0.0,high_gt_all_previous_high,2021-02-21T23:59:59.999000+00:00,4H
E00308,confirmed_macro_high,2021-02-21T00:00:00+00:00,2021-02-21T16:00:00+00:00,58472.14,58472.14,0.183347,,3932.30714286,,log_drawdown>=ln(1.20000000)|log_drawdown=0.2025415968,2021-02-22T23:59:59.999000+00:00,4H
E00309,candidate_macro_low,2021-02-23T00:00:00+00:00,2021-02-23T08:00:00+00:00,44893.82,44893.82,0.232219,0.0,4372.135,,new_low_after_confirmed_macro_high,2021-02-23T23:59:59.999000+00:00,4H
E00310,confirmed_macro_low,2021-02-23T00:00:00+00:00,2021-02-23T08:00:00+00:00,44893.82,44893.82,0.232219,0.208632,4372.135,,log_rebound>=ln(1.20000000)|log_rebound=0.1894893727,2021-02-23T23:59:59.999000+00:00,4H
E00311,confirmed_macro_high,2021-02-23T00:00:00+00:00,2021-02-23T00:00:00+00:00,54260.12,54260.12,0.187248,,4557.07142857,,log_drawdown>=ln(1.20000000)|log_drawdown=0.2073297363,2021-02-26T23:59:59.999000+00:00,4H
E00312,candidate_macro_low,2021-02-27T00:00:00+00:00,2021-02-27T20:00:00+00:00,44926.77,44926.77,0.172011,0.0,4665.02714286,,new_low_after_confirmed_macro_high,2021-02-27T23:59:59.999000+00:00,4H
E00313,candidate_macro_low,2021-02-28T00:00:00+00:00,2021-02-28T16:00:00+00:00,43002.05,43002.05,0.207483,0.0,4728.88071429,,new_low_after_confirmed_macro_high,2021-02-28T23:59:59.999000+00:00,4H
E00314,confirmed_macro_low,2021-02-28T00:00:00+00:00,2021-02-28T16:00:00+00:00,43002.05,43002.05,0.207483,0.225093,4813.77214286,,log_rebound>=ln(1.20000000)|log_rebound=0.2030167511,2021-03-03T23:59:59.999000+00:00,4H
E00315,ath_update,2021-03-13T00:00:00+00:00,2021-03-13T20:00:00+00:00,61950.0,61950.0,0.0,,3708.99642857,0.0,high_gt_all_previous_high,2021-03-13T23:59:59.999000+00:00,4H
E00316,confirmed_macro_high,2021-03-13T00:00:00+00:00,2021-03-13T20:00:00+00:00,61950.0,61950.0,0.1856,,3903.77642857,,log_drawdown>=ln(1.20000000)|log_drawdown=0.2053036332,2021-03-25T23:59:59.999000+00:00,4H
E00317,candidate_macro_low,2021-03-26T00:00:00+00:00,2021-03-26T00:00:00+00:00,51260.0,51260.0,0.172559,0.0,3957.41714286,,new_low_after_confirmed_macro_high,2021-03-26T23:59:59.999000+00:00,4H
E00318,confirmed_macro_low,2021-03-26T00:00:00+00:00,2021-03-26T00:00:00+00:00,51260.0,51260.0,0.172559,0.205618,2500.16142857,,log_rebound>=ln(1.20000000)|log_rebound=0.1869926435,2021-04-10T23:59:59.999000+00:00,4H
E00319,ath_update,2021-04-13T00:00:00+00:00,2021-04-13T16:00:00+00:00,63850.0,63850.0,0.0,,2467.11857143,0.0,high_gt_all_previous_high,2021-04-13T23:59:59.999000+00:00,4H
E00320,ath_update,2021-04-14T00:00:00+00:00,2021-04-14T04:00:00+00:00,64986.11,64986.11,0.0,,2500.98357143,0.0,high_gt_all_previous_high,2021-04-14T23:59:59.999000+00:00,4H
E00321,confirmed_macro_high,2021-04-14T00:00:00+00:00,2021-04-14T04:00:00+00:00,64986.11,64986.11,0.229835,,3220.92142857,,log_drawdown>=ln(1.20000000)|log_drawdown=0.2611510490,2021-04-18T23:59:59.999000+00:00,4H
E00322,candidate_macro_low,2021-04-19T00:00:00+00:00,2021-04-19T12:00:00+00:00,54200.0,54200.0,0.165976,0.0,3274.96714286,,new_low_after_confirmed_macro_high,2021-04-19T23:59:59.999000+00:00,4H
E00323,candidate_macro_low,2021-04-20T00:00:00+00:00,2021-04-20T04:00:00+00:00,53330.82,53330.82,0.17935,0.0,3389.46714286,,new_low_after_confirmed_macro_high,2021-04-20T23:59:59.999000+00:00,4H
E00324,candidate_macro_low,2021-04-22T00:00:00+00:00,2021-04-22T20:00:00+00:00,50534.34,50534.34,0.222382,0.0,3565.04928571,,new_low_after_confirmed_macro_high,2021-04-22T23:59:59.999000+00:00,4H
E00325,candidate_macro_low,2021-04-23T00:00:00+00:00,2021-04-23T08:00:00+00:00,47546.16,47546.16,0.268364,0.0,3804.75214286,,new_low_after_confirmed_macro_high,2021-04-23T23:59:59.999000+00:00,4H
E00326,candidate_macro_low,2021-04-25T00:00:00+00:00,2021-04-25T20:00:00+00:00,46930.43,46930.43,0.277839,0.0,3859.9,,new_low_after_confirmed_macro_high,2021-04-25T23:59:59.999000+00:00,4H
E00327,confirmed_macro_low,2021-04-25T00:00:00+00:00,2021-04-25T20:00:00+00:00,46930.43,46930.43,0.277839,0.205489,3937.74785714,,log_rebound>=ln(1.20000000)|log_rebound=0.1868855212,2021-04-28T23:59:59.999000+00:00,4H
E00328,confirmed_macro_high,2021-05-10T00:00:00+00:00,2021-05-10T04:00:00+00:00,59654.0,59654.0,0.186916,,3818.115,,log_drawdown>=ln(1.20000000)|log_drawdown=0.2069202958,2021-05-12T23:59:59.999000+00:00,4H
E00329,candidate_macro_low,2021-05-13T00:00:00+00:00,2021-05-13T00:00:00+00:00,45596.32,45596.32,0.235654,0.0,4024.51928571,,new_low_after_confirmed_macro_high,2021-05-13T23:59:59.999000+00:00,4H
E00330,candidate_macro_low,2021-05-16T00:00:00+00:00,2021-05-16T20:00:00+00:00,43866.0,43866.0,0.26466,0.0,4350.43357143,,new_low_after_confirmed_macro_high,2021-05-16T23:59:59.999000+00:00,4H
E00331,candidate_macro_low,2021-05-17T00:00:00+00:00,2021-05-17T16:00:00+00:00,42151.0,42151.0,0.293409,0.0,4489.58071429,,new_low_after_confirmed_macro_high,2021-05-17T23:59:59.999000+00:00,4H
E00332,candidate_macro_low,2021-05-19T00:00:00+00:00,2021-05-19T12:00:00+00:00,28688.0,28688.0,0.519093,0.0,5152.99142857,,new_low_after_confirmed_macro_high,2021-05-19T23:59:59.999000+00:00,4H
E00333,confirmed_macro_low,2021-05-19T00:00:00+00:00,2021-05-19T12:00:00+00:00,28688.0,28688.0,0.519093,0.520355,5152.99142857,,log_rebound>=ln(1.20000000)|log_rebound=0.4189435337,2021-05-19T23:59:59.999000+00:00,4H
E00334,confirmed_macro_high,2021-05-19T00:00:00+00:00,2021-05-19T00:00:00+00:00,43615.93,43615.93,0.200246,,5469.12785714,,log_drawdown>=ln(1.20000000)|log_drawdown=0.2234515138,2021-05-20T23:59:59.999000+00:00,4H
E00335,candidate_macro_low,2021-05-21T00:00:00+00:00,2021-05-21T20:00:00+00:00,33400.0,33400.0,0.234225,0.0,5852.72928571,,new_low_after_confirmed_macro_high,2021-05-21T23:59:59.999000+00:00,4H
E00336,confirmed_macro_low,2021-05-21T00:00:00+00:00,2021-05-21T20:00:00+00:00,33400.0,33400.0,0.234225,0.265581,5852.72928571,,log_rebound>=ln(1.20000000)|log_rebound=0.2355316507,2021-05-21T23:59:59.999000+00:00,4H
E00337,confirmed_macro_high,2021-05-21T00:00:00+00:00,2021-05-21T00:00:00+00:00,42270.42,42270.42,0.16724,,5925.62357143,,log_drawdown>=ln(1.20000000)|log_drawdown=0.1830099345,2021-05-22T23:59:59.999000+00:00,4H
E00338,candidate_macro_low,2021-05-23T00:00:00+00:00,2021-05-23T16:00:00+00:00,31096.7,31096.7,0.264339,0.0,6221.75357143,,new_low_after_confirmed_macro_high,2021-05-23T23:59:59.999000+00:00,4H
E00339,confirmed_macro_low,2021-05-23T00:00:00+00:00,2021-05-23T16:00:00+00:00,31096.7,31096.7,0.264339,0.230411,6221.75357143,,log_rebound>=ln(1.20000000)|log_rebound=0.2073479530,2021-05-23T23:59:59.999000+00:00,4H
E00340,confirmed_macro_high,2021-05-26T00:00:00+00:00,2021-05-26T08:00:00+00:00,40900.0,40900.0,0.177262,,5676.00214286,,log_drawdown>=ln(1.20000000)|log_drawdown=0.1951170070,2021-05-29T23:59:59.999000+00:00,4H
E00341,candidate_macro_low,2021-05-30T00:00:00+00:00,2021-05-30T00:00:00+00:00,33356.0,33356.0,0.18445,0.0,5474.68857143,,new_low_after_confirmed_macro_high,2021-05-30T23:59:59.999000+00:00,4H
E00342,candidate_macro_low,2021-06-07T00:00:00+00:00,2021-06-07T20:00:00+00:00,33200.0,33200.0,0.188264,0.0,3071.18428571,,new_low_after_confirmed_macro_high,2021-06-07T23:59:59.999000+00:00,4H
E00343,candidate_macro_low,2021-06-08T00:00:00+00:00,2021-06-08T12:00:00+00:00,30969.0,30969.0,0.242812,0.0,3052.74428571,,new_low_after_confirmed_macro_high,2021-06-08T23:59:59.999000+00:00,4H
E00344,confirmed_macro_low,2021-06-08T00:00:00+00:00,2021-06-08T12:00:00+00:00,30969.0,30969.0,0.242812,0.211254,3197.46357143,,log_rebound>=ln(1.20000000)|log_rebound=0.1916557834,2021-06-09T23:59:59.999000+00:00,4H
E00345,confirmed_macro_high,2021-06-15T00:00:00+00:00,2021-06-15T16:00:00+00:00,41413.0,41413.0,0.195615,,2882.61071429,,log_drawdown>=ln(1.20000000)|log_drawdown=0.2176771488,2021-06-20T23:59:59.999000+00:00,4H
E00346,candidate_macro_low,2021-06-21T00:00:00+00:00,2021-06-21T20:00:00+00:00,31250.51,31250.51,0.245394,0.0,2945.16571429,,new_low_after_confirmed_macro_high,2021-06-21T23:59:59.999000+00:00,4H
E00347,candidate_macro_low,2021-06-22T00:00:00+00:00,2021-06-22T12:00:00+00:00,28780.01,28780.01,0.305049,0.0,3045.26714286,,new_low_after_confirmed_macro_high,2021-06-22T23:59:59.999000+00:00,4H
E00348,confirmed_macro_low,2021-06-22T00:00:00+00:00,2021-06-22T12:00:00+00:00,28780.01,28780.01,0.305049,0.211527,2904.90714286,,log_rebound>=ln(1.20000000)|log_rebound=0.1918818579,2021-06-23T23:59:59.999000+00:00,4H
E00349,confirmed_macro_high,2021-06-29T00:00:00+00:00,2021-06-29T16:00:00+00:00,36623.0,36623.0,0.171046,,1495.34928571,,log_drawdown>=ln(1.20000000)|log_drawdown=0.1875910205,2021-07-19T23:59:59.999000+00:00,4H
E00350,candidate_macro_low,2021-07-20T00:00:00+00:00,2021-07-20T12:00:00+00:00,29242.24,29242.24,0.201533,0.0,1508.76071429,,new_low_after_confirmed_macro_high,2021-07-20T23:59:59.999000+00:00,4H
E00351,confirmed_macro_low,2021-07-20T00:00:00+00:00,2021-07-20T12:00:00+00:00,29242.24,29242.24,0.201533,0.210578,1584.76714286,,log_rebound>=ln(1.20000000)|log_rebound=0.1910975808,2021-07-25T23:59:59.999000+00:00,4H
E00352,confirmed_macro_high,2021-07-26T00:00:00+00:00,2021-07-26T00:00:00+00:00,48168.6,48168.6,0.269535,,2368.36571429,,log_drawdown>=ln(1.20000000)|log_drawdown=0.3140735748,2021-07-26T23:59:59.999000+00:00,4H
E00353,candidate_macro_low,2021-07-27T00:00:00+00:00,2021-07-27T00:00:00+00:00,36384.31,36384.31,0.244647,0.0,2512.15285714,,new_low_after_confirmed_macro_high,2021-07-27T23:59:59.999000+00:00,4H
E00354,confirmed_macro_low,2021-07-27T00:00:00+00:00,2021-07-27T00:00:00+00:00,36384.31,36384.31,0.244647,0.230008,3319.25285714,,log_rebound>=ln(1.20000000)|log_rebound=0.2070210673,2021-08-07T23:59:59.999000+00:00,4H
E00355,confirmed_macro_high,2021-09-07T00:00:00+00:00,2021-09-07T00:00:00+00:00,52950.0,52950.0,0.205137,,2731.23714286,,log_drawdown>=ln(1.20000000)|log_drawdown=0.2295854076,2021-09-07T23:59:59.999000+00:00,4H
E00356,candidate_macro_low,2021-09-08T00:00:00+00:00,2021-09-08T08:00:00+00:00,44431.0,44431.0,0.160888,0.0,2784.72071429,,new_low_after_confirmed_macro_high,2021-09-08T23:59:59.999000+00:00,4H
E00357,candidate_macro_low,2021-09-10T00:00:00+00:00,2021-09-10T20:00:00+00:00,44120.0,44120.0,0.166761,0.0,2703.11142857,,new_low_after_confirmed_macro_high,2021-09-10T23:59:59.999000+00:00,4H
E00358,candidate_macro_low,2021-09-13T00:00:00+00:00,2021-09-13T12:00:00+00:00,43323.93,43323.93,0.181795,0.0,2819.70071429,,new_low_after_confirmed_macro_high,2021-09-13T23:59:59.999000+00:00,4H
E00359,candidate_macro_low,2021-09-20T00:00:00+00:00,2021-09-20T12:00:00+00:00,42467.86,42467.86,0.197963,0.0,2902.57214286,,new_low_after_confirmed_macro_high,2021-09-20T23:59:59.999000+00:00,4H
E00360,candidate_macro_low,2021-09-21T00:00:00+00:00,2021-09-21T20:00:00+00:00,39503.58,39503.58,0.253946,0.0,2421.43071429,,new_low_after_confirmed_macro_high,2021-09-21T23:59:59.999000+00:00,4H
E00361,confirmed_macro_low,2021-09-21T00:00:00+00:00,2021-09-21T20:00:00+00:00,39503.58,39503.58,0.253946,0.226471,2904.83285714,,log_rebound>=ln(1.20000000)|log_rebound=0.2041410376,2021-10-01T23:59:59.999000+00:00,4H
E00362,ath_update,2021-10-20T00:00:00+00:00,2021-10-20T12:00:00+00:00,67150.0,67150.0,0.0,,3136.675,0.0,high_gt_all_previous_high,2021-10-20T23:59:59.999000+00:00,4H
E00363,ath_update,2021-11-08T00:00:00+00:00,2021-11-08T20:00:00+00:00,67932.89,67932.89,0.0,,3004.92,0.0,high_gt_all_previous_high,2021-11-08T23:59:59.999000+00:00,4H
E00364,ath_update,2021-11-09T00:00:00+00:00,2021-11-09T00:00:00+00:00,68675.16,68675.16,0.0,,2922.85928571,0.0,high_gt_all_previous_high,2021-11-09T23:59:59.999000+00:00,4H
E00365,ath_update,2021-11-10T00:00:00+00:00,2021-11-10T12:00:00+00:00,69198.7,69198.7,0.0,,3145.23,0.0,high_gt_all_previous_high,2021-11-10T23:59:59.999000+00:00,4H
E00366,confirmed_macro_high,2021-11-10T00:00:00+00:00,2021-11-10T12:00:00+00:00,69198.7,69198.7,0.183431,,3059.28285714,,log_drawdown>=ln(1.20000000)|log_drawdown=0.2026444517,2021-11-18T23:59:59.999000+00:00,4H
E00367,candidate_macro_low,2021-11-19T00:00:00+00:00,2021-11-19T00:00:00+00:00,55604.0,55604.0,0.196459,0.0,3117.82,,new_low_after_confirmed_macro_high,2021-11-19T23:59:59.999000+00:00,4H
E00368,candidate_macro_low,2021-11-22T00:00:00+00:00,2021-11-22T20:00:00+00:00,55600.0,55600.0,0.196517,0.0,3109.32571429,,new_low_after_confirmed_macro_high,2021-11-22T23:59:59.999000+00:00,4H
E00369,candidate_macro_low,2021-11-23T00:00:00+00:00,2021-11-23T08:00:00+00:00,55250.0,55250.0,0.201575,0.0,3128.1,,new_low_after_confirmed_macro_high,2021-11-23T23:59:59.999000+00:00,4H
E00370,candidate_macro_low,2021-11-26T00:00:00+00:00,2021-11-26T12:00:00+00:00,53500.0,53500.0,0.226864,0.0,3020.76071429,,new_low_after_confirmed_macro_high,2021-11-26T23:59:59.999000+00:00,4H
E00371,candidate_macro_low,2021-11-28T00:00:00+00:00,2021-11-28T16:00:00+00:00,53245.0,53245.0,0.230549,0.0,3186.17857143,,new_low_after_confirmed_macro_high,2021-11-28T23:59:59.999000+00:00,4H
E00372,candidate_macro_low,2021-12-03T00:00:00+00:00,2021-12-03T20:00:00+00:00,50604.0,50604.0,0.268715,0.0,3099.88571429,,new_low_after_confirmed_macro_high,2021-12-03T23:59:59.999000+00:00,4H
E00373,candidate_macro_low,2021-12-04T00:00:00+00:00,2021-12-04T04:00:00+00:00,40888.89,40888.89,0.409109,0.0,3849.81142857,,new_low_after_confirmed_macro_high,2021-12-04T23:59:59.999000+00:00,4H
E00374,confirmed_macro_low,2021-12-04T00:00:00+00:00,2021-12-04T04:00:00+00:00,40888.89,40888.89,0.409109,0.317954,3849.81142857,,log_rebound>=ln(1.20000000)|log_rebound=0.2760807915,2021-12-04T23:59:59.999000+00:00,4H
E00375,confirmed_macro_high,2021-12-04T00:00:00+00:00,2021-12-04T00:00:00+00:00,53889.69,53889.69,0.21562,,2280.72428571,,log_drawdown>=ln(1.20000000)|log_drawdown=0.2428615649,2022-01-05T23:59:59.999000+00:00,4H
E00376,candidate_macro_low,2022-01-06T00:00:00+00:00,2022-01-06T08:00:00+00:00,42385.83,42385.83,0.213471,0.0,2139.46928571,,new_low_after_confirmed_macro_high,2022-01-06T23:59:59.999000+00:00,4H
E00377,candidate_macro_low,2022-01-07T00:00:00+00:00,2022-01-07T12:00:00+00:00,40456.56,40456.56,0.249271,0.0,2228.94714286,,new_low_after_confirmed_macro_high,2022-01-07T23:59:59.999000+00:00,4H
E00378,candidate_macro_low,2022-01-10T00:00:00+00:00,2022-01-10T12:00:00+00:00,39610.0,39610.0,0.26498,0.0,2323.925,,new_low_after_confirmed_macro_high,2022-01-10T23:59:59.999000+00:00,4H
E00379,candidate_macro_low,2022-01-21T00:00:00+00:00,2022-01-21T20:00:00+00:00,35380.92,35380.92,0.343457,0.0,2073.10214286,,new_low_after_confirmed_macro_high,2022-01-21T23:59:59.999000+00:00,4H
E00380,candidate_macro_low,2022-01-22T00:00:00+00:00,2022-01-22T08:00:00+00:00,33950.0,33950.0,0.370009,0.0,2146.86928571,,new_low_after_confirmed_macro_high,2022-01-22T23:59:59.999000+00:00,4H
E00381,candidate_macro_low,2022-01-24T00:00:00+00:00,2022-01-24T12:00:00+00:00,32853.83,32853.83,0.39035,0.0,2316.055,,new_low_after_confirmed_macro_high,2022-01-24T23:59:59.999000+00:00,4H
E00382,confirmed_macro_low,2022-01-24T00:00:00+00:00,2022-01-24T12:00:00+00:00,32853.83,32853.83,0.39035,0.270529,2269.63571429,,log_rebound>=ln(1.20000000)|log_rebound=0.2394337379,2022-02-04T23:59:59.999000+00:00,4H
E00383,confirmed_macro_high,2022-02-10T00:00:00+00:00,2022-02-10T16:00:00+00:00,45847.5,45847.5,0.173237,,2024.06214286,,log_drawdown>=ln(1.20000000)|log_drawdown=0.1902376421,2022-02-20T23:59:59.999000+00:00,4H
E00384,candidate_macro_low,2022-02-21T00:00:00+00:00,2022-02-21T20:00:00+00:00,36762.0,36762.0,0.198168,0.0,2010.96214286,,new_low_after_confirmed_macro_high,2022-02-21T23:59:59.999000+00:00,4H
E00385,candidate_macro_low,2022-02-22T00:00:00+00:00,2022-02-22T00:00:00+00:00,36310.1,36310.1,0.208024,0.0,1952.455,,new_low_after_confirmed_macro_high,2022-02-22T23:59:59.999000+00:00,4H
E00386,candidate_macro_low,2022-02-24T00:00:00+00:00,2022-02-24T04:00:00+00:00,34303.7,34303.7,0.251787,0.0,2231.865,,new_low_after_confirmed_macro_high,2022-02-24T23:59:59.999000+00:00,4H
E00387,confirmed_macro_low,2022-02-24T00:00:00+00:00,2022-02-24T04:00:00+00:00,34303.7,34303.7,0.251787,0.292601,2788.79785714,,log_rebound>=ln(1.20000000)|log_rebound=0.2566565369,2022-02-28T23:59:59.999000+00:00,4H
E00388,confirmed_macro_high,2022-03-02T00:00:00+00:00,2022-03-02T12:00:00+00:00,45350.0,45350.0,0.181169,,2823.15714286,,log_drawdown>=ln(1.20000000)|log_drawdown=0.1998771846,2022-03-07T23:59:59.999000+00:00,4H
E00389,candidate_macro_low,2022-03-08T00:00:00+00:00,2022-03-08T00:00:00+00:00,37853.0,37853.0,0.165314,0.0,2776.55714286,,new_low_after_confirmed_macro_high,2022-03-08T23:59:59.999000+00:00,4H
E00390,candidate_macro_low,2022-03-13T00:00:00+00:00,2022-03-13T20:00:00+00:00,37500.0,37500.0,0.173098,0.0,2590.7,,new_low_after_confirmed_macro_high,2022-03-13T23:59:59.999000+00:00,4H
E00391,confirmed_macro_low,2022-03-13T00:00:00+00:00,2022-03-13T20:00:00+00:00,37500.0,37500.0,0.173098,0.203787,1721.36428571,,log_rebound>=ln(1.20000000)|log_rebound=0.1854721440,2022-03-25T23:59:59.999000+00:00,4H
E00392,confirmed_macro_high,2022-03-28T00:00:00+00:00,2022-03-28T16:00:00+00:00,48200.0,48200.0,0.188035,,1825.45714286,,log_drawdown>=ln(1.20000000)|log_drawdown=0.2082983754,2022-04-11T23:59:59.999000+00:00,4H
E00393,candidate_macro_low,2022-04-12T00:00:00+00:00,2022-04-12T20:00:00+00:00,39224.0,39224.0,0.186224,0.0,1845.95714286,,new_low_after_confirmed_macro_high,2022-04-12T23:59:59.999000+00:00,4H
E00394,candidate_macro_low,2022-04-18T00:00:00+00:00,2022-04-18T04:00:00+00:00,38465.7,38465.7,0.201956,0.0,1725.47142857,,new_low_after_confirmed_macro_high,2022-04-18T23:59:59.999000+00:00,4H
E00395,candidate_macro_low,2022-04-25T00:00:00+00:00,2022-04-25T04:00:00+00:00,38111.0,38111.0,0.209315,0.0,1655.92857143,,new_low_after_confirmed_macro_high,2022-04-25T23:59:59.999000+00:00,4H
E00396,candidate_macro_low,2022-04-26T00:00:00+00:00,2022-04-26T20:00:00+00:00,37671.8,37671.8,0.218427,0.0,1773.94285714,,new_low_after_confirmed_macro_high,2022-04-26T23:59:59.999000+00:00,4H
E00397,candidate_macro_low,2022-04-30T00:00:00+00:00,2022-04-30T20:00:00+00:00,37550.0,37550.0,0.220954,0.0,1792.92857143,,new_low_after_confirmed_macro_high,2022-04-30T23:59:59.999000+00:00,4H
E00398,candidate_macro_low,2022-05-01T00:00:00+00:00,2022-05-01T00:00:00+00:00,37350.0,37350.0,0.225104,0.0,1811.96428571,,new_low_after_confirmed_macro_high,2022-05-01T23:59:59.999000+00:00,4H
E00399,candidate_macro_low,2022-05-05T00:00:00+00:00,2022-05-05T16:00:00+00:00,35388.0,35388.0,0.265809,0.0,1843.85714286,,new_low_after_confirmed_macro_high,2022-05-05T23:59:59.999000+00:00,4H
E00400,candidate_macro_low,2022-05-06T00:00:00+00:00,2022-05-06T12:00:00+00:00,35200.0,35200.0,0.26971,0.0,1831.44285714,,new_low_after_confirmed_macro_high,2022-05-06T23:59:59.999000+00:00,4H
E00401,candidate_macro_low,2022-05-07T00:00:00+00:00,2022-05-07T20:00:00+00:00,34700.0,34700.0,0.280083,0.0,1881.22857143,,new_low_after_confirmed_macro_high,2022-05-07T23:59:59.999000+00:00,4H
E00402,candidate_macro_low,2022-05-08T00:00:00+00:00,2022-05-08T16:00:00+00:00,33665.0,33665.0,0.301556,0.0,1937.83571429,,new_low_after_confirmed_macro_high,2022-05-08T23:59:59.999000+00:00,4H
E00403,candidate_macro_low,2022-05-09T00:00:00+00:00,2022-05-09T20:00:00+00:00,30003.6,30003.6,0.377519,0.0,2059.31428571,,new_low_after_confirmed_macro_high,2022-05-09T23:59:59.999000+00:00,4H
E00404,candidate_macro_low,2022-05-10T00:00:00+00:00,2022-05-10T00:00:00+00:00,29701.4,29701.4,0.383788,0.0,2046.48571429,,new_low_after_confirmed_macro_high,2022-05-10T23:59:59.999000+00:00,4H
E00405,candidate_macro_low,2022-05-11T00:00:00+00:00,2022-05-11T20:00:00+00:00,27651.0,27651.0,0.426328,0.0,2255.13571429,,new_low_after_confirmed_macro_high,2022-05-11T23:59:59.999000+00:00,4H
E00406,candidate_macro_low,2022-05-12T00:00:00+00:00,2022-05-12T04:00:00+00:00,26631.0,26631.0,0.44749,0.0,2405.93571429,,new_low_after_confirmed_macro_high,2022-05-12T23:59:59.999000+00:00,4H
E00407,confirmed_macro_low,2022-05-12T00:00:00+00:00,2022-05-12T04:00:00+00:00,26631.0,26631.0,0.44749,0.213158,1497.43571429,,log_rebound>=ln(1.20000000)|log_rebound=0.1932265459,2022-05-30T23:59:59.999000+00:00,4H
E00408,confirmed_macro_high,2022-05-31T00:00:00+00:00,2022-05-31T16:00:00+00:00,32427.5,32427.5,0.181599,,1593.71428571,,log_drawdown>=ln(1.20000000)|log_drawdown=0.2004027832,2022-06-12T23:59:59.999000+00:00,4H
E00409,candidate_macro_low,2022-06-13T00:00:00+00:00,2022-06-13T20:00:00+00:00,21900.0,21900.0,0.324647,0.0,1734.46428571,,new_low_after_confirmed_macro_high,2022-06-13T23:59:59.999000+00:00,4H
E00410,confirmed_macro_low,2022-06-13T00:00:00+00:00,2022-06-13T20:00:00+00:00,21900.0,21900.0,0.324647,0.22726,1734.46428571,,log_rebound>=ln(1.20000000)|log_rebound=0.2047842655,2022-06-13T23:59:59.999000+00:00,4H
E00411,confirmed_macro_high,2022-06-13T00:00:00+00:00,2022-06-13T00:00:00+00:00,26877.0,26877.0,0.225248,,1834.15714286,,log_drawdown>=ln(1.20000000)|log_drawdown=0.2552127573,2022-06-14T23:59:59.999000+00:00,4H
E00412,candidate_macro_low,2022-06-15T00:00:00+00:00,2022-06-15T08:00:00+00:00,20100.2,20100.2,0.252141,0.0,1835.13571429,,new_low_after_confirmed_macro_high,2022-06-15T23:59:59.999000+00:00,4H
E00413,candidate_macro_low,2022-06-18T00:00:00+00:00,2022-06-18T20:00:00+00:00,17593.2,17593.2,0.345418,0.0,2115.42857143,,new_low_after_confirmed_macro_high,2022-06-18T23:59:59.999000+00:00,4H
E00414,confirmed_macro_low,2022-06-18T00:00:00+00:00,2022-06-18T20:00:00+00:00,17593.2,17593.2,0.345418,0.235705,2166.74285714,,log_rebound>=ln(1.20000000)|log_rebound=0.2116414179,2022-06-21T23:59:59.999000+00:00,4H
E00415,confirmed_macro_high,2022-08-15T00:00:00+00:00,2022-08-15T00:00:00+00:00,25200.0,25200.0,0.17619,,1041.39285714,,log_drawdown>=ln(1.20000000)|log_drawdown=0.1938159362,2022-08-19T23:59:59.999000+00:00,4H
E00416,candidate_macro_low,2022-08-20T00:00:00+00:00,2022-08-20T20:00:00+00:00,20742.9,20742.9,0.176869,0.0,1053.37857143,,new_low_after_confirmed_macro_high,2022-08-20T23:59:59.999000+00:00,4H
E00417,candidate_macro_low,2022-08-26T00:00:00+00:00,2022-08-26T20:00:00+00:00,20100.0,20100.0,0.202381,0.0,978.38571429,,new_low_after_confirmed_macro_high,2022-08-26T23:59:59.999000+00:00,4H
E00418,candidate_macro_low,2022-08-27T00:00:00+00:00,2022-08-27T12:00:00+00:00,19744.0,19744.0,0.216508,0.0,979.25714286,,new_low_after_confirmed_macro_high,2022-08-27T23:59:59.999000+00:00,4H
E00419,candidate_macro_low,2022-08-28T00:00:00+00:00,2022-08-28T20:00:00+00:00,19508.0,19508.0,0.225873,0.0,959.25714286,,new_low_after_confirmed_macro_high,2022-08-28T23:59:59.999000+00:00,4H
E00420,candidate_macro_low,2022-09-06T00:00:00+00:00,2022-09-06T20:00:00+00:00,18600.0,18600.0,0.261905,0.0,801.57142857,,new_low_after_confirmed_macro_high,2022-09-06T23:59:59.999000+00:00,4H
E00421,candidate_macro_low,2022-09-07T00:00:00+00:00,2022-09-07T00:00:00+00:00,18500.0,18500.0,0.265873,0.0,813.12142857,,new_low_after_confirmed_macro_high,2022-09-07T23:59:59.999000+00:00,4H
E00422,confirmed_macro_low,2022-09-07T00:00:00+00:00,2022-09-07T00:00:00+00:00,18500.0,18500.0,0.265873,0.214811,853.75714286,,log_rebound>=ln(1.20000000)|log_rebound=0.1945883534,2022-09-12T23:59:59.999000+00:00,4H
E00423,confirmed_macro_high,2022-09-13T00:00:00+00:00,2022-09-13T12:00:00+00:00,22850.0,22850.0,0.202845,,1116.11428571,,log_drawdown>=ln(1.20000000)|log_drawdown=0.2267056869,2022-09-19T23:59:59.999000+00:00,4H
E00424,candidate_macro_low,2022-09-20T00:00:00+00:00,2022-09-20T16:00:00+00:00,18690.1,18690.1,0.182053,0.0,1070.41428571,,new_low_after_confirmed_macro_high,2022-09-20T23:59:59.999000+00:00,4H
E00425,candidate_macro_low,2022-09-21T00:00:00+00:00,2022-09-21T20:00:00+00:00,18084.3,18084.3,0.208565,0.0,1150.04285714,,new_low_after_confirmed_macro_high,2022-09-21T23:59:59.999000+00:00,4H
E00426,candidate_macro_low,2022-10-13T00:00:00+00:00,2022-10-13T12:00:00+00:00,17917.8,17917.8,0.215851,0.0,658.42142857,,new_low_after_confirmed_macro_high,2022-10-13T23:59:59.999000+00:00,4H
E00427,candidate_macro_low,2022-11-08T00:00:00+00:00,2022-11-08T16:00:00+00:00,16830.0,16830.0,0.263457,0.0,864.17142857,,new_low_after_confirmed_macro_high,2022-11-08T23:59:59.999000+00:00,4H
E00428,confirmed_macro_low,2022-11-08T00:00:00+00:00,2022-11-08T16:00:00+00:00,16830.0,16830.0,0.263457,0.229055,864.17142857,,log_rebound>=ln(1.20000000)|log_rebound=0.2062457917,2022-11-08T23:59:59.999000+00:00,4H
E00429,confirmed_macro_high,2022-11-08T00:00:00+00:00,2022-11-08T16:00:00+00:00,20685.0,20685.0,0.252473,,1015.84285714,,log_drawdown>=ln(1.20000000)|log_drawdown=0.2909845950,2022-11-09T23:59:59.999000+00:00,4H
E00430,candidate_macro_low,2022-11-10T00:00:00+00:00,2022-11-10T00:00:00+00:00,15730.0,15730.0,0.239546,0.0,1144.86428571,,new_low_after_confirmed_macro_high,2022-11-10T23:59:59.999000+00:00,4H
E00431,candidate_macro_low,2022-11-21T00:00:00+00:00,2022-11-21T20:00:00+00:00,15443.2,15443.2,0.253411,0.0,1225.83571429,,new_low_after_confirmed_macro_high,2022-11-21T23:59:59.999000+00:00,4H
E00432,confirmed_macro_low,2022-11-21T00:00:00+00:00,2022-11-21T20:00:00+00:00,15443.2,15443.2,0.253411,0.238085,345.15714286,,log_rebound>=ln(1.20000000)|log_rebound=0.2135661306,2023-01-12T23:59:59.999000+00:00,4H
E00433,confirmed_macro_high,2023-02-21T00:00:00+00:00,2023-02-21T08:00:00+00:00,25347.6,25347.6,0.210833,,810.24285714,,log_drawdown>=ln(1.20000000)|log_drawdown=0.2367767928,2023-03-09T23:59:59.999000+00:00,4H
E00434,candidate_macro_low,2023-03-10T00:00:00+00:00,2023-03-10T08:00:00+00:00,19521.6,19521.6,0.229844,0.0,773.92857143,,new_low_after_confirmed_macro_high,2023-03-10T23:59:59.999000+00:00,4H
E00435,confirmed_macro_low,2023-03-10T00:00:00+00:00,2023-03-10T08:00:00+00:00,19521.6,19521.6,0.229844,0.255901,1032.60714286,,log_rebound>=ln(1.20000000)|log_rebound=0.2278533672,2023-03-13T23:59:59.999000+00:00,4H
E00436,confirmed_macro_high,2023-04-14T00:00:00+00:00,2023-04-14T04:00:00+00:00,31059.0,31059.0,0.170901,,1076.19285714,,log_drawdown>=ln(1.20000000)|log_drawdown=0.1874151601,2023-05-12T23:59:59.999000+00:00,4H
E00437,candidate_macro_low,2023-05-13T00:00:00+00:00,2023-05-13T04:00:00+00:00,26674.9,26674.9,0.141154,0.0,1071.41428571,,new_low_after_confirmed_macro_high,2023-05-13T23:59:59.999000+00:00,4H
E00438,candidate_macro_low,2023-05-14T00:00:00+00:00,2023-05-14T00:00:00+00:00,26557.0,26557.0,0.14495,0.0,1054.3,,new_low_after_confirmed_macro_high,2023-05-14T23:59:59.999000+00:00,4H
E00439,candidate_macro_low,2023-05-17T00:00:00+00:00,2023-05-17T12:00:00+00:00,26527.5,26527.5,0.1459,0.0,946.65,,new_low_after_confirmed_macro_high,2023-05-17T23:59:59.999000+00:00,4H
E00440,candidate_macro_low,2023-05-18T00:00:00+00:00,2023-05-18T16:00:00+00:00,26335.3,26335.3,0.152088,0.0,977.17857143,,new_low_after_confirmed_macro_high,2023-05-18T23:59:59.999000+00:00,4H
E00441,candidate_macro_low,2023-05-24T00:00:00+00:00,2023-05-24T12:00:00+00:00,26060.0,26060.0,0.160952,0.0,776.37857143,,new_low_after_confirmed_macro_high,2023-05-24T23:59:59.999000+00:00,4H
E00442,candidate_macro_low,2023-05-25T00:00:00+00:00,2023-05-25T00:00:00+00:00,25850.0,25850.0,0.167713,0.0,765.86428571,,new_low_after_confirmed_macro_high,2023-05-25T23:59:59.999000+00:00,4H
E00443,candidate_macro_low,2023-06-05T00:00:00+00:00,2023-06-05T16:00:00+00:00,25360.1,25360.1,0.183486,0.0,849.80714286,,new_low_after_confirmed_macro_high,2023-06-05T23:59:59.999000+00:00,4H
E00444,candidate_macro_low,2023-06-06T00:00:00+00:00,2023-06-06T12:00:00+00:00,25321.6,25321.6,0.184726,0.0,942.06428571,,new_low_after_confirmed_macro_high,2023-06-06T23:59:59.999000+00:00,4H
E00445,candidate_macro_low,2023-06-10T00:00:00+00:00,2023-06-10T16:00:00+00:00,25300.0,25300.0,0.185421,0.0,994.39285714,,new_low_after_confirmed_macro_high,2023-06-10T23:59:59.999000+00:00,4H
E00446,candidate_macro_low,2023-06-14T00:00:00+00:00,2023-06-14T20:00:00+00:00,24796.8,24796.8,0.201623,0.0,934.21428571,,new_low_after_confirmed_macro_high,2023-06-14T23:59:59.999000+00:00,4H
E00447,candidate_macro_low,2023-06-15T00:00:00+00:00,2023-06-15T08:00:00+00:00,24777.0,24777.0,0.20226,0.0,950.29285714,,new_low_after_confirmed_macro_high,2023-06-15T23:59:59.999000+00:00,4H
E00448,confirmed_macro_low,2023-06-15T00:00:00+00:00,2023-06-15T08:00:00+00:00,24777.0,24777.0,0.20226,0.243976,1015.7,,log_rebound>=ln(1.20000000)|log_rebound=0.2183129172,2023-06-21T23:59:59.999000+00:00,4H
E00449,confirmed_macro_high,2023-07-13T00:00:00+00:00,2023-07-13T16:00:00+00:00,31850.0,31850.0,0.228226,,738.6,,log_drawdown>=ln(1.20000000)|log_drawdown=0.2590635952,2023-08-17T23:59:59.999000+00:00,4H
E00450,candidate_macro_low,2023-08-18T00:00:00+00:00,2023-08-18T16:00:00+00:00,25600.0,25600.0,0.196232,0.0,786.75714286,,new_low_after_confirmed_macro_high,2023-08-18T23:59:59.999000+00:00,4H
E00451,candidate_macro_low,2023-08-22T00:00:00+00:00,2023-08-22T20:00:00+00:00,25280.0,25280.0,0.206279,0.0,789.28571429,,new_low_after_confirmed_macro_high,2023-08-22T23:59:59.999000+00:00,4H
E00452,candidate_macro_low,2023-09-11T00:00:00+00:00,2023-09-11T20:00:00+00:00,24888.0,24888.0,0.218587,0.0,821.05,,new_low_after_confirmed_macro_high,2023-09-11T23:59:59.999000+00:00,4H
E00453,confirmed_macro_low,2023-09-11T00:00:00+00:00,2023-09-11T20:00:00+00:00,24888.0,24888.0,0.218587,0.23433,811.47142857,,log_rebound>=ln(1.20000000)|log_rebound=0.2105281487,2023-10-16T23:59:59.999000+00:00,4H
E00454,confirmed_macro_high,2023-10-23T00:00:00+00:00,2023-10-23T20:00:00+00:00,35981.9,35981.9,0.169877,,1319.85,,log_drawdown>=ln(1.20000000)|log_drawdown=0.1861814893,2023-10-23T23:59:59.999000+00:00,4H
E00455,candidate_macro_low,2023-10-24T00:00:00+00:00,2023-10-24T00:00:00+00:00,32833.5,32833.5,0.0875,0.0,1464.15,,new_low_after_confirmed_macro_high,2023-10-24T23:59:59.999000+00:00,4H
E00456,confirmed_macro_low,2023-10-24T00:00:00+00:00,2023-10-24T00:00:00+00:00,32833.5,32833.5,0.0875,0.215222,1159.11428571,,log_rebound>=ln(1.20000000)|log_rebound=0.1949269883,2023-12-02T23:59:59.999000+00:00,4H
E00457,confirmed_macro_high,2024-01-11T00:00:00+00:00,2024-01-11T12:00:00+00:00,49027.5,49027.5,0.170392,,2318.06428571,,log_drawdown>=ln(1.20000000)|log_drawdown=0.1868021318,2024-01-18T23:59:59.999000+00:00,4H
E00458,candidate_macro_low,2024-01-19T00:00:00+00:00,2024-01-19T16:00:00+00:00,40300.0,40300.0,0.178012,0.0,2296.42142857,,new_low_after_confirmed_macro_high,2024-01-19T23:59:59.999000+00:00,4H
E00459,candidate_macro_low,2024-01-22T00:00:00+00:00,2024-01-22T16:00:00+00:00,39402.0,39402.0,0.196329,0.0,2096.02857143,,new_low_after_confirmed_macro_high,2024-01-22T23:59:59.999000+00:00,4H
E00460,candidate_macro_low,2024-01-23T00:00:00+00:00,2024-01-23T12:00:00+00:00,38545.0,38545.0,0.213809,0.0,1949.23571429,,new_low_after_confirmed_macro_high,2024-01-23T23:59:59.999000+00:00,4H
E00461,confirmed_macro_low,2024-01-23T00:00:00+00:00,2024-01-23T12:00:00+00:00,38545.0,38545.0,0.213809,0.251273,1305.75714286,,log_rebound>=ln(1.20000000)|log_rebound=0.2241610643,2024-02-09T23:59:59.999000+00:00,4H
E00462,ath_update,2024-03-05T00:00:00+00:00,2024-03-05T12:00:00+00:00,69350.0,69350.0,0.0,,3285.95,0.0,high_gt_all_previous_high,2024-03-05T23:59:59.999000+00:00,4H
E00463,ath_update,2024-03-08T00:00:00+00:00,2024-03-08T12:00:00+00:00,70330.8,70330.8,0.0,,3821.82142857,0.0,high_gt_all_previous_high,2024-03-08T23:59:59.999000+00:00,4H
E00464,ath_update,2024-03-11T00:00:00+00:00,2024-03-11T16:00:00+00:00,72890.0,72890.0,0.0,,3999.72857143,0.0,high_gt_all_previous_high,2024-03-11T23:59:59.999000+00:00,4H
E00465,ath_update,2024-03-12T00:00:00+00:00,2024-03-12T12:00:00+00:00,73370.0,73370.0,0.0,,4105.8,0.0,high_gt_all_previous_high,2024-03-12T23:59:59.999000+00:00,4H
E00466,ath_update,2024-03-13T00:00:00+00:00,2024-03-13T08:00:00+00:00,73755.0,73755.0,0.0,,3734.15714286,0.0,high_gt_all_previous_high,2024-03-13T23:59:59.999000+00:00,4H
E00467,ath_update,2024-03-14T00:00:00+00:00,2024-03-14T04:00:00+00:00,73881.4,73881.4,0.0,,3874.91428571,0.0,high_gt_all_previous_high,2024-03-14T23:59:59.999000+00:00,4H
E00468,confirmed_macro_high,2024-03-14T00:00:00+00:00,2024-03-14T04:00:00+00:00,73881.4,73881.4,0.177059,,4329.62142857,,log_drawdown>=ln(1.20000000)|log_drawdown=0.1948713158,2024-03-20T23:59:59.999000+00:00,4H
E00469,candidate_macro_low,2024-03-21T00:00:00+00:00,2024-03-21T20:00:00+00:00,64550.1,64550.1,0.126301,0.0,4419.03571429,,new_low_after_confirmed_macro_high,2024-03-21T23:59:59.999000+00:00,4H
E00470,candidate_macro_low,2024-03-22T00:00:00+00:00,2024-03-22T20:00:00+00:00,62294.0,62294.0,0.156838,0.0,4432.4,,new_low_after_confirmed_macro_high,2024-03-22T23:59:59.999000+00:00,4H
E00471,candidate_macro_low,2024-04-13T00:00:00+00:00,2024-04-13T20:00:00+00:00,59652.5,59652.5,0.192591,0.0,3661.22142857,,new_low_after_confirmed_macro_high,2024-04-13T23:59:59.999000+00:00,4H
E00472,candidate_macro_low,2024-04-17T00:00:00+00:00,2024-04-17T16:00:00+00:00,59625.0,59625.0,0.192963,0.0,3894.66428571,,new_low_after_confirmed_macro_high,2024-04-17T23:59:59.999000+00:00,4H
E00473,candidate_macro_low,2024-04-19T00:00:00+00:00,2024-04-19T00:00:00+00:00,59541.0,59541.0,0.1941,0.0,4053.55,,new_low_after_confirmed_macro_high,2024-04-19T23:59:59.999000+00:00,4H
E00474,candidate_macro_low,2024-04-30T00:00:00+00:00,2024-04-30T16:00:00+00:00,59150.0,59150.0,0.199393,0.0,2920.7,,new_low_after_confirmed_macro_high,2024-04-30T23:59:59.999000+00:00,4H
E00475,candidate_macro_low,2024-05-01T00:00:00+00:00,2024-05-01T08:00:00+00:00,56537.7,56537.7,0.234751,0.0,2879.32142857,,new_low_after_confirmed_macro_high,2024-05-01T23:59:59.999000+00:00,4H
E00476,confirmed_macro_low,2024-05-01T00:00:00+00:00,2024-05-01T08:00:00+00:00,56537.7,56537.7,0.234751,0.267731,2562.07857143,,log_rebound>=ln(1.20000000)|log_rebound=0.2372287587,2024-05-20T23:59:59.999000+00:00,4H
E00477,confirmed_macro_high,2024-06-07T00:00:00+00:00,2024-06-07T12:00:00+00:00,72144.0,72144.0,0.193031,,2113.98571429,,log_drawdown>=ln(1.20000000)|log_drawdown=0.2144695364,2024-06-24T23:59:59.999000+00:00,4H
E00478,candidate_macro_low,2024-06-25T00:00:00+00:00,2024-06-25T00:00:00+00:00,60230.5,60230.5,0.165135,0.0,2015.24285714,,new_low_after_confirmed_macro_high,2024-06-25T23:59:59.999000+00:00,4H
E00479,candidate_macro_low,2024-06-28T00:00:00+00:00,2024-06-28T20:00:00+00:00,60038.0,60038.0,0.167803,0.0,1867.46428571,,new_low_after_confirmed_macro_high,2024-06-28T23:59:59.999000+00:00,4H
E00480,candidate_macro_low,2024-07-03T00:00:00+00:00,2024-07-03T20:00:00+00:00,59299.3,59299.3,0.178043,0.0,1975.92857143,,new_low_after_confirmed_macro_high,2024-07-03T23:59:59.999000+00:00,4H
E00481,candidate_macro_low,2024-07-04T00:00:00+00:00,2024-07-04T20:00:00+00:00,56560.0,56560.0,0.216012,0.0,2118.71428571,,new_low_after_confirmed_macro_high,2024-07-04T23:59:59.999000+00:00,4H
E00482,candidate_macro_low,2024-07-05T00:00:00+00:00,2024-07-05T04:00:00+00:00,53329.5,53329.5,0.260791,0.0,2297.97142857,,new_low_after_confirmed_macro_high,2024-07-05T23:59:59.999000+00:00,4H
E00483,confirmed_macro_low,2024-07-05T00:00:00+00:00,2024-07-05T04:00:00+00:00,53329.5,53329.5,0.260791,0.216413,2822.67857143,,log_rebound>=ln(1.20000000)|log_rebound=0.1959064090,2024-07-15T23:59:59.999000+00:00,4H
E00484,confirmed_macro_high,2024-07-29T00:00:00+00:00,2024-07-29T12:00:00+00:00,70081.0,70081.0,0.186085,,2673.16428571,,log_drawdown>=ln(1.20000000)|log_drawdown=0.2058989398,2024-08-04T23:59:59.999000+00:00,4H
E00485,candidate_macro_low,2024-08-05T00:00:00+00:00,2024-08-05T04:00:00+00:00,48888.0,48888.0,0.302407,0.0,3207.29285714,,new_low_after_confirmed_macro_high,2024-08-05T23:59:59.999000+00:00,4H
E00486,confirmed_macro_low,2024-08-05T00:00:00+00:00,2024-08-05T04:00:00+00:00,48888.0,48888.0,0.302407,0.283284,3726.7,,log_rebound>=ln(1.20000000)|log_rebound=0.2494226055,2024-08-08T23:59:59.999000+00:00,4H
E00487,confirmed_macro_high,2024-08-25T00:00:00+00:00,2024-08-25T20:00:00+00:00,65175.4,65175.4,0.194316,,2445.21428571,,log_drawdown>=ln(1.20000000)|log_drawdown=0.2160632344,2024-09-06T23:59:59.999000+00:00,4H
E00488,candidate_macro_low,2024-09-07T00:00:00+00:00,2024-09-07T00:00:00+00:00,53725.0,53725.0,0.175686,0.0,2455.6,,new_low_after_confirmed_macro_high,2024-09-07T23:59:59.999000+00:00,4H
E00489,candidate_macro_low,2024-09-08T00:00:00+00:00,2024-09-08T16:00:00+00:00,53596.5,53596.5,0.177658,0.0,2474.12857143,,new_low_after_confirmed_macro_high,2024-09-08T23:59:59.999000+00:00,4H
E00490,confirmed_macro_low,2024-09-08T00:00:00+00:00,2024-09-08T16:00:00+00:00,53596.5,53596.5,0.177658,0.207631,2019.43571429,,log_rebound>=ln(1.20000000)|log_rebound=0.1886606682,2024-09-23T23:59:59.999000+00:00,4H
E00491,ath_update,2024-11-06T00:00:00+00:00,2024-11-06T20:00:00+00:00,76420.0,76420.0,0.0,,2699.6,0.0,high_gt_all_previous_high,2024-11-06T23:59:59.999000+00:00,4H
E00492,ath_update,2024-11-07T00:00:00+00:00,2024-11-07T20:00:00+00:00,76900.0,76900.0,0.0,,2705.99285714,0.0,high_gt_all_previous_high,2024-11-07T23:59:59.999000+00:00,4H
E00493,ath_update,2024-11-08T00:00:00+00:00,2024-11-08T16:00:00+00:00,77182.9,77182.9,0.0,,2592.83571429,0.0,high_gt_all_previous_high,2024-11-08T23:59:59.999000+00:00,4H
E00494,ath_update,2024-11-10T00:00:00+00:00,2024-11-10T20:00:00+00:00,81699.8,81699.8,0.0,,2878.75714286,0.0,high_gt_all_previous_high,2024-11-10T23:59:59.999000+00:00,4H
E00495,ath_update,2024-11-11T00:00:00+00:00,2024-11-11T20:00:00+00:00,89800.0,89800.0,0.0,,3363.9,0.0,high_gt_all_previous_high,2024-11-11T23:59:59.999000+00:00,4H
E00496,ath_update,2024-11-12T00:00:00+00:00,2024-11-12T04:00:00+00:00,90070.1,90070.1,0.0,,3434.12857143,0.0,high_gt_all_previous_high,2024-11-12T23:59:59.999000+00:00,4H
E00497,ath_update,2024-11-13T00:00:00+00:00,2024-11-13T16:00:00+00:00,93421.1,93421.1,0.0,,3841.3,0.0,high_gt_all_previous_high,2024-11-13T23:59:59.999000+00:00,4H
E00498,ath_update,2024-11-19T00:00:00+00:00,2024-11-19T16:00:00+00:00,93985.9,93985.9,0.0,,4333.11428571,0.0,high_gt_all_previous_high,2024-11-19T23:59:59.999000+00:00,4H
E00499,ath_update,2024-11-20T00:00:00+00:00,2024-11-20T12:00:00+00:00,94849.0,94849.0,0.0,,4061.80714286,0.0,high_gt_all_previous_high,2024-11-20T23:59:59.999000+00:00,4H
E00500,ath_update,2024-11-21T00:00:00+00:00,2024-11-21T16:00:00+00:00,99100.0,99100.0,0.0,,4250.47142857,0.0,high_gt_all_previous_high,2024-11-21T23:59:59.999000+00:00,4H
E00501,ath_update,2024-11-22T00:00:00+00:00,2024-11-22T16:00:00+00:00,99660.0,99660.0,0.0,,4311.43571429,0.0,high_gt_all_previous_high,2024-11-22T23:59:59.999000+00:00,4H
E00502,ath_update,2024-12-05T00:00:00+00:00,2024-12-05T00:00:00+00:00,104630.4,104630.4,0.0,,4093.2,0.0,high_gt_all_previous_high,2024-12-05T23:59:59.999000+00:00,4H
E00503,ath_update,2024-12-15T00:00:00+00:00,2024-12-15T20:00:00+00:00,105374.6,105374.6,0.0,,4658.68571429,0.0,high_gt_all_previous_high,2024-12-15T23:59:59.999000+00:00,4H
E00504,ath_update,2024-12-16T00:00:00+00:00,2024-12-16T16:00:00+00:00,107777.0,107777.0,0.0,,4704.85714286,0.0,high_gt_all_previous_high,2024-12-16T23:59:59.999000+00:00,4H
E00505,ath_update,2024-12-17T00:00:00+00:00,2024-12-17T12:00:00+00:00,108366.8,108366.8,0.0,,4729.48571429,0.0,high_gt_all_previous_high,2024-12-17T23:59:59.999000+00:00,4H
E00506,confirmed_macro_high,2024-12-17T00:00:00+00:00,2024-12-17T12:00:00+00:00,108366.8,108366.8,0.179555,,3560.61428571,,log_drawdown>=ln(1.20000000)|log_drawdown=0.1979083943,2025-01-13T23:59:59.999000+00:00,4H
E00507,candidate_macro_low,2025-01-14T00:00:00+00:00,2025-01-14T00:00:00+00:00,94305.4,94305.4,0.129757,0.0,3474.48571429,,new_low_after_confirmed_macro_high,2025-01-14T23:59:59.999000+00:00,4H
E00508,ath_update,2025-01-20T00:00:00+00:00,2025-01-20T04:00:00+00:00,110000.0,110000.0,0.0,,4722.95,0.0,high_gt_all_previous_high,2025-01-20T23:59:59.999000+00:00,4H
E00509,candidate_macro_low,2025-02-03T00:00:00+00:00,2025-02-03T00:00:00+00:00,91130.3,91130.3,0.159057,0.0,4583.67857143,,new_low_after_confirmed_macro_high,2025-02-03T23:59:59.999000+00:00,4H
E00510,candidate_macro_low,2025-02-25T00:00:00+00:00,2025-02-25T12:00:00+00:00,86020.4,86020.4,0.206211,0.0,2883.55,,new_low_after_confirmed_macro_high,2025-02-25T23:59:59.999000+00:00,4H
E00511,candidate_macro_low,2025-02-26T00:00:00+00:00,2025-02-26T20:00:00+00:00,82222.0,82222.0,0.241262,0.0,3101.98571429,,new_low_after_confirmed_macro_high,2025-02-26T23:59:59.999000+00:00,4H
E00512,candidate_macro_low,2025-02-28T00:00:00+00:00,2025-02-28T08:00:00+00:00,78200.2,78200.2,0.278375,0.0,3517.87857143,,new_low_after_confirmed_macro_high,2025-02-28T23:59:59.999000+00:00,4H
E00513,confirmed_macro_low,2025-02-28T00:00:00+00:00,2025-02-28T08:00:00+00:00,78200.2,78200.2,0.278375,0.21446,4250.62857143,,log_rebound>=ln(1.20000000)|log_rebound=0.1942993767,2025-03-02T23:59:59.999000+00:00,4H
E00514,confirmed_macro_high,2025-03-02T00:00:00+00:00,2025-03-02T16:00:00+00:00,94971.0,94971.0,0.184908,,6137.39285714,,log_drawdown>=ln(1.20000000)|log_drawdown=0.2044543188,2025-03-10T23:59:59.999000+00:00,4H
E00515,candidate_macro_low,2025-03-11T00:00:00+00:00,2025-03-11T00:00:00+00:00,76560.0,76560.0,0.193859,0.0,6177.42142857,,new_low_after_confirmed_macro_high,2025-03-11T23:59:59.999000+00:00,4H
E00516,candidate_macro_low,2025-04-07T00:00:00+00:00,2025-04-07T04:00:00+00:00,74457.0,74457.0,0.216003,0.0,3486.08571429,,new_low_after_confirmed_macro_high,2025-04-07T23:59:59.999000+00:00,4H
E00517,confirmed_macro_low,2025-04-07T00:00:00+00:00,2025-04-07T04:00:00+00:00,74457.0,74457.0,0.216003,0.264387,3428.30714286,,log_rebound>=ln(1.20000000)|log_rebound=0.2345878143,2025-04-22T23:59:59.999000+00:00,4H
E00518,ath_update,2025-05-21T00:00:00+00:00,2025-05-21T20:00:00+00:00,110830.0,110830.0,0.0,,3292.83571429,0.0,high_gt_all_previous_high,2025-05-21T23:59:59.999000+00:00,4H
E00519,ath_update,2025-05-22T00:00:00+00:00,2025-05-22T16:00:00+00:00,111959.5,111959.5,0.0,,2959.42857143,0.0,high_gt_all_previous_high,2025-05-22T23:59:59.999000+00:00,4H
E00520,ath_update,2025-07-09T00:00:00+00:00,2025-07-09T16:00:00+00:00,112036.8,112036.8,0.0,,2091.91428571,0.0,high_gt_all_previous_high,2025-07-09T23:59:59.999000+00:00,4H
E00521,ath_update,2025-07-10T00:00:00+00:00,2025-07-10T20:00:00+00:00,117500.0,117500.0,0.0,,2471.76428571,0.0,high_gt_all_previous_high,2025-07-10T23:59:59.999000+00:00,4H
E00522,ath_update,2025-07-11T00:00:00+00:00,2025-07-11T08:00:00+00:00,118882.8,118882.8,0.0,,2637.70714286,0.0,high_gt_all_previous_high,2025-07-11T23:59:59.999000+00:00,4H
E00523,ath_update,2025-07-13T00:00:00+00:00,2025-07-13T12:00:00+00:00,119655.0,119655.0,0.0,,2755.40714286,0.0,high_gt_all_previous_high,2025-07-13T23:59:59.999000+00:00,4H
E00524,ath_update,2025-07-14T00:00:00+00:00,2025-07-14T04:00:00+00:00,123300.0,123300.0,0.0,,2922.54285714,0.0,high_gt_all_previous_high,2025-07-14T23:59:59.999000+00:00,4H
E00525,ath_update,2025-08-13T00:00:00+00:00,2025-08-13T20:00:00+00:00,123715.9,123715.9,0.0,,2809.52142857,0.0,high_gt_all_previous_high,2025-08-13T23:59:59.999000+00:00,4H
E00526,ath_update,2025-08-14T00:00:00+00:00,2025-08-14T00:00:00+00:00,124545.6,124545.6,0.0,,3095.62857143,0.0,high_gt_all_previous_high,2025-08-14T23:59:59.999000+00:00,4H
E00527,ath_update,2025-10-05T00:00:00+00:00,2025-10-05T04:00:00+00:00,125877.3,125877.3,0.0,,2964.55,0.0,high_gt_all_previous_high,2025-10-05T23:59:59.999000+00:00,4H
E00528,ath_update,2025-10-06T00:00:00+00:00,2025-10-06T16:00:00+00:00,126208.5,126208.5,0.0,,2915.59285714,0.0,high_gt_all_previous_high,2025-10-06T23:59:59.999000+00:00,4H
E00529,confirmed_macro_high,2025-10-06T00:00:00+00:00,2025-10-06T16:00:00+00:00,126208.5,126208.5,0.195645,,4452.20714286,,log_drawdown>=ln(1.20000000)|log_drawdown=0.2177139544,2025-10-10T23:59:59.999000+00:00,4H
E00530,candidate_macro_low,2025-10-11T00:00:00+00:00,2025-10-11T20:00:00+00:00,109501.0,109501.0,0.13238,0.0,4675.13571429,,new_low_after_confirmed_macro_high,2025-10-11T23:59:59.999000+00:00,4H
E00531,candidate_macro_low,2025-10-16T00:00:00+00:00,2025-10-16T20:00:00+00:00,107350.0,107350.0,0.149423,0.0,5135.88571429,,new_low_after_confirmed_macro_high,2025-10-16T23:59:59.999000+00:00,4H
E00532,candidate_macro_low,2025-10-17T00:00:00+00:00,2025-10-17T08:00:00+00:00,103470.0,103470.0,0.180166,0.0,5209.44285714,,new_low_after_confirmed_macro_high,2025-10-17T23:59:59.999000+00:00,4H
E00533,candidate_macro_low,2025-11-04T00:00:00+00:00,2025-11-04T20:00:00+00:00,98888.8,98888.8,0.216465,0.0,3640.24285714,,new_low_after_confirmed_macro_high,2025-11-04T23:59:59.999000+00:00,4H
E00534,candidate_macro_low,2025-11-13T00:00:00+00:00,2025-11-13T20:00:00+00:00,97959.0,97959.0,0.223832,0.0,4184.47142857,,new_low_after_confirmed_macro_high,2025-11-13T23:59:59.999000+00:00,4H
E00535,candidate_macro_low,2025-11-14T00:00:00+00:00,2025-11-14T20:00:00+00:00,93955.0,93955.0,0.255557,0.0,4391.71428571,,new_low_after_confirmed_macro_high,2025-11-14T23:59:59.999000+00:00,4H
E00536,candidate_macro_low,2025-11-16T00:00:00+00:00,2025-11-16T20:00:00+00:00,92922.8,92922.8,0.263736,0.0,4598.90714286,,new_low_after_confirmed_macro_high,2025-11-16T23:59:59.999000+00:00,4H
E00537,candidate_macro_low,2025-11-17T00:00:00+00:00,2025-11-17T20:00:00+00:00,91250.0,91250.0,0.27699,0.0,4552.56428571,,new_low_after_confirmed_macro_high,2025-11-17T23:59:59.999000+00:00,4H
E00538,candidate_macro_low,2025-11-18T00:00:00+00:00,2025-11-18T04:00:00+00:00,89012.0,89012.0,0.294723,0.0,4295.70714286,,new_low_after_confirmed_macro_high,2025-11-18T23:59:59.999000+00:00,4H
E00539,candidate_macro_low,2025-11-19T00:00:00+00:00,2025-11-19T20:00:00+00:00,88564.4,88564.4,0.298269,0.0,4209.45714286,,new_low_after_confirmed_macro_high,2025-11-19T23:59:59.999000+00:00,4H
E00540,candidate_macro_low,2025-11-20T00:00:00+00:00,2025-11-20T16:00:00+00:00,86066.6,86066.6,0.31806,0.0,4431.71428571,,new_low_after_confirmed_macro_high,2025-11-20T23:59:59.999000+00:00,4H
E00541,candidate_macro_low,2025-11-21T00:00:00+00:00,2025-11-21T12:00:00+00:00,80600.0,80600.0,0.361374,0.0,4574.19285714,,new_low_after_confirmed_macro_high,2025-11-21T23:59:59.999000+00:00,4H
E00542,confirmed_macro_low,2025-11-21T00:00:00+00:00,2025-11-21T12:00:00+00:00,80600.0,80600.0,0.361374,0.201783,2342.26428571,,log_rebound>=ln(1.20000000)|log_rebound=0.1838061862,2026-01-13T23:59:59.999000+00:00,4H
E00543,confirmed_macro_high,2026-01-14T00:00:00+00:00,2026-01-14T20:00:00+00:00,97932.1,97932.1,0.172896,,2678.63571429,,log_drawdown>=ln(1.20000000)|log_drawdown=0.1898252267,2026-01-30T23:59:59.999000+00:00,4H
E00544,candidate_macro_low,2026-01-31T00:00:00+00:00,2026-01-31T16:00:00+00:00,75500.0,75500.0,0.229058,0.0,3256.85714286,,new_low_after_confirmed_macro_high,2026-01-31T23:59:59.999000+00:00,4H
E00545,candidate_macro_low,2026-02-02T00:00:00+00:00,2026-02-02T00:00:00+00:00,74555.0,74555.0,0.238707,0.0,3596.5,,new_low_after_confirmed_macro_high,2026-02-02T23:59:59.999000+00:00,4H
E00546,candidate_macro_low,2026-02-03T00:00:00+00:00,2026-02-03T16:00:00+00:00,72889.2,72889.2,0.255717,0.0,3683.35714286,,new_low_after_confirmed_macro_high,2026-02-03T23:59:59.999000+00:00,4H
E00547,candidate_macro_low,2026-02-04T00:00:00+00:00,2026-02-04T20:00:00+00:00,71838.0,71838.0,0.266451,0.0,3806.25,,new_low_after_confirmed_macro_high,2026-02-04T23:59:59.999000+00:00,4H
E00548,candidate_macro_low,2026-02-05T00:00:00+00:00,2026-02-05T20:00:00+00:00,62233.3,62233.3,0.364526,0.0,4464.88571429,,new_low_after_confirmed_macro_high,2026-02-05T23:59:59.999000+00:00,4H
E00549,candidate_macro_low,2026-02-06T00:00:00+00:00,2026-02-06T00:00:00+00:00,59800.0,59800.0,0.389373,0.0,5125.55714286,,new_low_after_confirmed_macro_high,2026-02-06T23:59:59.999000+00:00,4H
E00550,confirmed_macro_low,2026-02-06T00:00:00+00:00,2026-02-06T00:00:00+00:00,59800.0,59800.0,0.389373,0.20903,5401.22857143,,log_rebound>=ln(1.20000000)|log_rebound=0.1898184682,2026-02-08T23:59:59.999000+00:00,4H
E00551,confirmed_macro_high,2026-05-06T00:00:00+00:00,2026-05-06T08:00:00+00:00,82828.7,82828.7,0.201355,,2139.31428571,,log_drawdown>=ln(1.20000000)|log_drawdown=0.2248391472,2026-06-02T23:59:59.999000+00:00,4H
E00552,candidate_macro_low,2026-06-03T00:00:00+00:00,2026-06-03T20:00:00+00:00,64050.8,64050.8,0.226708,0.0,2289.47142857,,new_low_after_confirmed_macro_high,2026-06-03T23:59:59.999000+00:00,4H
E00553,candidate_macro_low,2026-06-04T00:00:00+00:00,2026-06-04T00:00:00+00:00,61344.8,61344.8,0.259377,0.0,2426.02142857,,new_low_after_confirmed_macro_high,2026-06-04T23:59:59.999000+00:00,4H
E00554,candidate_macro_low,2026-06-05T00:00:00+00:00,2026-06-05T16:00:00+00:00,59080.0,59080.0,0.286721,0.0,2592.75714286,,new_low_after_confirmed_macro_high,2026-06-05T23:59:59.999000+00:00,4H
E00555,candidate_macro_low,2026-06-24T00:00:00+00:00,2026-06-24T16:00:00+00:00,59060.0,59060.0,0.286962,0.0,2070.03571429,,new_low_after_confirmed_macro_high,2026-06-24T23:59:59.999000+00:00,4H
E00556,candidate_macro_low,2026-06-25T00:00:00+00:00,2026-06-25T12:00:00+00:00,58030.0,58030.0,0.299397,0.0,2174.99285714,,new_low_after_confirmed_macro_high,2026-06-25T23:59:59.999000+00:00,4H
E00557,candidate_macro_low,2026-07-01T00:00:00+00:00,2026-07-01T00:00:00+00:00,57758.6,57758.6,0.302674,0.0,2288.94285714,,new_low_after_confirmed_macro_high,2026-07-01T23:59:59.999000+00:00,4H
