open_datetime,close_datetime,close,regime,current_extreme
2017-08-17T00:00:00+00:00,2017-08-17T23:59:59.999000+00:00,4285.08,bull,2017-08-17T00:00:00+00:00|4485.39
2017-08-18T00:00:00+00:00,2017-08-18T23:59:59.999000+00:00,4108.37,bull,2017-08-17T00:00:00+00:00|4485.39
2017-08-19T00:00:00+00:00,2017-08-19T23:59:59.999000+00:00,4139.98,bull,2017-08-17T00:00:00+00:00|4485.39
2017-08-20T00:00:00+00:00,2017-08-20T23:59:59.999000+00:00,4086.29,bull,2017-08-17T00:00:00+00:00|4485.39
2017-08-21T00:00:00+00:00,2017-08-21T23:59:59.999000+00:00,4016.0,bull,2017-08-17T00:00:00+00:00|4485.39
2017-08-22T00:00:00+00:00,2017-08-22T23:59:59.999000+00:00,4040.0,bull,2017-08-17T00:00:00+00:00|4485.39
2017-08-23T00:00:00+00:00,2017-08-23T23:59:59.999000+00:00,4114.01,bull,2017-08-17T00:00:00+00:00|4485.39
2017-08-24T00:00:00+00:00,2017-08-24T23:59:59.999000+00:00,4316.01,bull,2017-08-17T00:00:00+00:00|4485.39
2017-08-25T00:00:00+00:00,2017-08-25T23:59:59.999000+00:00,4280.68,bull,2017-08-17T00:00:00+00:00|4485.39
2017-08-26T00:00:00+00:00,2017-08-26T23:59:59.999000+00:00,4337.44,bull,2017-08-17T00:00:00+00:00|4485.39
2017-08-27T00:00:00+00:00,2017-08-27T23:59:59.999000+00:00,4310.01,bull,2017-08-17T00:00:00+00:00|4485.39
2017-08-28T00:00:00+00:00,2017-08-28T23:59:59.999000+00:00,4386.69,bull,2017-08-17T00:00:00+00:00|4485.39
2017-08-29T00:00:00+00:00,2017-08-29T23:59:59.999000+00:00,4587.48,bull,2017-08-29T00:00:00+00:00|4625.85
2017-08-30T00:00:00+00:00,2017-08-30T23:59:59.999000+00:00,4555.14,bull,2017-08-30T00:00:00+00:00|4647.51
2017-08-31T00:00:00+00:00,2017-08-31T23:59:59.999000+00:00,4724.89,bull,2017-08-31T00:00:00+00:00|4745.42
2017-09-01T00:00:00+00:00,2017-09-01T23:59:59.999000+00:00,4834.91,bull,2017-09-01T00:00:00+00:00|4885.55
2017-09-02T00:00:00+00:00,2017-09-02T23:59:59.999000+00:00,4472.14,bull,2017-09-02T00:00:00+00:00|4939.19
2017-09-03T00:00:00+00:00,2017-09-03T23:59:59.999000+00:00,4509.08,bull,2017-09-02T00:00:00+00:00|4939.19
2017-09-04T00:00:00+00:00,2017-09-04T23:59:59.999000+00:00,4100.11,bull,2017-09-02T00:00:00+00:00|4939.19
2017-09-05T00:00:00+00:00,2017-09-05T23:59:59.999000+00:00,4366.47,bull,2017-09-02T00:00:00+00:00|4939.19
2017-09-06T00:00:00+00:00,2017-09-06T23:59:59.999000+00:00,4619.77,bull,2017-09-02T00:00:00+00:00|4939.19
2017-09-07T00:00:00+00:00,2017-09-07T23:59:59.999000+00:00,4691.61,bull,2017-09-02T00:00:00+00:00|4939.19
2017-09-08T00:00:00+00:00,2017-09-08T23:59:59.999000+00:00,4282.8,bull,2017-09-02T00:00:00+00:00|4939.19
2017-09-09T00:00:00+00:00,2017-09-09T23:59:59.999000+00:00,4258.81,bull,2017-09-02T00:00:00+00:00|4939.19
2017-09-10T00:00:00+00:00,2017-09-10T23:59:59.999000+00:00,4130.37,bull,2017-09-02T00:00:00+00:00|4939.19
2017-09-11T00:00:00+00:00,2017-09-11T23:59:59.999000+00:00,4208.47,bull,2017-09-02T00:00:00+00:00|4939.19
2017-09-12T00:00:00+00:00,2017-09-12T23:59:59.999000+00:00,4163.72,bull,2017-09-02T00:00:00+00:00|4939.19
2017-09-13T00:00:00+00:00,2017-09-13T23:59:59.999000+00:00,3944.69,bull,2017-09-02T00:00:00+00:00|4939.19
2017-09-14T00:00:00+00:00,2017-09-14T23:59:59.999000+00:00,3189.02,bull,2017-09-02T00:00:00+00:00|4939.19
2017-09-15T00:00:00+00:00,2017-09-15T23:59:59.999000+00:00,3700.0,bull,2017-09-02T00:00:00+00:00|4939.19
2017-09-16T00:00:00+00:00,2017-09-16T23:59:59.999000+00:00,3714.95,bull,2017-09-02T00:00:00+00:00|4939.19
2017-09-17T00:00:00+00:00,2017-09-17T23:59:59.999000+00:00,3699.99,bull,2017-09-02T00:00:00+00:00|4939.19
2017-09-18T00:00:00+00:00,2017-09-18T23:59:59.999000+00:00,4035.01,bull,2017-09-02T00:00:00+00:00|4939.19
2017-09-19T00:00:00+00:00,2017-09-19T23:59:59.999000+00:00,3910.04,bull,2017-09-02T00:00:00+00:00|4939.19
2017-09-20T00:00:00+00:00,2017-09-20T23:59:59.999000+00:00,3900.0,bull,2017-09-02T00:00:00+00:00|4939.19
2017-09-21T00:00:00+00:00,2017-09-21T23:59:59.999000+00:00,3609.99,bull,2017-09-02T00:00:00+00:00|4939.19
2017-09-22T00:00:00+00:00,2017-09-22T23:59:59.999000+00:00,3595.87,bull,2017-09-02T00:00:00+00:00|4939.19
2017-09-23T00:00:00+00:00,2017-09-23T23:59:59.999000+00:00,3780.0,bull,2017-09-02T00:00:00+00:00|4939.19
2017-09-24T00:00:00+00:00,2017-09-24T23:59:59.999000+00:00,3660.02,bull,2017-09-02T00:00:00+00:00|4939.19
2017-09-25T00:00:00+00:00,2017-09-25T23:59:59.999000+00:00,3920.75,bull,2017-09-02T00:00:00+00:00|4939.19
2017-09-26T00:00:00+00:00,2017-09-26T23:59:59.999000+00:00,3882.35,bull,2017-09-02T00:00:00+00:00|4939.19
2017-09-27T00:00:00+00:00,2017-09-27T23:59:59.999000+00:00,4193.0,bull,2017-09-02T00:00:00+00:00|4939.19
2017-09-28T00:00:00+00:00,2017-09-28T23:59:59.999000+00:00,4174.5,bull,2017-09-02T00:00:00+00:00|4939.19
2017-09-29T00:00:00+00:00,2017-09-29T23:59:59.999000+00:00,4174.69,bull,2017-09-02T00:00:00+00:00|4939.19
2017-09-30T00:00:00+00:00,2017-09-30T23:59:59.999000+00:00,4378.51,bull,2017-09-02T00:00:00+00:00|4939.19
2017-10-01T00:00:00+00:00,2017-10-01T23:59:59.999000+00:00,4378.48,bull,2017-09-02T00:00:00+00:00|4939.19
2017-10-02T00:00:00+00:00,2017-10-02T23:59:59.999000+00:00,4380.0,bull,2017-09-02T00:00:00+00:00|4939.19
2017-10-03T00:00:00+00:00,2017-10-03T23:59:59.999000+00:00,4310.0,bull,2017-09-02T00:00:00+00:00|4939.19
2017-10-04T00:00:00+00:00,2017-10-04T23:59:59.999000+00:00,4208.59,bull,2017-09-02T00:00:00+00:00|4939.19
2017-10-05T00:00:00+00:00,2017-10-05T23:59:59.999000+00:00,4292.43,bull,2017-09-02T00:00:00+00:00|4939.19
2017-10-06T00:00:00+00:00,2017-10-06T23:59:59.999000+00:00,4369.0,bull,2017-09-02T00:00:00+00:00|4939.19
2017-10-07T00:00:00+00:00,2017-10-07T23:59:59.999000+00:00,4423.0,bull,2017-09-02T00:00:00+00:00|4939.19
2017-10-08T00:00:00+00:00,2017-10-08T23:59:59.999000+00:00,4640.0,bull,2017-09-02T00:00:00+00:00|4939.19
2017-10-09T00:00:00+00:00,2017-10-09T23:59:59.999000+00:00,4786.95,bull,2017-09-02T00:00:00+00:00|4939.19
2017-10-10T00:00:00+00:00,2017-10-10T23:59:59.999000+00:00,4783.06,bull,2017-10-10T00:00:00+00:00|4960.0
2017-10-11T00:00:00+00:00,2017-10-11T23:59:59.999000+00:00,4821.43,bull,2017-10-10T00:00:00+00:00|4960.0
2017-10-12T00:00:00+00:00,2017-10-12T23:59:59.999000+00:00,5430.0,bull,2017-10-12T00:00:00+00:00|5439.99
2017-10-13T00:00:00+00:00,2017-10-13T23:59:59.999000+00:00,5649.98,bull,2017-10-13T00:00:00+00:00|5846.17
2017-10-14T00:00:00+00:00,2017-10-14T23:59:59.999000+00:00,5869.99,bull,2017-10-14T00:00:00+00:00|5900.0
2017-10-15T00:00:00+00:00,2017-10-15T23:59:59.999000+00:00,5709.99,bull,2017-10-15T00:00:00+00:00|5922.3
2017-10-16T00:00:00+00:00,2017-10-16T23:59:59.999000+00:00,5760.02,bull,2017-10-15T00:00:00+00:00|5922.3
2017-10-17T00:00:00+00:00,2017-10-17T23:59:59.999000+00:00,5595.0,bull,2017-10-15T00:00:00+00:00|5922.3
2017-10-18T00:00:00+00:00,2017-10-18T23:59:59.999000+00:00,5512.06,bull,2017-10-15T00:00:00+00:00|5922.3
2017-10-19T00:00:00+00:00,2017-10-19T23:59:59.999000+00:00,5683.9,bull,2017-10-15T00:00:00+00:00|5922.3
2017-10-20T00:00:00+00:00,2017-10-20T23:59:59.999000+00:00,6010.01,bull,2017-10-20T00:00:00+00:00|6110.0
2017-10-21T00:00:00+00:00,2017-10-21T23:59:59.999000+00:00,6024.97,bull,2017-10-21T00:00:00+00:00|6171.0
2017-10-22T00:00:00+00:00,2017-10-22T23:59:59.999000+00:00,5950.02,bull,2017-10-21T00:00:00+00:00|6171.0
2017-10-23T00:00:00+00:00,2017-10-23T23:59:59.999000+00:00,5915.93,bull,2017-10-21T00:00:00+00:00|6171.0
2017-10-24T00:00:00+00:00,2017-10-24T23:59:59.999000+00:00,5477.03,bull,2017-10-21T00:00:00+00:00|6171.0
2017-10-25T00:00:00+00:00,2017-10-25T23:59:59.999000+00:00,5689.99,bull,2017-10-21T00:00:00+00:00|6171.0
2017-10-26T00:00:00+00:00,2017-10-26T23:59:59.999000+00:00,5861.77,bull,2017-10-21T00:00:00+00:00|6171.0
2017-10-27T00:00:00+00:00,2017-10-27T23:59:59.999000+00:00,5768.83,bull,2017-10-21T00:00:00+00:00|6171.0
2017-10-28T00:00:00+00:00,2017-10-28T23:59:59.999000+00:00,5719.64,bull,2017-10-21T00:00:00+00:00|6171.0
2017-10-29T00:00:00+00:00,2017-10-29T23:59:59.999000+00:00,6169.98,bull,2017-10-29T00:00:00+00:00|6189.88
2017-10-30T00:00:00+00:00,2017-10-30T23:59:59.999000+00:00,6120.5,bull,2017-10-30T00:00:00+00:00|6248.68
2017-10-31T00:00:00+00:00,2017-10-31T23:59:59.999000+00:00,6463.0,bull,2017-10-31T00:00:00+00:00|6498.01
2017-11-01T00:00:00+00:00,2017-11-01T23:59:59.999000+00:00,6753.98,bull,2017-11-01T00:00:00+00:00|6774.67
2017-11-02T00:00:00+00:00,2017-11-02T23:59:59.999000+00:00,7019.98,bull,2017-11-02T00:00:00+00:00|7300.0
2017-11-03T00:00:00+00:00,2017-11-03T23:59:59.999000+00:00,7115.04,bull,2017-11-03T00:00:00+00:00|7346.34
2017-11-04T00:00:00+00:00,2017-11-04T23:59:59.999000+00:00,7357.09,bull,2017-11-04T00:00:00+00:00|7480.99
2017-11-05T00:00:00+00:00,2017-11-05T23:59:59.999000+00:00,7345.01,bull,2017-11-05T00:00:00+00:00|7590.25
2017-11-06T00:00:00+00:00,2017-11-06T23:59:59.999000+00:00,6960.12,bull,2017-11-05T00:00:00+00:00|7590.25
2017-11-07T00:00:00+00:00,2017-11-07T23:59:59.999000+00:00,7064.04,bull,2017-11-05T00:00:00+00:00|7590.25
2017-11-08T00:00:00+00:00,2017-11-08T23:59:59.999000+00:00,7303.0,bull,2017-11-08T00:00:00+00:00|7770.02
2017-11-09T00:00:00+00:00,2017-11-09T23:59:59.999000+00:00,7079.99,bull,2017-11-08T00:00:00+00:00|7770.02
2017-11-10T00:00:00+00:00,2017-11-10T23:59:59.999000+00:00,6506.98,bull,2017-11-08T00:00:00+00:00|7770.02
2017-11-11T00:00:00+00:00,2017-11-11T23:59:59.999000+00:00,6245.05,bull,2017-11-08T00:00:00+00:00|7770.02
2017-11-12T00:00:00+00:00,2017-11-12T23:59:59.999000+00:00,5811.03,bull,2017-11-08T00:00:00+00:00|7770.02
2017-11-13T00:00:00+00:00,2017-11-13T23:59:59.999000+00:00,6465.99,bull,2017-11-08T00:00:00+00:00|7770.02
2017-11-14T00:00:00+00:00,2017-11-14T23:59:59.999000+00:00,6574.99,bull,2017-11-08T00:00:00+00:00|7770.02
2017-11-15T00:00:00+00:00,2017-11-15T23:59:59.999000+00:00,7240.06,bull,2017-11-08T00:00:00+00:00|7770.02
2017-11-16T00:00:00+00:00,2017-11-16T23:59:59.999000+00:00,7864.5,bull,2017-11-16T00:00:00+00:00|7940.0
2017-11-17T00:00:00+00:00,2017-11-17T23:59:59.999000+00:00,7699.19,bull,2017-11-17T00:00:00+00:00|7989.0
2017-11-18T00:00:00+00:00,2017-11-18T23:59:59.999000+00:00,7761.94,bull,2017-11-17T00:00:00+00:00|7989.0
2017-11-19T00:00:00+00:00,2017-11-19T23:59:59.999000+00:00,8038.0,bull,2017-11-19T00:00:00+00:00|8123.15
2017-11-20T00:00:00+00:00,2017-11-20T23:59:59.999000+00:00,8212.0,bull,2017-11-20T00:00:00+00:00|8319.99
2017-11-21T00:00:00+00:00,2017-11-21T23:59:59.999000+00:00,8119.51,bull,2017-11-21T00:00:00+00:00|8400.0
2017-11-22T00:00:00+00:00,2017-11-22T23:59:59.999000+00:00,8205.92,bull,2017-11-21T00:00:00+00:00|8400.0
2017-11-23T00:00:00+00:00,2017-11-23T23:59:59.999000+00:00,8019.99,bull,2017-11-21T00:00:00+00:00|8400.0
2017-11-24T00:00:00+00:00,2017-11-24T23:59:59.999000+00:00,8138.0,bull,2017-11-21T00:00:00+00:00|8400.0
2017-11-25T00:00:00+00:00,2017-11-25T23:59:59.999000+00:00,8700.01,bull,2017-11-25T00:00:00+00:00|8734.78
2017-11-26T00:00:00+00:00,2017-11-26T23:59:59.999000+00:00,9128.02,bull,2017-11-26T00:00:00+00:00|9350.0
2017-11-27T00:00:00+00:00,2017-11-27T23:59:59.999000+00:00,9650.0,bull,2017-11-27T00:00:00+00:00|9654.28
2017-11-28T00:00:00+00:00,2017-11-28T23:59:59.999000+00:00,9896.8,bull,2017-11-28T00:00:00+00:00|9939.0
2017-11-29T00:00:00+00:00,2017-11-29T23:59:59.999000+00:00,9687.88,bull,2017-11-29T00:00:00+00:00|11300.03
2017-11-30T00:00:00+00:00,2017-11-30T23:59:59.999000+00:00,9838.96,bull,2017-11-29T00:00:00+00:00|11300.03
2017-12-01T00:00:00+00:00,2017-12-01T23:59:59.999000+00:00,10782.99,bull,2017-11-29T00:00:00+00:00|11300.03
2017-12-02T00:00:00+00:00,2017-12-02T23:59:59.999000+00:00,10890.01,bull,2017-11-29T00:00:00+00:00|11300.03
2017-12-03T00:00:00+00:00,2017-12-03T23:59:59.999000+00:00,11165.41,bull,2017-12-03T00:00:00+00:00|11825.0
2017-12-04T00:00:00+00:00,2017-12-04T23:59:59.999000+00:00,11579.0,bull,2017-12-03T00:00:00+00:00|11825.0
2017-12-05T00:00:00+00:00,2017-12-05T23:59:59.999000+00:00,11699.99,bull,2017-12-05T00:00:00+00:00|11853.0
2017-12-06T00:00:00+00:00,2017-12-06T23:59:59.999000+00:00,13550.05,bull,2017-12-06T00:00:00+00:00|13615.23
2017-12-07T00:00:00+00:00,2017-12-07T23:59:59.999000+00:00,16599.0,bull,2017-12-07T00:00:00+00:00|16649.96
2017-12-08T00:00:00+00:00,2017-12-08T23:59:59.999000+00:00,15880.0,bull,2017-12-08T00:00:00+00:00|17204.99
2017-12-09T00:00:00+00:00,2017-12-09T23:59:59.999000+00:00,14656.07,bull,2017-12-08T00:00:00+00:00|17204.99
2017-12-10T00:00:00+00:00,2017-12-10T23:59:59.999000+00:00,14899.98,bull,2017-12-08T00:00:00+00:00|17204.99
2017-12-11T00:00:00+00:00,2017-12-11T23:59:59.999000+00:00,16587.97,bull,2017-12-11T00:00:00+00:00|17470.0
2017-12-12T00:00:00+00:00,2017-12-12T23:59:59.999000+00:00,16349.99,bull,2017-12-11T00:00:00+00:00|17470.0
2017-12-13T00:00:00+00:00,2017-12-13T23:59:59.999000+00:00,16033.29,bull,2017-12-11T00:00:00+00:00|17470.0
2017-12-14T00:00:00+00:00,2017-12-14T23:59:59.999000+00:00,16334.98,bull,2017-12-11T00:00:00+00:00|17470.0
2017-12-15T00:00:00+00:00,2017-12-15T23:59:59.999000+00:00,17539.83,bull,2017-12-15T00:00:00+00:00|17991.0
2017-12-16T00:00:00+00:00,2017-12-16T23:59:59.999000+00:00,19102.66,bull,2017-12-16T00:00:00+00:00|19539.0
2017-12-17T00:00:00+00:00,2017-12-17T23:59:59.999000+00:00,18860.02,bull,2017-12-17T00:00:00+00:00|19798.68
2017-12-18T00:00:00+00:00,2017-12-18T23:59:59.999000+00:00,18856.25,bull,2017-12-17T00:00:00+00:00|19798.68
2017-12-19T00:00:00+00:00,2017-12-19T23:59:59.999000+00:00,17295.2,bull,2017-12-17T00:00:00+00:00|19798.68
2017-12-20T00:00:00+00:00,2017-12-20T23:59:59.999000+00:00,16488.98,bull,2017-12-17T00:00:00+00:00|19798.68
2017-12-21T00:00:00+00:00,2017-12-21T23:59:59.999000+00:00,15492.64,bull,2017-12-17T00:00:00+00:00|19798.68
2017-12-22T00:00:00+00:00,2017-12-22T23:59:59.999000+00:00,13326.61,bull,2017-12-17T00:00:00+00:00|19798.68
2017-12-23T00:00:00+00:00,2017-12-23T23:59:59.999000+00:00,13300.0,bull,2017-12-17T00:00:00+00:00|19798.68
2017-12-24T00:00:00+00:00,2017-12-24T23:59:59.999000+00:00,13500.0,bull,2017-12-17T00:00:00+00:00|19798.68
2017-12-25T00:00:00+00:00,2017-12-25T23:59:59.999000+00:00,13699.34,bull,2017-12-17T00:00:00+00:00|19798.68
2017-12-26T00:00:00+00:00,2017-12-26T23:59:59.999000+00:00,15689.01,bull,2017-12-17T00:00:00+00:00|19798.68
2017-12-27T00:00:00+00:00,2017-12-27T23:59:59.999000+00:00,15459.99,bull,2017-12-17T00:00:00+00:00|19798.68
2017-12-28T00:00:00+00:00,2017-12-28T23:59:59.999000+00:00,14182.11,bull,2017-12-17T00:00:00+00:00|19798.68
2017-12-29T00:00:00+00:00,2017-12-29T23:59:59.999000+00:00,14378.9,bull,2017-12-17T00:00:00+00:00|19798.68
2017-12-30T00:00:00+00:00,2017-12-30T23:59:59.999000+00:00,12440.01,bull,2017-12-17T00:00:00+00:00|19798.68
2017-12-31T00:00:00+00:00,2017-12-31T23:59:59.999000+00:00,13716.36,bull,2017-12-17T00:00:00+00:00|19798.68
2018-01-01T00:00:00+00:00,2018-01-01T23:59:59.999000+00:00,13380.0,bull,2017-12-17T00:00:00+00:00|19798.68
2018-01-02T00:00:00+00:00,2018-01-02T23:59:59.999000+00:00,14675.11,bull,2017-12-17T00:00:00+00:00|19798.68
2018-01-03T00:00:00+00:00,2018-01-03T23:59:59.999000+00:00,14919.51,bull,2017-12-17T00:00:00+00:00|19798.68
2018-01-04T00:00:00+00:00,2018-01-04T23:59:59.999000+00:00,15059.54,bull,2017-12-17T00:00:00+00:00|19798.68
2018-01-05T00:00:00+00:00,2018-01-05T23:59:59.999000+00:00,16960.39,bull,2017-12-17T00:00:00+00:00|19798.68
2018-01-06T00:00:00+00:00,2018-01-06T23:59:59.999000+00:00,17069.79,bull,2017-12-17T00:00:00+00:00|19798.68
2018-01-07T00:00:00+00:00,2018-01-07T23:59:59.999000+00:00,16150.03,bull,2017-12-17T00:00:00+00:00|19798.68
2018-01-08T00:00:00+00:00,2018-01-08T23:59:59.999000+00:00,14902.54,bull,2017-12-17T00:00:00+00:00|19798.68
2018-01-09T00:00:00+00:00,2018-01-09T23:59:59.999000+00:00,14400.0,bull,2017-12-17T00:00:00+00:00|19798.68
2018-01-10T00:00:00+00:00,2018-01-10T23:59:59.999000+00:00,14907.09,bull,2017-12-17T00:00:00+00:00|19798.68
2018-01-11T00:00:00+00:00,2018-01-11T23:59:59.999000+00:00,13238.78,bear,2018-01-11T00:00:00+00:00|11400.0
2018-01-12T00:00:00+00:00,2018-01-12T23:59:59.999000+00:00,13740.01,bear,2018-01-11T00:00:00+00:00|11400.0
2018-01-13T00:00:00+00:00,2018-01-13T23:59:59.999000+00:00,14210.0,bear,2018-01-11T00:00:00+00:00|11400.0
2018-01-14T00:00:00+00:00,2018-01-14T23:59:59.999000+00:00,13474.99,bear,2018-01-11T00:00:00+00:00|11400.0
2018-01-15T00:00:00+00:00,2018-01-15T23:59:59.999000+00:00,13539.93,bear,2018-01-11T00:00:00+00:00|11400.0
2018-01-16T00:00:00+00:00,2018-01-16T23:59:59.999000+00:00,10900.0,bear,2018-01-16T00:00:00+00:00|9035.0
2018-01-17T00:00:00+00:00,2018-01-17T23:59:59.999000+00:00,10988.79,bear,2018-01-16T00:00:00+00:00|9035.0
2018-01-18T00:00:00+00:00,2018-01-18T23:59:59.999000+00:00,10961.97,bear,2018-01-16T00:00:00+00:00|9035.0
2018-01-19T00:00:00+00:00,2018-01-19T23:59:59.999000+00:00,11474.98,bear,2018-01-16T00:00:00+00:00|9035.0
2018-01-20T00:00:00+00:00,2018-01-20T23:59:59.999000+00:00,12799.94,bear,2018-01-16T00:00:00+00:00|9035.0
2018-01-21T00:00:00+00:00,2018-01-21T23:59:59.999000+00:00,11530.0,bear,2018-01-16T00:00:00+00:00|9035.0
2018-01-22T00:00:00+00:00,2018-01-22T23:59:59.999000+00:00,10760.05,bear,2018-01-16T00:00:00+00:00|9035.0
2018-01-23T00:00:00+00:00,2018-01-23T23:59:59.999000+00:00,10799.18,bear,2018-01-16T00:00:00+00:00|9035.0
2018-01-24T00:00:00+00:00,2018-01-24T23:59:59.999000+00:00,11349.99,bear,2018-01-16T00:00:00+00:00|9035.0
2018-01-25T00:00:00+00:00,2018-01-25T23:59:59.999000+00:00,11175.27,bear,2018-01-16T00:00:00+00:00|9035.0
2018-01-26T00:00:00+00:00,2018-01-26T23:59:59.999000+00:00,11089.0,bear,2018-01-16T00:00:00+00:00|9035.0
2018-01-27T00:00:00+00:00,2018-01-27T23:59:59.999000+00:00,11491.0,bear,2018-01-16T00:00:00+00:00|9035.0
2018-01-28T00:00:00+00:00,2018-01-28T23:59:59.999000+00:00,11879.95,bear,2018-01-16T00:00:00+00:00|9035.0
2018-01-29T00:00:00+00:00,2018-01-29T23:59:59.999000+00:00,11251.0,bear,2018-01-16T00:00:00+00:00|9035.0
2018-01-30T00:00:00+00:00,2018-01-30T23:59:59.999000+00:00,10237.51,bear,2018-01-16T00:00:00+00:00|9035.0
2018-01-31T00:00:00+00:00,2018-01-31T23:59:59.999000+00:00,10285.1,bear,2018-01-16T00:00:00+00:00|9035.0
2018-02-01T00:00:00+00:00,2018-02-01T23:59:59.999000+00:00,9224.52,bear,2018-02-01T00:00:00+00:00|8750.99
2018-02-02T00:00:00+00:00,2018-02-02T23:59:59.999000+00:00,8873.03,bear,2018-02-02T00:00:00+00:00|8010.02
2018-02-03T00:00:00+00:00,2018-02-03T23:59:59.999000+00:00,9199.96,bear,2018-02-02T00:00:00+00:00|8010.02
2018-02-04T00:00:00+00:00,2018-02-04T23:59:59.999000+00:00,8184.81,bear,2018-02-04T00:00:00+00:00|7930.0
2018-02-05T00:00:00+00:00,2018-02-05T23:59:59.999000+00:00,6939.99,bear,2018-02-05T00:00:00+00:00|6625.0
2018-02-06T00:00:00+00:00,2018-02-06T23:59:59.999000+00:00,7652.14,bear,2018-02-06T00:00:00+00:00|6000.01
2018-02-07T00:00:00+00:00,2018-02-07T23:59:59.999000+00:00,7599.0,bear,2018-02-06T00:00:00+00:00|6000.01
2018-02-08T00:00:00+00:00,2018-02-08T23:59:59.999000+00:00,7784.02,bear,2018-02-06T00:00:00+00:00|6000.01
2018-02-09T00:00:00+00:00,2018-02-09T23:59:59.999000+00:00,8683.92,bear,2018-02-06T00:00:00+00:00|6000.01
2018-02-10T00:00:00+00:00,2018-02-10T23:59:59.999000+00:00,8533.98,bear,2018-02-06T00:00:00+00:00|6000.01
2018-02-11T00:00:00+00:00,2018-02-11T23:59:59.999000+00:00,8063.88,bear,2018-02-06T00:00:00+00:00|6000.01
2018-02-12T00:00:00+00:00,2018-02-12T23:59:59.999000+00:00,8903.0,bear,2018-02-06T00:00:00+00:00|6000.01
2018-02-13T00:00:00+00:00,2018-02-13T23:59:59.999000+00:00,8539.9,bear,2018-02-06T00:00:00+00:00|6000.01
2018-02-14T00:00:00+00:00,2018-02-14T23:59:59.999000+00:00,9449.99,bear,2018-02-06T00:00:00+00:00|6000.01
2018-02-15T00:00:00+00:00,2018-02-15T23:59:59.999000+00:00,10000.09,bear,2018-02-06T00:00:00+00:00|6000.01
2018-02-16T00:00:00+00:00,2018-02-16T23:59:59.999000+00:00,10159.98,bear,2018-02-06T00:00:00+00:00|6000.01
2018-02-17T00:00:00+00:00,2018-02-17T23:59:59.999000+00:00,11039.55,bear,2018-02-06T00:00:00+00:00|6000.01
2018-02-18T00:00:00+00:00,2018-02-18T23:59:59.999000+00:00,10383.43,bear,2018-02-06T00:00:00+00:00|6000.01
2018-02-19T00:00:00+00:00,2018-02-19T23:59:59.999000+00:00,11153.0,bear,2018-02-06T00:00:00+00:00|6000.01
2018-02-20T00:00:00+00:00,2018-02-20T23:59:59.999000+00:00,11200.99,bear,2018-02-06T00:00:00+00:00|6000.01
2018-02-21T00:00:00+00:00,2018-02-21T23:59:59.999000+00:00,10437.6,bear,2018-02-06T00:00:00+00:00|6000.01
2018-02-22T00:00:00+00:00,2018-02-22T23:59:59.999000+00:00,9811.04,bear,2018-02-06T00:00:00+00:00|6000.01
2018-02-23T00:00:00+00:00,2018-02-23T23:59:59.999000+00:00,10131.04,bear,2018-02-06T00:00:00+00:00|6000.01
2018-02-24T00:00:00+00:00,2018-02-24T23:59:59.999000+00:00,9694.51,bear,2018-02-06T00:00:00+00:00|6000.01
2018-02-25T00:00:00+00:00,2018-02-25T23:59:59.999000+00:00,9590.0,bear,2018-02-06T00:00:00+00:00|6000.01
2018-02-26T00:00:00+00:00,2018-02-26T23:59:59.999000+00:00,10324.0,bear,2018-02-06T00:00:00+00:00|6000.01
2018-02-27T00:00:00+00:00,2018-02-27T23:59:59.999000+00:00,10569.04,bear,2018-02-06T00:00:00+00:00|6000.01
2018-02-28T00:00:00+00:00,2018-02-28T23:59:59.999000+00:00,10326.76,bear,2018-02-06T00:00:00+00:00|6000.01
2018-03-01T00:00:00+00:00,2018-03-01T23:59:59.999000+00:00,10920.0,bear,2018-02-06T00:00:00+00:00|6000.01
2018-03-02T00:00:00+00:00,2018-03-02T23:59:59.999000+00:00,11039.0,bear,2018-02-06T00:00:00+00:00|6000.01
2018-03-03T00:00:00+00:00,2018-03-03T23:59:59.999000+00:00,11464.48,bear,2018-02-06T00:00:00+00:00|6000.01
2018-03-04T00:00:00+00:00,2018-03-04T23:59:59.999000+00:00,11515.0,bear,2018-02-06T00:00:00+00:00|6000.01
2018-03-05T00:00:00+00:00,2018-03-05T23:59:59.999000+00:00,11454.0,bear,2018-02-06T00:00:00+00:00|6000.01
2018-03-06T00:00:00+00:00,2018-03-06T23:59:59.999000+00:00,10716.48,bear,2018-02-06T00:00:00+00:00|6000.01
2018-03-07T00:00:00+00:00,2018-03-07T23:59:59.999000+00:00,9910.0,bear,2018-02-06T00:00:00+00:00|6000.01
2018-03-08T00:00:00+00:00,2018-03-08T23:59:59.999000+00:00,9271.64,bear,2018-02-06T00:00:00+00:00|6000.01
2018-03-09T00:00:00+00:00,2018-03-09T23:59:59.999000+00:00,9227.0,bear,2018-02-06T00:00:00+00:00|6000.01
2018-03-10T00:00:00+00:00,2018-03-10T23:59:59.999000+00:00,8770.22,bear,2018-02-06T00:00:00+00:00|6000.01
2018-03-11T00:00:00+00:00,2018-03-11T23:59:59.999000+00:00,9533.57,bear,2018-02-06T00:00:00+00:00|6000.01
2018-03-12T00:00:00+00:00,2018-03-12T23:59:59.999000+00:00,9131.34,bear,2018-02-06T00:00:00+00:00|6000.01
2018-03-13T00:00:00+00:00,2018-03-13T23:59:59.999000+00:00,9150.0,bear,2018-02-06T00:00:00+00:00|6000.01
2018-03-14T00:00:00+00:00,2018-03-14T23:59:59.999000+00:00,8170.0,bear,2018-02-06T00:00:00+00:00|6000.01
2018-03-15T00:00:00+00:00,2018-03-15T23:59:59.999000+00:00,8240.98,bear,2018-02-06T00:00:00+00:00|6000.01
2018-03-16T00:00:00+00:00,2018-03-16T23:59:59.999000+00:00,8260.0,bear,2018-02-06T00:00:00+00:00|6000.01
2018-03-17T00:00:00+00:00,2018-03-17T23:59:59.999000+00:00,7824.8,bear,2018-02-06T00:00:00+00:00|6000.01
2018-03-18T00:00:00+00:00,2018-03-18T23:59:59.999000+00:00,8189.99,bear,2018-02-06T00:00:00+00:00|6000.01
2018-03-19T00:00:00+00:00,2018-03-19T23:59:59.999000+00:00,8600.0,bear,2018-02-06T00:00:00+00:00|6000.01
2018-03-20T00:00:00+00:00,2018-03-20T23:59:59.999000+00:00,8909.98,bear,2018-02-06T00:00:00+00:00|6000.01
2018-03-21T00:00:00+00:00,2018-03-21T23:59:59.999000+00:00,8885.0,bear,2018-02-06T00:00:00+00:00|6000.01
2018-03-22T00:00:00+00:00,2018-03-22T23:59:59.999000+00:00,8722.9,bear,2018-02-06T00:00:00+00:00|6000.01
2018-03-23T00:00:00+00:00,2018-03-23T23:59:59.999000+00:00,8898.03,bear,2018-02-06T00:00:00+00:00|6000.01
2018-03-24T00:00:00+00:00,2018-03-24T23:59:59.999000+00:00,8546.86,bear,2018-02-06T00:00:00+00:00|6000.01
2018-03-25T00:00:00+00:00,2018-03-25T23:59:59.999000+00:00,8470.15,bear,2018-02-06T00:00:00+00:00|6000.01
2018-03-26T00:00:00+00:00,2018-03-26T23:59:59.999000+00:00,8134.23,bear,2018-02-06T00:00:00+00:00|6000.01
2018-03-27T00:00:00+00:00,2018-03-27T23:59:59.999000+00:00,7795.51,bear,2018-02-06T00:00:00+00:00|6000.01
2018-03-28T00:00:00+00:00,2018-03-28T23:59:59.999000+00:00,7949.3,bear,2018-02-06T00:00:00+00:00|6000.01
2018-03-29T00:00:00+00:00,2018-03-29T23:59:59.999000+00:00,7090.14,bear,2018-02-06T00:00:00+00:00|6000.01
2018-03-30T00:00:00+00:00,2018-03-30T23:59:59.999000+00:00,6840.23,bear,2018-02-06T00:00:00+00:00|6000.01
2018-03-31T00:00:00+00:00,2018-03-31T23:59:59.999000+00:00,6923.91,bear,2018-02-06T00:00:00+00:00|6000.01
2018-04-01T00:00:00+00:00,2018-04-01T23:59:59.999000+00:00,6813.01,bear,2018-02-06T00:00:00+00:00|6000.01
2018-04-02T00:00:00+00:00,2018-04-02T23:59:59.999000+00:00,7056.0,bear,2018-02-06T00:00:00+00:00|6000.01
2018-04-03T00:00:00+00:00,2018-04-03T23:59:59.999000+00:00,7405.21,bear,2018-02-06T00:00:00+00:00|6000.01
2018-04-04T00:00:00+00:00,2018-04-04T23:59:59.999000+00:00,6796.1,bear,2018-02-06T00:00:00+00:00|6000.01
2018-04-05T00:00:00+00:00,2018-04-05T23:59:59.999000+00:00,6770.76,bear,2018-02-06T00:00:00+00:00|6000.01
2018-04-06T00:00:00+00:00,2018-04-06T23:59:59.999000+00:00,6601.39,bear,2018-02-06T00:00:00+00:00|6000.01
2018-04-07T00:00:00+00:00,2018-04-07T23:59:59.999000+00:00,6895.8,bear,2018-02-06T00:00:00+00:00|6000.01
2018-04-08T00:00:00+00:00,2018-04-08T23:59:59.999000+00:00,7018.0,bear,2018-02-06T00:00:00+00:00|6000.01
2018-04-09T00:00:00+00:00,2018-04-09T23:59:59.999000+00:00,6782.72,bear,2018-02-06T00:00:00+00:00|6000.01
2018-04-10T00:00:00+00:00,2018-04-10T23:59:59.999000+00:00,6843.9,bear,2018-02-06T00:00:00+00:00|6000.01
2018-04-11T00:00:00+00:00,2018-04-11T23:59:59.999000+00:00,6953.79,bear,2018-02-06T00:00:00+00:00|6000.01
2018-04-12T00:00:00+00:00,2018-04-12T23:59:59.999000+00:00,7923.0,bear,2018-02-06T00:00:00+00:00|6000.01
2018-04-13T00:00:00+00:00,2018-04-13T23:59:59.999000+00:00,7877.41,bear,2018-02-06T00:00:00+00:00|6000.01
2018-04-14T00:00:00+00:00,2018-04-14T23:59:59.999000+00:00,7999.01,bear,2018-02-06T00:00:00+00:00|6000.01
2018-04-15T00:00:00+00:00,2018-04-15T23:59:59.999000+00:00,8355.0,bear,2018-02-06T00:00:00+00:00|6000.01
2018-04-16T00:00:00+00:00,2018-04-16T23:59:59.999000+00:00,8064.92,bear,2018-02-06T00:00:00+00:00|6000.01
2018-04-17T00:00:00+00:00,2018-04-17T23:59:59.999000+00:00,7885.02,bear,2018-02-06T00:00:00+00:00|6000.01
2018-04-18T00:00:00+00:00,2018-04-18T23:59:59.999000+00:00,8173.0,bear,2018-02-06T00:00:00+00:00|6000.01
2018-04-19T00:00:00+00:00,2018-04-19T23:59:59.999000+00:00,8278.0,bear,2018-02-06T00:00:00+00:00|6000.01
2018-04-20T00:00:00+00:00,2018-04-20T23:59:59.999000+00:00,8856.98,bear,2018-02-06T00:00:00+00:00|6000.01
2018-04-21T00:00:00+00:00,2018-04-21T23:59:59.999000+00:00,8915.31,bear,2018-02-06T00:00:00+00:00|6000.01
2018-04-22T00:00:00+00:00,2018-04-22T23:59:59.999000+00:00,8787.02,bear,2018-02-06T00:00:00+00:00|6000.01
2018-04-23T00:00:00+00:00,2018-04-23T23:59:59.999000+00:00,8934.01,bear,2018-02-06T00:00:00+00:00|6000.01
2018-04-24T00:00:00+00:00,2018-04-24T23:59:59.999000+00:00,9619.99,bull,2018-04-24T00:00:00+00:00|9731.01
2018-04-25T00:00:00+00:00,2018-04-25T23:59:59.999000+00:00,8869.99,bull,2017-12-17T00:00:00+00:00|19798.68
2018-04-26T00:00:00+00:00,2018-04-26T23:59:59.999000+00:00,9266.0,bull,2017-12-17T00:00:00+00:00|19798.68
2018-04-27T00:00:00+00:00,2018-04-27T23:59:59.999000+00:00,8915.35,bull,2017-12-17T00:00:00+00:00|19798.68
2018-04-28T00:00:00+00:00,2018-04-28T23:59:59.999000+00:00,9348.0,bull,2017-12-17T00:00:00+00:00|19798.68
2018-04-29T00:00:00+00:00,2018-04-29T23:59:59.999000+00:00,9419.0,bull,2017-12-17T00:00:00+00:00|19798.68
2018-04-30T00:00:00+00:00,2018-04-30T23:59:59.999000+00:00,9246.01,bull,2017-12-17T00:00:00+00:00|19798.68
2018-05-01T00:00:00+00:00,2018-05-01T23:59:59.999000+00:00,9071.48,bull,2017-12-17T00:00:00+00:00|19798.68
2018-05-02T00:00:00+00:00,2018-05-02T23:59:59.999000+00:00,9247.84,bull,2017-12-17T00:00:00+00:00|19798.68
2018-05-03T00:00:00+00:00,2018-05-03T23:59:59.999000+00:00,9750.0,bull,2017-12-17T00:00:00+00:00|19798.68
2018-05-04T00:00:00+00:00,2018-05-04T23:59:59.999000+00:00,9713.99,bull,2017-12-17T00:00:00+00:00|19798.68
2018-05-05T00:00:00+00:00,2018-05-05T23:59:59.999000+00:00,9864.0,bull,2017-12-17T00:00:00+00:00|19798.68
2018-05-06T00:00:00+00:00,2018-05-06T23:59:59.999000+00:00,9659.01,bull,2017-12-17T00:00:00+00:00|19798.68
2018-05-07T00:00:00+00:00,2018-05-07T23:59:59.999000+00:00,9365.0,bull,2017-12-17T00:00:00+00:00|19798.68
2018-05-08T00:00:00+00:00,2018-05-08T23:59:59.999000+00:00,9187.56,bull,2017-12-17T00:00:00+00:00|19798.68
2018-05-09T00:00:00+00:00,2018-05-09T23:59:59.999000+00:00,9310.0,bull,2017-12-17T00:00:00+00:00|19798.68
2018-05-10T00:00:00+00:00,2018-05-10T23:59:59.999000+00:00,9002.2,bull,2017-12-17T00:00:00+00:00|19798.68
2018-05-11T00:00:00+00:00,2018-05-11T23:59:59.999000+00:00,8400.0,bull,2017-12-17T00:00:00+00:00|19798.68
2018-05-12T00:00:00+00:00,2018-05-12T23:59:59.999000+00:00,8465.94,bull,2017-12-17T00:00:00+00:00|19798.68
2018-05-13T00:00:00+00:00,2018-05-13T23:59:59.999000+00:00,8679.71,bull,2017-12-17T00:00:00+00:00|19798.68
2018-05-14T00:00:00+00:00,2018-05-14T23:59:59.999000+00:00,8663.34,bull,2017-12-17T00:00:00+00:00|19798.68
2018-05-15T00:00:00+00:00,2018-05-15T23:59:59.999000+00:00,8462.0,bull,2017-12-17T00:00:00+00:00|19798.68
2018-05-16T00:00:00+00:00,2018-05-16T23:59:59.999000+00:00,8330.0,bull,2017-12-17T00:00:00+00:00|19798.68
2018-05-17T00:00:00+00:00,2018-05-17T23:59:59.999000+00:00,8041.46,bull,2017-12-17T00:00:00+00:00|19798.68
2018-05-18T00:00:00+00:00,2018-05-18T23:59:59.999000+00:00,8239.81,bull,2017-12-17T00:00:00+00:00|19798.68
2018-05-19T00:00:00+00:00,2018-05-19T23:59:59.999000+00:00,8233.49,bull,2017-12-17T00:00:00+00:00|19798.68
2018-05-20T00:00:00+00:00,2018-05-20T23:59:59.999000+00:00,8526.98,bull,2017-12-17T00:00:00+00:00|19798.68
2018-05-21T00:00:00+00:00,2018-05-21T23:59:59.999000+00:00,8381.24,bull,2017-12-17T00:00:00+00:00|19798.68
2018-05-22T00:00:00+00:00,2018-05-22T23:59:59.999000+00:00,7977.11,bull,2017-12-17T00:00:00+00:00|19798.68
2018-05-23T00:00:00+00:00,2018-05-23T23:59:59.999000+00:00,7501.95,bull,2017-12-17T00:00:00+00:00|19798.68
2018-05-24T00:00:00+00:00,2018-05-24T23:59:59.999000+00:00,7575.01,bull,2017-12-17T00:00:00+00:00|19798.68
2018-05-25T00:00:00+00:00,2018-05-25T23:59:59.999000+00:00,7457.0,bull,2017-12-17T00:00:00+00:00|19798.68
2018-05-26T00:00:00+00:00,2018-05-26T23:59:59.999000+00:00,7333.96,bull,2017-12-17T00:00:00+00:00|19798.68
2018-05-27T00:00:00+00:00,2018-05-27T23:59:59.999000+00:00,7338.99,bull,2017-12-17T00:00:00+00:00|19798.68
2018-05-28T00:00:00+00:00,2018-05-28T23:59:59.999000+00:00,7099.0,bull,2017-12-17T00:00:00+00:00|19798.68
2018-05-29T00:00:00+00:00,2018-05-29T23:59:59.999000+00:00,7461.29,bull,2017-12-17T00:00:00+00:00|19798.68
2018-05-30T00:00:00+00:00,2018-05-30T23:59:59.999000+00:00,7375.96,bull,2017-12-17T00:00:00+00:00|19798.68
2018-05-31T00:00:00+00:00,2018-05-31T23:59:59.999000+00:00,7485.01,bull,2017-12-17T00:00:00+00:00|19798.68
2018-06-01T00:00:00+00:00,2018-06-01T23:59:59.999000+00:00,7521.01,bull,2017-12-17T00:00:00+00:00|19798.68
2018-06-02T00:00:00+00:00,2018-06-02T23:59:59.999000+00:00,7640.03,bull,2017-12-17T00:00:00+00:00|19798.68
2018-06-03T00:00:00+00:00,2018-06-03T23:59:59.999000+00:00,7714.26,bull,2017-12-17T00:00:00+00:00|19798.68
2018-06-04T00:00:00+00:00,2018-06-04T23:59:59.999000+00:00,7487.0,bull,2017-12-17T00:00:00+00:00|19798.68
2018-06-05T00:00:00+00:00,2018-06-05T23:59:59.999000+00:00,7625.0,bull,2017-12-17T00:00:00+00:00|19798.68
2018-06-06T00:00:00+00:00,2018-06-06T23:59:59.999000+00:00,7658.84,bull,2017-12-17T00:00:00+00:00|19798.68
2018-06-07T00:00:00+00:00,2018-06-07T23:59:59.999000+00:00,7691.08,bull,2017-12-17T00:00:00+00:00|19798.68
2018-06-08T00:00:00+00:00,2018-06-08T23:59:59.999000+00:00,7603.44,bull,2017-12-17T00:00:00+00:00|19798.68
2018-06-09T00:00:00+00:00,2018-06-09T23:59:59.999000+00:00,7491.73,bull,2017-12-17T00:00:00+00:00|19798.68
2018-06-10T00:00:00+00:00,2018-06-10T23:59:59.999000+00:00,6764.99,bull,2017-12-17T00:00:00+00:00|19798.68
2018-06-11T00:00:00+00:00,2018-06-11T23:59:59.999000+00:00,6872.0,bull,2017-12-17T00:00:00+00:00|19798.68
2018-06-12T00:00:00+00:00,2018-06-12T23:59:59.999000+00:00,6530.0,bull,2017-12-17T00:00:00+00:00|19798.68
2018-06-13T00:00:00+00:00,2018-06-13T23:59:59.999000+00:00,6292.78,bear,2018-06-13T00:00:00+00:00|6118.68
2018-06-14T00:00:00+00:00,2018-06-14T23:59:59.999000+00:00,6635.98,bear,2018-06-13T00:00:00+00:00|6118.68
2018-06-15T00:00:00+00:00,2018-06-15T23:59:59.999000+00:00,6388.9,bear,2018-06-13T00:00:00+00:00|6118.68
2018-06-16T00:00:00+00:00,2018-06-16T23:59:59.999000+00:00,6483.98,bear,2018-06-13T00:00:00+00:00|6118.68
2018-06-17T00:00:00+00:00,2018-06-17T23:59:59.999000+00:00,6449.61,bear,2018-06-13T00:00:00+00:00|6118.68
2018-06-18T00:00:00+00:00,2018-06-18T23:59:59.999000+00:00,6712.46,bear,2018-06-13T00:00:00+00:00|6118.68
2018-06-19T00:00:00+00:00,2018-06-19T23:59:59.999000+00:00,6741.21,bear,2018-06-13T00:00:00+00:00|6118.68
2018-06-20T00:00:00+00:00,2018-06-20T23:59:59.999000+00:00,6761.51,bear,2018-06-13T00:00:00+00:00|6118.68
2018-06-21T00:00:00+00:00,2018-06-21T23:59:59.999000+00:00,6718.84,bear,2018-06-13T00:00:00+00:00|6118.68
2018-06-22T00:00:00+00:00,2018-06-22T23:59:59.999000+00:00,6045.0,bear,2018-06-22T00:00:00+00:00|5918.94
2018-06-23T00:00:00+00:00,2018-06-23T23:59:59.999000+00:00,6149.98,bear,2018-06-22T00:00:00+00:00|5918.94
2018-06-24T00:00:00+00:00,2018-06-24T23:59:59.999000+00:00,6136.97,bear,2018-06-24T00:00:00+00:00|5750.0
2018-06-25T00:00:00+00:00,2018-06-25T23:59:59.999000+00:00,6252.0,bear,2018-06-24T00:00:00+00:00|5750.0
2018-06-26T00:00:00+00:00,2018-06-26T23:59:59.999000+00:00,6070.78,bear,2018-06-24T00:00:00+00:00|5750.0
2018-06-27T00:00:00+00:00,2018-06-27T23:59:59.999000+00:00,6133.73,bear,2018-06-24T00:00:00+00:00|5750.0
2018-06-28T00:00:00+00:00,2018-06-28T23:59:59.999000+00:00,5853.98,bear,2018-06-24T00:00:00+00:00|5750.0
2018-06-29T00:00:00+00:00,2018-06-29T23:59:59.999000+00:00,6197.92,bear,2018-06-24T00:00:00+00:00|5750.0
2018-06-30T00:00:00+00:00,2018-06-30T23:59:59.999000+00:00,6390.07,bear,2018-06-24T00:00:00+00:00|5750.0
2018-07-01T00:00:00+00:00,2018-07-01T23:59:59.999000+00:00,6356.81,bear,2018-06-24T00:00:00+00:00|5750.0
2018-07-02T00:00:00+00:00,2018-07-02T23:59:59.999000+00:00,6615.29,bear,2018-06-24T00:00:00+00:00|5750.0
2018-07-03T00:00:00+00:00,2018-07-03T23:59:59.999000+00:00,6513.86,bear,2018-06-24T00:00:00+00:00|5750.0
2018-07-04T00:00:00+00:00,2018-07-04T23:59:59.999000+00:00,6586.98,bear,2018-06-24T00:00:00+00:00|5750.0
2018-07-05T00:00:00+00:00,2018-07-05T23:59:59.999000+00:00,6529.2,bear,2018-06-24T00:00:00+00:00|5750.0
2018-07-06T00:00:00+00:00,2018-07-06T23:59:59.999000+00:00,6609.78,bear,2018-06-24T00:00:00+00:00|5750.0
2018-07-07T00:00:00+00:00,2018-07-07T23:59:59.999000+00:00,6756.98,bear,2018-06-24T00:00:00+00:00|5750.0
2018-07-08T00:00:00+00:00,2018-07-08T23:59:59.999000+00:00,6712.1,bear,2018-06-24T00:00:00+00:00|5750.0
2018-07-09T00:00:00+00:00,2018-07-09T23:59:59.999000+00:00,6662.12,bear,2018-06-24T00:00:00+00:00|5750.0
2018-07-10T00:00:00+00:00,2018-07-10T23:59:59.999000+00:00,6296.91,bear,2018-06-24T00:00:00+00:00|5750.0
2018-07-11T00:00:00+00:00,2018-07-11T23:59:59.999000+00:00,6378.07,bear,2018-06-24T00:00:00+00:00|5750.0
2018-07-12T00:00:00+00:00,2018-07-12T23:59:59.999000+00:00,6250.57,bear,2018-06-24T00:00:00+00:00|5750.0
2018-07-13T00:00:00+00:00,2018-07-13T23:59:59.999000+00:00,6214.57,bear,2018-06-24T00:00:00+00:00|5750.0
2018-07-14T00:00:00+00:00,2018-07-14T23:59:59.999000+00:00,6251.99,bear,2018-06-24T00:00:00+00:00|5750.0
2018-07-15T00:00:00+00:00,2018-07-15T23:59:59.999000+00:00,6353.01,bear,2018-06-24T00:00:00+00:00|5750.0
2018-07-16T00:00:00+00:00,2018-07-16T23:59:59.999000+00:00,6723.35,bear,2018-06-24T00:00:00+00:00|5750.0
2018-07-17T00:00:00+00:00,2018-07-17T23:59:59.999000+00:00,7317.44,bear,2018-06-24T00:00:00+00:00|5750.0
2018-07-18T00:00:00+00:00,2018-07-18T23:59:59.999000+00:00,7381.9,bear,2018-06-24T00:00:00+00:00|5750.0
2018-07-19T00:00:00+00:00,2018-07-19T23:59:59.999000+00:00,7466.21,bear,2018-06-24T00:00:00+00:00|5750.0
2018-07-20T00:00:00+00:00,2018-07-20T23:59:59.999000+00:00,7337.53,bear,2018-06-24T00:00:00+00:00|5750.0
2018-07-21T00:00:00+00:00,2018-07-21T23:59:59.999000+00:00,7398.78,bear,2018-06-24T00:00:00+00:00|5750.0
2018-07-22T00:00:00+00:00,2018-07-22T23:59:59.999000+00:00,7394.79,bear,2018-06-24T00:00:00+00:00|5750.0
2018-07-23T00:00:00+00:00,2018-07-23T23:59:59.999000+00:00,7721.01,bear,2018-06-24T00:00:00+00:00|5750.0
2018-07-24T00:00:00+00:00,2018-07-24T23:59:59.999000+00:00,8397.24,bear,2018-06-24T00:00:00+00:00|5750.0
2018-07-25T00:00:00+00:00,2018-07-25T23:59:59.999000+00:00,8175.64,bear,2018-06-24T00:00:00+00:00|5750.0
2018-07-26T00:00:00+00:00,2018-07-26T23:59:59.999000+00:00,7920.0,bear,2018-06-24T00:00:00+00:00|5750.0
2018-07-27T00:00:00+00:00,2018-07-27T23:59:59.999000+00:00,8188.57,bear,2018-06-24T00:00:00+00:00|5750.0
2018-07-28T00:00:00+00:00,2018-07-28T23:59:59.999000+00:00,8225.04,bear,2018-06-24T00:00:00+00:00|5750.0
2018-07-29T00:00:00+00:00,2018-07-29T23:59:59.999000+00:00,8211.0,bear,2018-06-24T00:00:00+00:00|5750.0
2018-07-30T00:00:00+00:00,2018-07-30T23:59:59.999000+00:00,8173.92,bear,2018-06-24T00:00:00+00:00|5750.0
2018-07-31T00:00:00+00:00,2018-07-31T23:59:59.999000+00:00,7730.93,bear,2018-06-24T00:00:00+00:00|5750.0
2018-08-01T00:00:00+00:00,2018-08-01T23:59:59.999000+00:00,7604.58,bear,2018-06-24T00:00:00+00:00|5750.0
2018-08-02T00:00:00+00:00,2018-08-02T23:59:59.999000+00:00,7525.71,bear,2018-06-24T00:00:00+00:00|5750.0
2018-08-03T00:00:00+00:00,2018-08-03T23:59:59.999000+00:00,7418.78,bear,2018-06-24T00:00:00+00:00|5750.0
2018-08-04T00:00:00+00:00,2018-08-04T23:59:59.999000+00:00,7009.84,bear,2018-06-24T00:00:00+00:00|5750.0
2018-08-05T00:00:00+00:00,2018-08-05T23:59:59.999000+00:00,7024.19,bear,2018-06-24T00:00:00+00:00|5750.0
2018-08-06T00:00:00+00:00,2018-08-06T23:59:59.999000+00:00,6934.82,bear,2018-06-24T00:00:00+00:00|5750.0
2018-08-07T00:00:00+00:00,2018-08-07T23:59:59.999000+00:00,6720.06,bear,2018-06-24T00:00:00+00:00|5750.0
2018-08-08T00:00:00+00:00,2018-08-08T23:59:59.999000+00:00,6285.0,bear,2018-06-24T00:00:00+00:00|5750.0
2018-08-09T00:00:00+00:00,2018-08-09T23:59:59.999000+00:00,6529.79,bear,2018-06-24T00:00:00+00:00|5750.0
2018-08-10T00:00:00+00:00,2018-08-10T23:59:59.999000+00:00,6144.01,bear,2018-06-24T00:00:00+00:00|5750.0
2018-08-11T00:00:00+00:00,2018-08-11T23:59:59.999000+00:00,6232.35,bear,2018-06-24T00:00:00+00:00|5750.0
2018-08-12T00:00:00+00:00,2018-08-12T23:59:59.999000+00:00,6308.33,bear,2018-06-24T00:00:00+00:00|5750.0
2018-08-13T00:00:00+00:00,2018-08-13T23:59:59.999000+00:00,6246.35,bear,2018-06-24T00:00:00+00:00|5750.0
2018-08-14T00:00:00+00:00,2018-08-14T23:59:59.999000+00:00,6188.08,bear,2018-06-24T00:00:00+00:00|5750.0
2018-08-15T00:00:00+00:00,2018-08-15T23:59:59.999000+00:00,6267.16,bear,2018-06-24T00:00:00+00:00|5750.0
2018-08-16T00:00:00+00:00,2018-08-16T23:59:59.999000+00:00,6311.75,bear,2018-06-24T00:00:00+00:00|5750.0
2018-08-17T00:00:00+00:00,2018-08-17T23:59:59.999000+00:00,6584.49,bear,2018-06-24T00:00:00+00:00|5750.0
2018-08-18T00:00:00+00:00,2018-08-18T23:59:59.999000+00:00,6387.96,bear,2018-06-24T00:00:00+00:00|5750.0
2018-08-19T00:00:00+00:00,2018-08-19T23:59:59.999000+00:00,6477.53,bear,2018-06-24T00:00:00+00:00|5750.0
2018-08-20T00:00:00+00:00,2018-08-20T23:59:59.999000+00:00,6254.84,bear,2018-06-24T00:00:00+00:00|5750.0
2018-08-21T00:00:00+00:00,2018-08-21T23:59:59.999000+00:00,6480.0,bear,2018-06-24T00:00:00+00:00|5750.0
2018-08-22T00:00:00+00:00,2018-08-22T23:59:59.999000+00:00,6360.89,bear,2018-06-24T00:00:00+00:00|5750.0
2018-08-23T00:00:00+00:00,2018-08-23T23:59:59.999000+00:00,6525.01,bear,2018-06-24T00:00:00+00:00|5750.0
2018-08-24T00:00:00+00:00,2018-08-24T23:59:59.999000+00:00,6681.64,bear,2018-06-24T00:00:00+00:00|5750.0
2018-08-25T00:00:00+00:00,2018-08-25T23:59:59.999000+00:00,6733.64,bear,2018-06-24T00:00:00+00:00|5750.0
2018-08-26T00:00:00+00:00,2018-08-26T23:59:59.999000+00:00,6700.0,bear,2018-06-24T00:00:00+00:00|5750.0
2018-08-27T00:00:00+00:00,2018-08-27T23:59:59.999000+00:00,6908.64,bear,2018-06-24T00:00:00+00:00|5750.0
2018-08-28T00:00:00+00:00,2018-08-28T23:59:59.999000+00:00,7076.11,bear,2018-06-24T00:00:00+00:00|5750.0
2018-08-29T00:00:00+00:00,2018-08-29T23:59:59.999000+00:00,7031.22,bear,2018-06-24T00:00:00+00:00|5750.0
2018-08-30T00:00:00+00:00,2018-08-30T23:59:59.999000+00:00,6984.84,bear,2018-06-24T00:00:00+00:00|5750.0
2018-08-31T00:00:00+00:00,2018-08-31T23:59:59.999000+00:00,7011.21,bear,2018-06-24T00:00:00+00:00|5750.0
2018-09-01T00:00:00+00:00,2018-09-01T23:59:59.999000+00:00,7200.01,bear,2018-06-24T00:00:00+00:00|5750.0
2018-09-02T00:00:00+00:00,2018-09-02T23:59:59.999000+00:00,7302.01,bear,2018-06-24T00:00:00+00:00|5750.0
2018-09-03T00:00:00+00:00,2018-09-03T23:59:59.999000+00:00,7263.02,bear,2018-06-24T00:00:00+00:00|5750.0
2018-09-04T00:00:00+00:00,2018-09-04T23:59:59.999000+00:00,7359.06,bear,2018-06-24T00:00:00+00:00|5750.0
2018-09-05T00:00:00+00:00,2018-09-05T23:59:59.999000+00:00,6700.0,bear,2018-06-24T00:00:00+00:00|5750.0
2018-09-06T00:00:00+00:00,2018-09-06T23:59:59.999000+00:00,6516.01,bear,2018-06-24T00:00:00+00:00|5750.0
2018-09-07T00:00:00+00:00,2018-09-07T23:59:59.999000+00:00,6395.54,bear,2018-06-24T00:00:00+00:00|5750.0
2018-09-08T00:00:00+00:00,2018-09-08T23:59:59.999000+00:00,6185.05,bear,2018-06-24T00:00:00+00:00|5750.0
2018-09-09T00:00:00+00:00,2018-09-09T23:59:59.999000+00:00,6250.81,bear,2018-06-24T00:00:00+00:00|5750.0
2018-09-10T00:00:00+00:00,2018-09-10T23:59:59.999000+00:00,6312.0,bear,2018-06-24T00:00:00+00:00|5750.0
2018-09-11T00:00:00+00:00,2018-09-11T23:59:59.999000+00:00,6294.91,bear,2018-06-24T00:00:00+00:00|5750.0
2018-09-12T00:00:00+00:00,2018-09-12T23:59:59.999000+00:00,6338.62,bear,2018-06-24T00:00:00+00:00|5750.0
2018-09-13T00:00:00+00:00,2018-09-13T23:59:59.999000+00:00,6487.38,bear,2018-06-24T00:00:00+00:00|5750.0
2018-09-14T00:00:00+00:00,2018-09-14T23:59:59.999000+00:00,6476.63,bear,2018-06-24T00:00:00+00:00|5750.0
2018-09-15T00:00:00+00:00,2018-09-15T23:59:59.999000+00:00,6514.96,bear,2018-06-24T00:00:00+00:00|5750.0
2018-09-16T00:00:00+00:00,2018-09-16T23:59:59.999000+00:00,6505.0,bear,2018-06-24T00:00:00+00:00|5750.0
2018-09-17T00:00:00+00:00,2018-09-17T23:59:59.999000+00:00,6248.69,bear,2018-06-24T00:00:00+00:00|5750.0
2018-09-18T00:00:00+00:00,2018-09-18T23:59:59.999000+00:00,6336.45,bear,2018-06-24T00:00:00+00:00|5750.0
2018-09-19T00:00:00+00:00,2018-09-19T23:59:59.999000+00:00,6391.89,bear,2018-06-24T00:00:00+00:00|5750.0
2018-09-20T00:00:00+00:00,2018-09-20T23:59:59.999000+00:00,6492.0,bear,2018-06-24T00:00:00+00:00|5750.0
2018-09-21T00:00:00+00:00,2018-09-21T23:59:59.999000+00:00,6759.02,bear,2018-06-24T00:00:00+00:00|5750.0
2018-09-22T00:00:00+00:00,2018-09-22T23:59:59.999000+00:00,6723.05,bear,2018-06-24T00:00:00+00:00|5750.0
2018-09-23T00:00:00+00:00,2018-09-23T23:59:59.999000+00:00,6708.0,bear,2018-06-24T00:00:00+00:00|5750.0
2018-09-24T00:00:00+00:00,2018-09-24T23:59:59.999000+00:00,6581.39,bear,2018-06-24T00:00:00+00:00|5750.0
2018-09-25T00:00:00+00:00,2018-09-25T23:59:59.999000+00:00,6447.54,bear,2018-06-24T00:00:00+00:00|5750.0
2018-09-26T00:00:00+00:00,2018-09-26T23:59:59.999000+00:00,6465.12,bear,2018-06-24T00:00:00+00:00|5750.0
2018-09-27T00:00:00+00:00,2018-09-27T23:59:59.999000+00:00,6689.13,bear,2018-06-24T00:00:00+00:00|5750.0
2018-09-28T00:00:00+00:00,2018-09-28T23:59:59.999000+00:00,6634.58,bear,2018-06-24T00:00:00+00:00|5750.0
2018-09-29T00:00:00+00:00,2018-09-29T23:59:59.999000+00:00,6596.38,bear,2018-06-24T00:00:00+00:00|5750.0
2018-09-30T00:00:00+00:00,2018-09-30T23:59:59.999000+00:00,6626.57,bear,2018-06-24T00:00:00+00:00|5750.0
2018-10-01T00:00:00+00:00,2018-10-01T23:59:59.999000+00:00,6611.61,bear,2018-06-24T00:00:00+00:00|5750.0
2018-10-02T00:00:00+00:00,2018-10-02T23:59:59.999000+00:00,6525.79,bear,2018-06-24T00:00:00+00:00|5750.0
2018-10-03T00:00:00+00:00,2018-10-03T23:59:59.999000+00:00,6510.0,bear,2018-06-24T00:00:00+00:00|5750.0
2018-10-04T00:00:00+00:00,2018-10-04T23:59:59.999000+00:00,6593.79,bear,2018-06-24T00:00:00+00:00|5750.0
2018-10-05T00:00:00+00:00,2018-10-05T23:59:59.999000+00:00,6635.65,bear,2018-06-24T00:00:00+00:00|5750.0
2018-10-06T00:00:00+00:00,2018-10-06T23:59:59.999000+00:00,6594.27,bear,2018-06-24T00:00:00+00:00|5750.0
2018-10-07T00:00:00+00:00,2018-10-07T23:59:59.999000+00:00,6615.26,bear,2018-06-24T00:00:00+00:00|5750.0
2018-10-08T00:00:00+00:00,2018-10-08T23:59:59.999000+00:00,6673.01,bear,2018-06-24T00:00:00+00:00|5750.0
2018-10-09T00:00:00+00:00,2018-10-09T23:59:59.999000+00:00,6656.61,bear,2018-06-24T00:00:00+00:00|5750.0
2018-10-10T00:00:00+00:00,2018-10-10T23:59:59.999000+00:00,6631.0,bear,2018-06-24T00:00:00+00:00|5750.0
2018-10-11T00:00:00+00:00,2018-10-11T23:59:59.999000+00:00,6252.68,bear,2018-06-24T00:00:00+00:00|5750.0
2018-10-12T00:00:00+00:00,2018-10-12T23:59:59.999000+00:00,6298.01,bear,2018-06-24T00:00:00+00:00|5750.0
2018-10-13T00:00:00+00:00,2018-10-13T23:59:59.999000+00:00,6332.93,bear,2018-06-24T00:00:00+00:00|5750.0
2018-10-14T00:00:00+00:00,2018-10-14T23:59:59.999000+00:00,6339.34,bear,2018-06-24T00:00:00+00:00|5750.0
2018-10-15T00:00:00+00:00,2018-10-15T23:59:59.999000+00:00,6752.5,bull,2018-10-15T00:00:00+00:00|7680.0
2018-10-16T00:00:00+00:00,2018-10-16T23:59:59.999000+00:00,6759.27,bull,2017-12-17T00:00:00+00:00|19798.68
2018-10-17T00:00:00+00:00,2018-10-17T23:59:59.999000+00:00,6740.89,bull,2017-12-17T00:00:00+00:00|19798.68
2018-10-18T00:00:00+00:00,2018-10-18T23:59:59.999000+00:00,6618.96,bull,2017-12-17T00:00:00+00:00|19798.68
2018-10-19T00:00:00+00:00,2018-10-19T23:59:59.999000+00:00,6528.88,bull,2017-12-17T00:00:00+00:00|19798.68
2018-10-20T00:00:00+00:00,2018-10-20T23:59:59.999000+00:00,6588.4,bull,2017-12-17T00:00:00+00:00|19798.68
2018-10-21T00:00:00+00:00,2018-10-21T23:59:59.999000+00:00,6590.11,bull,2017-12-17T00:00:00+00:00|19798.68
2018-10-22T00:00:00+00:00,2018-10-22T23:59:59.999000+00:00,6581.2,bull,2017-12-17T00:00:00+00:00|19798.68
2018-10-23T00:00:00+00:00,2018-10-23T23:59:59.999000+00:00,6553.51,bull,2017-12-17T00:00:00+00:00|19798.68
2018-10-24T00:00:00+00:00,2018-10-24T23:59:59.999000+00:00,6565.5,bull,2017-12-17T00:00:00+00:00|19798.68
2018-10-25T00:00:00+00:00,2018-10-25T23:59:59.999000+00:00,6528.09,bull,2017-12-17T00:00:00+00:00|19798.68
2018-10-26T00:00:00+00:00,2018-10-26T23:59:59.999000+00:00,6538.63,bull,2017-12-17T00:00:00+00:00|19798.68
2018-10-27T00:00:00+00:00,2018-10-27T23:59:59.999000+00:00,6505.6,bull,2017-12-17T00:00:00+00:00|19798.68
2018-10-28T00:00:00+00:00,2018-10-28T23:59:59.999000+00:00,6489.93,bull,2017-12-17T00:00:00+00:00|19798.68
2018-10-29T00:00:00+00:00,2018-10-29T23:59:59.999000+00:00,6344.5,bull,2017-12-17T00:00:00+00:00|19798.68
2018-10-30T00:00:00+00:00,2018-10-30T23:59:59.999000+00:00,6330.87,bull,2017-12-17T00:00:00+00:00|19798.68
2018-10-31T00:00:00+00:00,2018-10-31T23:59:59.999000+00:00,6371.93,bull,2017-12-17T00:00:00+00:00|19798.68
2018-11-01T00:00:00+00:00,2018-11-01T23:59:59.999000+00:00,6410.0,bull,2017-12-17T00:00:00+00:00|19798.68
2018-11-02T00:00:00+00:00,2018-11-02T23:59:59.999000+00:00,6433.98,bull,2017-12-17T00:00:00+00:00|19798.68
2018-11-03T00:00:00+00:00,2018-11-03T23:59:59.999000+00:00,6387.09,bull,2017-12-17T00:00:00+00:00|19798.68
2018-11-04T00:00:00+00:00,2018-11-04T23:59:59.999000+00:00,6485.85,bull,2017-12-17T00:00:00+00:00|19798.68
2018-11-05T00:00:00+00:00,2018-11-05T23:59:59.999000+00:00,6468.99,bull,2017-12-17T00:00:00+00:00|19798.68
2018-11-06T00:00:00+00:00,2018-11-06T23:59:59.999000+00:00,6519.11,bull,2017-12-17T00:00:00+00:00|19798.68
2018-11-07T00:00:00+00:00,2018-11-07T23:59:59.999000+00:00,6578.46,bull,2017-12-17T00:00:00+00:00|19798.68
2018-11-08T00:00:00+00:00,2018-11-08T23:59:59.999000+00:00,6479.84,bull,2017-12-17T00:00:00+00:00|19798.68
2018-11-09T00:00:00+00:00,2018-11-09T23:59:59.999000+00:00,6419.99,bull,2017-12-17T00:00:00+00:00|19798.68
2018-11-10T00:00:00+00:00,2018-11-10T23:59:59.999000+00:00,6433.05,bull,2017-12-17T00:00:00+00:00|19798.68
2018-11-11T00:00:00+00:00,2018-11-11T23:59:59.999000+00:00,6449.81,bull,2017-12-17T00:00:00+00:00|19798.68
2018-11-12T00:00:00+00:00,2018-11-12T23:59:59.999000+00:00,6453.07,bull,2017-12-17T00:00:00+00:00|19798.68
2018-11-13T00:00:00+00:00,2018-11-13T23:59:59.999000+00:00,6457.66,bull,2017-12-17T00:00:00+00:00|19798.68
2018-11-14T00:00:00+00:00,2018-11-14T23:59:59.999000+00:00,5922.41,bear,2018-11-14T00:00:00+00:00|5656.87
2018-11-15T00:00:00+00:00,2018-11-15T23:59:59.999000+00:00,5753.4,bear,2018-11-15T00:00:00+00:00|5403.42
2018-11-16T00:00:00+00:00,2018-11-16T23:59:59.999000+00:00,5655.94,bear,2018-11-15T00:00:00+00:00|5403.42
2018-11-17T00:00:00+00:00,2018-11-17T23:59:59.999000+00:00,5628.29,bear,2018-11-15T00:00:00+00:00|5403.42
2018-11-18T00:00:00+00:00,2018-11-18T23:59:59.999000+00:00,5662.0,bear,2018-11-15T00:00:00+00:00|5403.42
2018-11-19T00:00:00+00:00,2018-11-19T23:59:59.999000+00:00,4910.03,bear,2018-11-19T00:00:00+00:00|4855.0
2018-11-20T00:00:00+00:00,2018-11-20T23:59:59.999000+00:00,4558.86,bear,2018-11-20T00:00:00+00:00|4326.0
2018-11-21T00:00:00+00:00,2018-11-21T23:59:59.999000+00:00,4661.07,bear,2018-11-20T00:00:00+00:00|4326.0
2018-11-22T00:00:00+00:00,2018-11-22T23:59:59.999000+00:00,4370.0,bear,2018-11-20T00:00:00+00:00|4326.0
2018-11-23T00:00:00+00:00,2018-11-23T23:59:59.999000+00:00,4420.61,bear,2018-11-23T00:00:00+00:00|4222.94
2018-11-24T00:00:00+00:00,2018-11-24T23:59:59.999000+00:00,3932.44,bear,2018-11-24T00:00:00+00:00|3824.69
2018-11-25T00:00:00+00:00,2018-11-25T23:59:59.999000+00:00,4085.78,bear,2018-11-25T00:00:00+00:00|3652.66
2018-11-26T00:00:00+00:00,2018-11-26T23:59:59.999000+00:00,3862.2,bear,2018-11-25T00:00:00+00:00|3652.66
2018-11-27T00:00:00+00:00,2018-11-27T23:59:59.999000+00:00,3875.21,bear,2018-11-25T00:00:00+00:00|3652.66
2018-11-28T00:00:00+00:00,2018-11-28T23:59:59.999000+00:00,4264.85,bear,2018-11-25T00:00:00+00:00|3652.66
2018-11-29T00:00:00+00:00,2018-11-29T23:59:59.999000+00:00,4295.84,bear,2018-11-25T00:00:00+00:00|3652.66
2018-11-30T00:00:00+00:00,2018-11-30T23:59:59.999000+00:00,4041.32,bear,2018-11-25T00:00:00+00:00|3652.66
2018-12-01T00:00:00+00:00,2018-12-01T23:59:59.999000+00:00,4190.02,bear,2018-11-25T00:00:00+00:00|3652.66
2018-12-02T00:00:00+00:00,2018-12-02T23:59:59.999000+00:00,4161.01,bear,2018-11-25T00:00:00+00:00|3652.66
2018-12-03T00:00:00+00:00,2018-12-03T23:59:59.999000+00:00,3884.01,bear,2018-11-25T00:00:00+00:00|3652.66
2018-12-04T00:00:00+00:00,2018-12-04T23:59:59.999000+00:00,3951.64,bear,2018-11-25T00:00:00+00:00|3652.66
2018-12-05T00:00:00+00:00,2018-12-05T23:59:59.999000+00:00,3769.84,bear,2018-11-25T00:00:00+00:00|3652.66
2018-12-06T00:00:00+00:00,2018-12-06T23:59:59.999000+00:00,3508.75,bear,2018-12-06T00:00:00+00:00|3500.0
2018-12-07T00:00:00+00:00,2018-12-07T23:59:59.999000+00:00,3403.55,bear,2018-12-07T00:00:00+00:00|3224.6
2018-12-08T00:00:00+00:00,2018-12-08T23:59:59.999000+00:00,3410.93,bear,2018-12-08T00:00:00+00:00|3222.0
2018-12-09T00:00:00+00:00,2018-12-09T23:59:59.999000+00:00,3545.37,bear,2018-12-08T00:00:00+00:00|3222.0
2018-12-10T00:00:00+00:00,2018-12-10T23:59:59.999000+00:00,3432.88,bear,2018-12-08T00:00:00+00:00|3222.0
2018-12-11T00:00:00+00:00,2018-12-11T23:59:59.999000+00:00,3380.39,bear,2018-12-08T00:00:00+00:00|3222.0
2018-12-12T00:00:00+00:00,2018-12-12T23:59:59.999000+00:00,3445.0,bear,2018-12-08T00:00:00+00:00|3222.0
2018-12-13T00:00:00+00:00,2018-12-13T23:59:59.999000+00:00,3302.06,bear,2018-12-08T00:00:00+00:00|3222.0
2018-12-14T00:00:00+00:00,2018-12-14T23:59:59.999000+00:00,3224.17,bear,2018-12-14T00:00:00+00:00|3177.0
2018-12-15T00:00:00+00:00,2018-12-15T23:59:59.999000+00:00,3211.72,bear,2018-12-15T00:00:00+00:00|3156.26
2018-12-16T00:00:00+00:00,2018-12-16T23:59:59.999000+00:00,3228.67,bear,2018-12-15T00:00:00+00:00|3156.26
2018-12-17T00:00:00+00:00,2018-12-17T23:59:59.999000+00:00,3509.08,bear,2018-12-15T00:00:00+00:00|3156.26
2018-12-18T00:00:00+00:00,2018-12-18T23:59:59.999000+00:00,3652.98,bear,2018-12-15T00:00:00+00:00|3156.26
2018-12-19T00:00:00+00:00,2018-12-19T23:59:59.999000+00:00,3662.22,bear,2018-12-15T00:00:00+00:00|3156.26
2018-12-20T00:00:00+00:00,2018-12-20T23:59:59.999000+00:00,4049.62,bear,2018-12-15T00:00:00+00:00|3156.26
2018-12-21T00:00:00+00:00,2018-12-21T23:59:59.999000+00:00,3838.66,bear,2018-12-15T00:00:00+00:00|3156.26
2018-12-22T00:00:00+00:00,2018-12-22T23:59:59.999000+00:00,3948.91,bear,2018-12-15T00:00:00+00:00|3156.26
2018-12-23T00:00:00+00:00,2018-12-23T23:59:59.999000+00:00,3929.71,bear,2018-12-15T00:00:00+00:00|3156.26
2018-12-24T00:00:00+00:00,2018-12-24T23:59:59.999000+00:00,4008.01,bear,2018-12-15T00:00:00+00:00|3156.26
2018-12-25T00:00:00+00:00,2018-12-25T23:59:59.999000+00:00,3745.79,bear,2018-12-15T00:00:00+00:00|3156.26
2018-12-26T00:00:00+00:00,2018-12-26T23:59:59.999000+00:00,3777.74,bear,2018-12-15T00:00:00+00:00|3156.26
2018-12-27T00:00:00+00:00,2018-12-27T23:59:59.999000+00:00,3567.91,bear,2018-12-15T00:00:00+00:00|3156.26
2018-12-28T00:00:00+00:00,2018-12-28T23:59:59.999000+00:00,3839.26,bear,2018-12-15T00:00:00+00:00|3156.26
2018-12-29T00:00:00+00:00,2018-12-29T23:59:59.999000+00:00,3695.32,bear,2018-12-15T00:00:00+00:00|3156.26
2018-12-30T00:00:00+00:00,2018-12-30T23:59:59.999000+00:00,3801.91,bear,2018-12-15T00:00:00+00:00|3156.26
2018-12-31T00:00:00+00:00,2018-12-31T23:59:59.999000+00:00,3702.9,bear,2018-12-15T00:00:00+00:00|3156.26
2019-01-01T00:00:00+00:00,2019-01-01T23:59:59.999000+00:00,3797.14,bear,2018-12-15T00:00:00+00:00|3156.26
2019-01-02T00:00:00+00:00,2019-01-02T23:59:59.999000+00:00,3858.56,bear,2018-12-15T00:00:00+00:00|3156.26
2019-01-03T00:00:00+00:00,2019-01-03T23:59:59.999000+00:00,3766.78,bear,2018-12-15T00:00:00+00:00|3156.26
2019-01-04T00:00:00+00:00,2019-01-04T23:59:59.999000+00:00,3792.01,bear,2018-12-15T00:00:00+00:00|3156.26
2019-01-05T00:00:00+00:00,2019-01-05T23:59:59.999000+00:00,3770.96,bear,2018-12-15T00:00:00+00:00|3156.26
2019-01-06T00:00:00+00:00,2019-01-06T23:59:59.999000+00:00,3987.6,bear,2018-12-15T00:00:00+00:00|3156.26
2019-01-07T00:00:00+00:00,2019-01-07T23:59:59.999000+00:00,3975.45,bear,2018-12-15T00:00:00+00:00|3156.26
2019-01-08T00:00:00+00:00,2019-01-08T23:59:59.999000+00:00,3955.13,bear,2018-12-15T00:00:00+00:00|3156.26
2019-01-09T00:00:00+00:00,2019-01-09T23:59:59.999000+00:00,3966.65,bear,2018-12-15T00:00:00+00:00|3156.26
2019-01-10T00:00:00+00:00,2019-01-10T23:59:59.999000+00:00,3585.88,bear,2018-12-15T00:00:00+00:00|3156.26
2019-01-11T00:00:00+00:00,2019-01-11T23:59:59.999000+00:00,3601.31,bear,2018-12-15T00:00:00+00:00|3156.26
2019-01-12T00:00:00+00:00,2019-01-12T23:59:59.999000+00:00,3583.13,bear,2018-12-15T00:00:00+00:00|3156.26
2019-01-13T00:00:00+00:00,2019-01-13T23:59:59.999000+00:00,3476.81,bear,2018-12-15T00:00:00+00:00|3156.26
2019-01-14T00:00:00+00:00,2019-01-14T23:59:59.999000+00:00,3626.09,bear,2018-12-15T00:00:00+00:00|3156.26
2019-01-15T00:00:00+00:00,2019-01-15T23:59:59.999000+00:00,3553.06,bear,2018-12-15T00:00:00+00:00|3156.26
2019-01-16T00:00:00+00:00,2019-01-16T23:59:59.999000+00:00,3591.84,bear,2018-12-15T00:00:00+00:00|3156.26
2019-01-17T00:00:00+00:00,2019-01-17T23:59:59.999000+00:00,3616.21,bear,2018-12-15T00:00:00+00:00|3156.26
2019-01-18T00:00:00+00:00,2019-01-18T23:59:59.999000+00:00,3594.87,bear,2018-12-15T00:00:00+00:00|3156.26
2019-01-19T00:00:00+00:00,2019-01-19T23:59:59.999000+00:00,3665.3,bear,2018-12-15T00:00:00+00:00|3156.26
2019-01-20T00:00:00+00:00,2019-01-20T23:59:59.999000+00:00,3539.28,bear,2018-12-15T00:00:00+00:00|3156.26
2019-01-21T00:00:00+00:00,2019-01-21T23:59:59.999000+00:00,3526.9,bear,2018-12-15T00:00:00+00:00|3156.26
2019-01-22T00:00:00+00:00,2019-01-22T23:59:59.999000+00:00,3570.93,bear,2018-12-15T00:00:00+00:00|3156.26
2019-01-23T00:00:00+00:00,2019-01-23T23:59:59.999000+00:00,3552.82,bear,2018-12-15T00:00:00+00:00|3156.26
2019-01-24T00:00:00+00:00,2019-01-24T23:59:59.999000+00:00,3569.62,bear,2018-12-15T00:00:00+00:00|3156.26
2019-01-25T00:00:00+00:00,2019-01-25T23:59:59.999000+00:00,3565.29,bear,2018-12-15T00:00:00+00:00|3156.26
2019-01-26T00:00:00+00:00,2019-01-26T23:59:59.999000+00:00,3565.25,bear,2018-12-15T00:00:00+00:00|3156.26
2019-01-27T00:00:00+00:00,2019-01-27T23:59:59.999000+00:00,3550.84,bear,2018-12-15T00:00:00+00:00|3156.26
2019-01-28T00:00:00+00:00,2019-01-28T23:59:59.999000+00:00,3434.15,bear,2018-12-15T00:00:00+00:00|3156.26
2019-01-29T00:00:00+00:00,2019-01-29T23:59:59.999000+00:00,3411.04,bear,2018-12-15T00:00:00+00:00|3156.26
2019-01-30T00:00:00+00:00,2019-01-30T23:59:59.999000+00:00,3458.18,bear,2018-12-15T00:00:00+00:00|3156.26
2019-01-31T00:00:00+00:00,2019-01-31T23:59:59.999000+00:00,3434.1,bear,2018-12-15T00:00:00+00:00|3156.26
2019-02-01T00:00:00+00:00,2019-02-01T23:59:59.999000+00:00,3462.07,bear,2018-12-15T00:00:00+00:00|3156.26
2019-02-02T00:00:00+00:00,2019-02-02T23:59:59.999000+00:00,3504.77,bear,2018-12-15T00:00:00+00:00|3156.26
2019-02-03T00:00:00+00:00,2019-02-03T23:59:59.999000+00:00,3458.11,bear,2018-12-15T00:00:00+00:00|3156.26
2019-02-04T00:00:00+00:00,2019-02-04T23:59:59.999000+00:00,3463.22,bear,2018-12-15T00:00:00+00:00|3156.26
2019-02-05T00:00:00+00:00,2019-02-05T23:59:59.999000+00:00,3471.59,bear,2018-12-15T00:00:00+00:00|3156.26
2019-02-06T00:00:00+00:00,2019-02-06T23:59:59.999000+00:00,3405.37,bear,2018-12-15T00:00:00+00:00|3156.26
2019-02-07T00:00:00+00:00,2019-02-07T23:59:59.999000+00:00,3398.4,bear,2018-12-15T00:00:00+00:00|3156.26
2019-02-08T00:00:00+00:00,2019-02-08T23:59:59.999000+00:00,3659.04,bear,2018-12-15T00:00:00+00:00|3156.26
2019-02-09T00:00:00+00:00,2019-02-09T23:59:59.999000+00:00,3665.18,bear,2018-12-15T00:00:00+00:00|3156.26
2019-02-10T00:00:00+00:00,2019-02-10T23:59:59.999000+00:00,3680.06,bear,2018-12-15T00:00:00+00:00|3156.26
2019-02-11T00:00:00+00:00,2019-02-11T23:59:59.999000+00:00,3631.05,bear,2018-12-15T00:00:00+00:00|3156.26
2019-02-12T00:00:00+00:00,2019-02-12T23:59:59.999000+00:00,3631.46,bear,2018-12-15T00:00:00+00:00|3156.26
2019-02-13T00:00:00+00:00,2019-02-13T23:59:59.999000+00:00,3609.4,bear,2018-12-15T00:00:00+00:00|3156.26
2019-02-14T00:00:00+00:00,2019-02-14T23:59:59.999000+00:00,3590.56,bear,2018-12-15T00:00:00+00:00|3156.26
2019-02-15T00:00:00+00:00,2019-02-15T23:59:59.999000+00:00,3602.47,bear,2018-12-15T00:00:00+00:00|3156.26
2019-02-16T00:00:00+00:00,2019-02-16T23:59:59.999000+00:00,3618.41,bear,2018-12-15T00:00:00+00:00|3156.26
2019-02-17T00:00:00+00:00,2019-02-17T23:59:59.999000+00:00,3667.58,bear,2018-12-15T00:00:00+00:00|3156.26
2019-02-18T00:00:00+00:00,2019-02-18T23:59:59.999000+00:00,3898.6,bear,2018-12-15T00:00:00+00:00|3156.26
2019-02-19T00:00:00+00:00,2019-02-19T23:59:59.999000+00:00,3907.79,bear,2018-12-15T00:00:00+00:00|3156.26
2019-02-20T00:00:00+00:00,2019-02-20T23:59:59.999000+00:00,3969.74,bear,2018-12-15T00:00:00+00:00|3156.26
2019-02-21T00:00:00+00:00,2019-02-21T23:59:59.999000+00:00,3937.31,bear,2018-12-15T00:00:00+00:00|3156.26
2019-02-22T00:00:00+00:00,2019-02-22T23:59:59.999000+00:00,3962.0,bear,2018-12-15T00:00:00+00:00|3156.26
2019-02-23T00:00:00+00:00,2019-02-23T23:59:59.999000+00:00,4117.76,bear,2018-12-15T00:00:00+00:00|3156.26
2019-02-24T00:00:00+00:00,2019-02-24T23:59:59.999000+00:00,3743.56,bear,2018-12-15T00:00:00+00:00|3156.26
2019-02-25T00:00:00+00:00,2019-02-25T23:59:59.999000+00:00,3827.92,bear,2018-12-15T00:00:00+00:00|3156.26
2019-02-26T00:00:00+00:00,2019-02-26T23:59:59.999000+00:00,3809.23,bear,2018-12-15T00:00:00+00:00|3156.26
2019-02-27T00:00:00+00:00,2019-02-27T23:59:59.999000+00:00,3818.07,bear,2018-12-15T00:00:00+00:00|3156.26
2019-02-28T00:00:00+00:00,2019-02-28T23:59:59.999000+00:00,3813.69,bear,2018-12-15T00:00:00+00:00|3156.26
2019-03-01T00:00:00+00:00,2019-03-01T23:59:59.999000+00:00,3823.0,bear,2018-12-15T00:00:00+00:00|3156.26
2019-03-02T00:00:00+00:00,2019-03-02T23:59:59.999000+00:00,3819.93,bear,2018-12-15T00:00:00+00:00|3156.26
2019-03-03T00:00:00+00:00,2019-03-03T23:59:59.999000+00:00,3807.75,bear,2018-12-15T00:00:00+00:00|3156.26
2019-03-04T00:00:00+00:00,2019-03-04T23:59:59.999000+00:00,3715.3,bear,2018-12-15T00:00:00+00:00|3156.26
2019-03-05T00:00:00+00:00,2019-03-05T23:59:59.999000+00:00,3857.73,bear,2018-12-15T00:00:00+00:00|3156.26
2019-03-06T00:00:00+00:00,2019-03-06T23:59:59.999000+00:00,3861.84,bear,2018-12-15T00:00:00+00:00|3156.26
2019-03-07T00:00:00+00:00,2019-03-07T23:59:59.999000+00:00,3873.64,bear,2018-12-15T00:00:00+00:00|3156.26
2019-03-08T00:00:00+00:00,2019-03-08T23:59:59.999000+00:00,3864.89,bear,2018-12-15T00:00:00+00:00|3156.26
2019-03-09T00:00:00+00:00,2019-03-09T23:59:59.999000+00:00,3943.04,bear,2018-12-15T00:00:00+00:00|3156.26
2019-03-10T00:00:00+00:00,2019-03-10T23:59:59.999000+00:00,3916.82,bear,2018-12-15T00:00:00+00:00|3156.26
2019-03-11T00:00:00+00:00,2019-03-11T23:59:59.999000+00:00,3871.61,bear,2018-12-15T00:00:00+00:00|3156.26
2019-03-12T00:00:00+00:00,2019-03-12T23:59:59.999000+00:00,3882.73,bear,2018-12-15T00:00:00+00:00|3156.26
2019-03-13T00:00:00+00:00,2019-03-13T23:59:59.999000+00:00,3866.0,bear,2018-12-15T00:00:00+00:00|3156.26
2019-03-14T00:00:00+00:00,2019-03-14T23:59:59.999000+00:00,3877.12,bear,2018-12-15T00:00:00+00:00|3156.26
2019-03-15T00:00:00+00:00,2019-03-15T23:59:59.999000+00:00,3923.76,bear,2018-12-15T00:00:00+00:00|3156.26
2019-03-16T00:00:00+00:00,2019-03-16T23:59:59.999000+00:00,4005.98,bear,2018-12-15T00:00:00+00:00|3156.26
2019-03-17T00:00:00+00:00,2019-03-17T23:59:59.999000+00:00,3981.14,bear,2018-12-15T00:00:00+00:00|3156.26
2019-03-18T00:00:00+00:00,2019-03-18T23:59:59.999000+00:00,3987.81,bear,2018-12-15T00:00:00+00:00|3156.26
2019-03-19T00:00:00+00:00,2019-03-19T23:59:59.999000+00:00,4015.53,bear,2018-12-15T00:00:00+00:00|3156.26
2019-03-20T00:00:00+00:00,2019-03-20T23:59:59.999000+00:00,4043.04,bear,2018-12-15T00:00:00+00:00|3156.26
2019-03-21T00:00:00+00:00,2019-03-21T23:59:59.999000+00:00,3980.64,bear,2018-12-15T00:00:00+00:00|3156.26
2019-03-22T00:00:00+00:00,2019-03-22T23:59:59.999000+00:00,3986.93,bear,2018-12-15T00:00:00+00:00|3156.26
2019-03-23T00:00:00+00:00,2019-03-23T23:59:59.999000+00:00,4006.01,bear,2018-12-15T00:00:00+00:00|3156.26
2019-03-24T00:00:00+00:00,2019-03-24T23:59:59.999000+00:00,3992.18,bear,2018-12-15T00:00:00+00:00|3156.26
2019-03-25T00:00:00+00:00,2019-03-25T23:59:59.999000+00:00,3936.12,bear,2018-12-15T00:00:00+00:00|3156.26
2019-03-26T00:00:00+00:00,2019-03-26T23:59:59.999000+00:00,3948.55,bear,2018-12-15T00:00:00+00:00|3156.26
2019-03-27T00:00:00+00:00,2019-03-27T23:59:59.999000+00:00,4038.05,bear,2018-12-15T00:00:00+00:00|3156.26
2019-03-28T00:00:00+00:00,2019-03-28T23:59:59.999000+00:00,4027.81,bear,2018-12-15T00:00:00+00:00|3156.26
2019-03-29T00:00:00+00:00,2019-03-29T23:59:59.999000+00:00,4103.25,bear,2018-12-15T00:00:00+00:00|3156.26
2019-03-30T00:00:00+00:00,2019-03-30T23:59:59.999000+00:00,4106.97,bear,2018-12-15T00:00:00+00:00|3156.26
2019-03-31T00:00:00+00:00,2019-03-31T23:59:59.999000+00:00,4103.95,bear,2018-12-15T00:00:00+00:00|3156.26
2019-04-01T00:00:00+00:00,2019-04-01T23:59:59.999000+00:00,4144.56,bear,2018-12-15T00:00:00+00:00|3156.26
2019-04-02T00:00:00+00:00,2019-04-02T23:59:59.999000+00:00,4857.29,bull,2019-04-02T00:00:00+00:00|4897.99
2019-04-03T00:00:00+00:00,2019-04-03T23:59:59.999000+00:00,4932.6,bull,2017-12-17T00:00:00+00:00|19798.68
2019-04-04T00:00:00+00:00,2019-04-04T23:59:59.999000+00:00,4898.66,bull,2017-12-17T00:00:00+00:00|19798.68
2019-04-05T00:00:00+00:00,2019-04-05T23:59:59.999000+00:00,5004.95,bull,2017-12-17T00:00:00+00:00|19798.68
2019-04-06T00:00:00+00:00,2019-04-06T23:59:59.999000+00:00,5043.89,bull,2017-12-17T00:00:00+00:00|19798.68
2019-04-07T00:00:00+00:00,2019-04-07T23:59:59.999000+00:00,5170.27,bull,2017-12-17T00:00:00+00:00|19798.68
2019-04-08T00:00:00+00:00,2019-04-08T23:59:59.999000+00:00,5236.9,bull,2017-12-17T00:00:00+00:00|19798.68
2019-04-09T00:00:00+00:00,2019-04-09T23:59:59.999000+00:00,5150.0,bull,2017-12-17T00:00:00+00:00|19798.68
2019-04-10T00:00:00+00:00,2019-04-10T23:59:59.999000+00:00,5308.25,bull,2017-12-17T00:00:00+00:00|19798.68
2019-04-11T00:00:00+00:00,2019-04-11T23:59:59.999000+00:00,5017.37,bull,2017-12-17T00:00:00+00:00|19798.68
2019-04-12T00:00:00+00:00,2019-04-12T23:59:59.999000+00:00,5048.01,bull,2017-12-17T00:00:00+00:00|19798.68
2019-04-13T00:00:00+00:00,2019-04-13T23:59:59.999000+00:00,5045.22,bull,2017-12-17T00:00:00+00:00|19798.68
2019-04-14T00:00:00+00:00,2019-04-14T23:59:59.999000+00:00,5131.3,bull,2017-12-17T00:00:00+00:00|19798.68
2019-04-15T00:00:00+00:00,2019-04-15T23:59:59.999000+00:00,5024.95,bull,2017-12-17T00:00:00+00:00|19798.68
2019-04-16T00:00:00+00:00,2019-04-16T23:59:59.999000+00:00,5173.72,bull,2017-12-17T00:00:00+00:00|19798.68
2019-04-17T00:00:00+00:00,2019-04-17T23:59:59.999000+00:00,5202.82,bull,2017-12-17T00:00:00+00:00|19798.68
2019-04-18T00:00:00+00:00,2019-04-18T23:59:59.999000+00:00,5258.44,bull,2017-12-17T00:00:00+00:00|19798.68
2019-04-19T00:00:00+00:00,2019-04-19T23:59:59.999000+00:00,5258.68,bull,2017-12-17T00:00:00+00:00|19798.68
2019-04-20T00:00:00+00:00,2019-04-20T23:59:59.999000+00:00,5291.73,bull,2017-12-17T00:00:00+00:00|19798.68
2019-04-21T00:00:00+00:00,2019-04-21T23:59:59.999000+00:00,5256.14,bull,2017-12-17T00:00:00+00:00|19798.68
2019-04-22T00:00:00+00:00,2019-04-22T23:59:59.999000+00:00,5357.14,bull,2017-12-17T00:00:00+00:00|19798.68
2019-04-23T00:00:00+00:00,2019-04-23T23:59:59.999000+00:00,5493.31,bull,2017-12-17T00:00:00+00:00|19798.68
2019-04-24T00:00:00+00:00,2019-04-24T23:59:59.999000+00:00,5415.0,bull,2017-12-17T00:00:00+00:00|19798.68
2019-04-25T00:00:00+00:00,2019-04-25T23:59:59.999000+00:00,5219.9,bull,2017-12-17T00:00:00+00:00|19798.68
2019-04-26T00:00:00+00:00,2019-04-26T23:59:59.999000+00:00,5314.1,bull,2017-12-17T00:00:00+00:00|19798.68
2019-04-27T00:00:00+00:00,2019-04-27T23:59:59.999000+00:00,5295.69,bull,2017-12-17T00:00:00+00:00|19798.68
2019-04-28T00:00:00+00:00,2019-04-28T23:59:59.999000+00:00,5307.52,bull,2017-12-17T00:00:00+00:00|19798.68
2019-04-29T00:00:00+00:00,2019-04-29T23:59:59.999000+00:00,5238.14,bull,2017-12-17T00:00:00+00:00|19798.68
2019-04-30T00:00:00+00:00,2019-04-30T23:59:59.999000+00:00,5320.81,bull,2017-12-17T00:00:00+00:00|19798.68
2019-05-01T00:00:00+00:00,2019-05-01T23:59:59.999000+00:00,5383.2,bull,2017-12-17T00:00:00+00:00|19798.68
2019-05-02T00:00:00+00:00,2019-05-02T23:59:59.999000+00:00,5492.87,bull,2017-12-17T00:00:00+00:00|19798.68
2019-05-03T00:00:00+00:00,2019-05-03T23:59:59.999000+00:00,5772.69,bull,2017-12-17T00:00:00+00:00|19798.68
2019-05-04T00:00:00+00:00,2019-05-04T23:59:59.999000+00:00,5829.45,bull,2017-12-17T00:00:00+00:00|19798.68
2019-05-05T00:00:00+00:00,2019-05-05T23:59:59.999000+00:00,5775.62,bull,2017-12-17T00:00:00+00:00|19798.68
2019-05-06T00:00:00+00:00,2019-05-06T23:59:59.999000+00:00,5747.79,bull,2017-12-17T00:00:00+00:00|19798.68
2019-05-07T00:00:00+00:00,2019-05-07T23:59:59.999000+00:00,5846.34,bull,2017-12-17T00:00:00+00:00|19798.68
2019-05-08T00:00:00+00:00,2019-05-08T23:59:59.999000+00:00,5987.29,bull,2017-12-17T00:00:00+00:00|19798.68
2019-05-09T00:00:00+00:00,2019-05-09T23:59:59.999000+00:00,6209.18,bull,2017-12-17T00:00:00+00:00|19798.68
2019-05-10T00:00:00+00:00,2019-05-10T23:59:59.999000+00:00,6373.33,bull,2017-12-17T00:00:00+00:00|19798.68
2019-05-11T00:00:00+00:00,2019-05-11T23:59:59.999000+00:00,7076.22,bull,2017-12-17T00:00:00+00:00|19798.68
2019-05-12T00:00:00+00:00,2019-05-12T23:59:59.999000+00:00,6967.31,bull,2017-12-17T00:00:00+00:00|19798.68
2019-05-13T00:00:00+00:00,2019-05-13T23:59:59.999000+00:00,7790.71,bull,2017-12-17T00:00:00+00:00|19798.68
2019-05-14T00:00:00+00:00,2019-05-14T23:59:59.999000+00:00,7947.56,bull,2017-12-17T00:00:00+00:00|19798.68
2019-05-15T00:00:00+00:00,2019-05-15T23:59:59.999000+00:00,8169.87,bull,2017-12-17T00:00:00+00:00|19798.68
2019-05-16T00:00:00+00:00,2019-05-16T23:59:59.999000+00:00,7866.59,bull,2017-12-17T00:00:00+00:00|19798.68
2019-05-17T00:00:00+00:00,2019-05-17T23:59:59.999000+00:00,7355.26,bull,2017-12-17T00:00:00+00:00|19798.68
2019-05-18T00:00:00+00:00,2019-05-18T23:59:59.999000+00:00,7257.45,bull,2017-12-17T00:00:00+00:00|19798.68
2019-05-19T00:00:00+00:00,2019-05-19T23:59:59.999000+00:00,8148.48,bull,2017-12-17T00:00:00+00:00|19798.68
2019-05-20T00:00:00+00:00,2019-05-20T23:59:59.999000+00:00,7938.15,bull,2017-12-17T00:00:00+00:00|19798.68
2019-05-21T00:00:00+00:00,2019-05-21T23:59:59.999000+00:00,7904.87,bull,2017-12-17T00:00:00+00:00|19798.68
2019-05-22T00:00:00+00:00,2019-05-22T23:59:59.999000+00:00,7628.43,bull,2017-12-17T00:00:00+00:00|19798.68
2019-05-23T00:00:00+00:00,2019-05-23T23:59:59.999000+00:00,7851.51,bull,2017-12-17T00:00:00+00:00|19798.68
2019-05-24T00:00:00+00:00,2019-05-24T23:59:59.999000+00:00,7964.87,bull,2017-12-17T00:00:00+00:00|19798.68
2019-05-25T00:00:00+00:00,2019-05-25T23:59:59.999000+00:00,8025.41,bull,2017-12-17T00:00:00+00:00|19798.68
2019-05-26T00:00:00+00:00,2019-05-26T23:59:59.999000+00:00,8614.43,bull,2017-12-17T00:00:00+00:00|19798.68
2019-05-27T00:00:00+00:00,2019-05-27T23:59:59.999000+00:00,8756.32,bull,2017-12-17T00:00:00+00:00|19798.68
2019-05-28T00:00:00+00:00,2019-05-28T23:59:59.999000+00:00,8715.64,bull,2017-12-17T00:00:00+00:00|19798.68
2019-05-29T00:00:00+00:00,2019-05-29T23:59:59.999000+00:00,8645.68,bull,2017-12-17T00:00:00+00:00|19798.68
2019-05-30T00:00:00+00:00,2019-05-30T23:59:59.999000+00:00,8269.54,bull,2017-12-17T00:00:00+00:00|19798.68
2019-05-31T00:00:00+00:00,2019-05-31T23:59:59.999000+00:00,8555.0,bull,2017-12-17T00:00:00+00:00|19798.68
2019-06-01T00:00:00+00:00,2019-06-01T23:59:59.999000+00:00,8544.07,bull,2017-12-17T00:00:00+00:00|19798.68
2019-06-02T00:00:00+00:00,2019-06-02T23:59:59.999000+00:00,8725.98,bull,2017-12-17T00:00:00+00:00|19798.68
2019-06-03T00:00:00+00:00,2019-06-03T23:59:59.999000+00:00,8115.82,bull,2017-12-17T00:00:00+00:00|19798.68
2019-06-04T00:00:00+00:00,2019-06-04T23:59:59.999000+00:00,7687.03,bull,2017-12-17T00:00:00+00:00|19798.68
2019-06-05T00:00:00+00:00,2019-06-05T23:59:59.999000+00:00,7776.5,bull,2017-12-17T00:00:00+00:00|19798.68
2019-06-06T00:00:00+00:00,2019-06-06T23:59:59.999000+00:00,7786.7,bull,2017-12-17T00:00:00+00:00|19798.68
2019-06-07T00:00:00+00:00,2019-06-07T23:59:59.999000+00:00,7980.53,bull,2017-12-17T00:00:00+00:00|19798.68
2019-06-08T00:00:00+00:00,2019-06-08T23:59:59.999000+00:00,7893.62,bull,2017-12-17T00:00:00+00:00|19798.68
2019-06-09T00:00:00+00:00,2019-06-09T23:59:59.999000+00:00,7628.13,bull,2017-12-17T00:00:00+00:00|19798.68
2019-06-10T00:00:00+00:00,2019-06-10T23:59:59.999000+00:00,7982.75,bull,2017-12-17T00:00:00+00:00|19798.68
2019-06-11T00:00:00+00:00,2019-06-11T23:59:59.999000+00:00,7884.9,bull,2017-12-17T00:00:00+00:00|19798.68
2019-06-12T00:00:00+00:00,2019-06-12T23:59:59.999000+00:00,8127.64,bull,2017-12-17T00:00:00+00:00|19798.68
2019-06-13T00:00:00+00:00,2019-06-13T23:59:59.999000+00:00,8218.54,bull,2017-12-17T00:00:00+00:00|19798.68
2019-06-14T00:00:00+00:00,2019-06-14T23:59:59.999000+00:00,8650.0,bull,2017-12-17T00:00:00+00:00|19798.68
2019-06-15T00:00:00+00:00,2019-06-15T23:59:59.999000+00:00,8808.7,bull,2017-12-17T00:00:00+00:00|19798.68
2019-06-16T00:00:00+00:00,2019-06-16T23:59:59.999000+00:00,8953.33,bull,2017-12-17T00:00:00+00:00|19798.68
2019-06-17T00:00:00+00:00,2019-06-17T23:59:59.999000+00:00,9313.96,bull,2017-12-17T00:00:00+00:00|19798.68
2019-06-18T00:00:00+00:00,2019-06-18T23:59:59.999000+00:00,9081.55,bull,2017-12-17T00:00:00+00:00|19798.68
2019-06-19T00:00:00+00:00,2019-06-19T23:59:59.999000+00:00,9255.49,bull,2017-12-17T00:00:00+00:00|19798.68
2019-06-20T00:00:00+00:00,2019-06-20T23:59:59.999000+00:00,9517.12,bull,2017-12-17T00:00:00+00:00|19798.68
2019-06-21T00:00:00+00:00,2019-06-21T23:59:59.999000+00:00,10159.86,bull,2017-12-17T00:00:00+00:00|19798.68
2019-06-22T00:00:00+00:00,2019-06-22T23:59:59.999000+00:00,10729.5,bull,2017-12-17T00:00:00+00:00|19798.68
2019-06-23T00:00:00+00:00,2019-06-23T23:59:59.999000+00:00,10906.07,bull,2017-12-17T00:00:00+00:00|19798.68
2019-06-24T00:00:00+00:00,2019-06-24T23:59:59.999000+00:00,11056.59,bull,2017-12-17T00:00:00+00:00|19798.68
2019-06-25T00:00:00+00:00,2019-06-25T23:59:59.999000+00:00,11820.86,bull,2017-12-17T00:00:00+00:00|19798.68
2019-06-26T00:00:00+00:00,2019-06-26T23:59:59.999000+00:00,13093.8,bull,2017-12-17T00:00:00+00:00|19798.68
2019-06-27T00:00:00+00:00,2019-06-27T23:59:59.999000+00:00,11329.99,bull,2017-12-17T00:00:00+00:00|19798.68
2019-06-28T00:00:00+00:00,2019-06-28T23:59:59.999000+00:00,12400.63,bull,2017-12-17T00:00:00+00:00|19798.68
2019-06-29T00:00:00+00:00,2019-06-29T23:59:59.999000+00:00,11903.13,bull,2017-12-17T00:00:00+00:00|19798.68
2019-06-30T00:00:00+00:00,2019-06-30T23:59:59.999000+00:00,10854.1,bull,2017-12-17T00:00:00+00:00|19798.68
2019-07-01T00:00:00+00:00,2019-07-01T23:59:59.999000+00:00,10624.93,bull,2017-12-17T00:00:00+00:00|19798.68
2019-07-02T00:00:00+00:00,2019-07-02T23:59:59.999000+00:00,10842.85,bull,2017-12-17T00:00:00+00:00|19798.68
2019-07-03T00:00:00+00:00,2019-07-03T23:59:59.999000+00:00,11940.0,bull,2017-12-17T00:00:00+00:00|19798.68
2019-07-04T00:00:00+00:00,2019-07-04T23:59:59.999000+00:00,11145.67,bull,2017-12-17T00:00:00+00:00|19798.68
2019-07-05T00:00:00+00:00,2019-07-05T23:59:59.999000+00:00,10970.73,bull,2017-12-17T00:00:00+00:00|19798.68
2019-07-06T00:00:00+00:00,2019-07-06T23:59:59.999000+00:00,11256.49,bull,2017-12-17T00:00:00+00:00|19798.68
2019-07-07T00:00:00+00:00,2019-07-07T23:59:59.999000+00:00,11406.24,bull,2017-12-17T00:00:00+00:00|19798.68
2019-07-08T00:00:00+00:00,2019-07-08T23:59:59.999000+00:00,12238.6,bull,2017-12-17T00:00:00+00:00|19798.68
2019-07-09T00:00:00+00:00,2019-07-09T23:59:59.999000+00:00,12543.41,bull,2017-12-17T00:00:00+00:00|19798.68
2019-07-10T00:00:00+00:00,2019-07-10T23:59:59.999000+00:00,12108.37,bull,2017-12-17T00:00:00+00:00|19798.68
2019-07-11T00:00:00+00:00,2019-07-11T23:59:59.999000+00:00,11342.89,bull,2017-12-17T00:00:00+00:00|19798.68
2019-07-12T00:00:00+00:00,2019-07-12T23:59:59.999000+00:00,11757.22,bull,2017-12-17T00:00:00+00:00|19798.68
2019-07-13T00:00:00+00:00,2019-07-13T23:59:59.999000+00:00,11355.76,bull,2017-12-17T00:00:00+00:00|19798.68
2019-07-14T00:00:00+00:00,2019-07-14T23:59:59.999000+00:00,10174.18,bull,2017-12-17T00:00:00+00:00|19798.68
2019-07-15T00:00:00+00:00,2019-07-15T23:59:59.999000+00:00,10838.72,bull,2017-12-17T00:00:00+00:00|19798.68
2019-07-16T00:00:00+00:00,2019-07-16T23:59:59.999000+00:00,9439.59,bear,2019-07-16T00:00:00+00:00|9350.01
2019-07-17T00:00:00+00:00,2019-07-17T23:59:59.999000+00:00,9667.92,bear,2019-07-17T00:00:00+00:00|9060.0
2019-07-18T00:00:00+00:00,2019-07-18T23:59:59.999000+00:00,10627.16,bear,2019-07-17T00:00:00+00:00|9060.0
2019-07-19T00:00:00+00:00,2019-07-19T23:59:59.999000+00:00,10504.29,bear,2019-07-17T00:00:00+00:00|9060.0
2019-07-20T00:00:00+00:00,2019-07-20T23:59:59.999000+00:00,10740.23,bear,2019-07-17T00:00:00+00:00|9060.0
2019-07-21T00:00:00+00:00,2019-07-21T23:59:59.999000+00:00,10589.45,bear,2019-07-17T00:00:00+00:00|9060.0
2019-07-22T00:00:00+00:00,2019-07-22T23:59:59.999000+00:00,10340.31,bear,2019-07-17T00:00:00+00:00|9060.0
2019-07-23T00:00:00+00:00,2019-07-23T23:59:59.999000+00:00,9864.91,bear,2019-07-17T00:00:00+00:00|9060.0
2019-07-24T00:00:00+00:00,2019-07-24T23:59:59.999000+00:00,9763.28,bear,2019-07-17T00:00:00+00:00|9060.0
2019-07-25T00:00:00+00:00,2019-07-25T23:59:59.999000+00:00,9879.87,bear,2019-07-17T00:00:00+00:00|9060.0
2019-07-26T00:00:00+00:00,2019-07-26T23:59:59.999000+00:00,9824.0,bear,2019-07-17T00:00:00+00:00|9060.0
2019-07-27T00:00:00+00:00,2019-07-27T23:59:59.999000+00:00,9476.52,bear,2019-07-17T00:00:00+00:00|9060.0
2019-07-28T00:00:00+00:00,2019-07-28T23:59:59.999000+00:00,9541.54,bear,2019-07-17T00:00:00+00:00|9060.0
2019-07-29T00:00:00+00:00,2019-07-29T23:59:59.999000+00:00,9507.64,bear,2019-07-17T00:00:00+00:00|9060.0
2019-07-30T00:00:00+00:00,2019-07-30T23:59:59.999000+00:00,9574.21,bear,2019-07-17T00:00:00+00:00|9060.0
2019-07-31T00:00:00+00:00,2019-07-31T23:59:59.999000+00:00,10080.53,bear,2019-07-17T00:00:00+00:00|9060.0
2019-08-01T00:00:00+00:00,2019-08-01T23:59:59.999000+00:00,10374.99,bear,2019-07-17T00:00:00+00:00|9060.0
2019-08-02T00:00:00+00:00,2019-08-02T23:59:59.999000+00:00,10523.75,bear,2019-07-17T00:00:00+00:00|9060.0
2019-08-03T00:00:00+00:00,2019-08-03T23:59:59.999000+00:00,10816.86,bear,2019-07-17T00:00:00+00:00|9060.0
2019-08-04T00:00:00+00:00,2019-08-04T23:59:59.999000+00:00,10929.23,bear,2019-07-17T00:00:00+00:00|9060.0
2019-08-05T00:00:00+00:00,2019-08-05T23:59:59.999000+00:00,11828.8,bear,2019-07-17T00:00:00+00:00|9060.0
2019-08-06T00:00:00+00:00,2019-08-06T23:59:59.999000+00:00,11481.69,bear,2019-07-17T00:00:00+00:00|9060.0
2019-08-07T00:00:00+00:00,2019-08-07T23:59:59.999000+00:00,11975.03,bear,2019-07-17T00:00:00+00:00|9060.0
2019-08-08T00:00:00+00:00,2019-08-08T23:59:59.999000+00:00,11999.77,bear,2019-07-17T00:00:00+00:00|9060.0
2019-08-09T00:00:00+00:00,2019-08-09T23:59:59.999000+00:00,11879.99,bear,2019-07-17T00:00:00+00:00|9060.0
2019-08-10T00:00:00+00:00,2019-08-10T23:59:59.999000+00:00,11309.31,bear,2019-07-17T00:00:00+00:00|9060.0
2019-08-11T00:00:00+00:00,2019-08-11T23:59:59.999000+00:00,11549.97,bear,2019-07-17T00:00:00+00:00|9060.0
2019-08-12T00:00:00+00:00,2019-08-12T23:59:59.999000+00:00,11396.08,bear,2019-07-17T00:00:00+00:00|9060.0
2019-08-13T00:00:00+00:00,2019-08-13T23:59:59.999000+00:00,10892.71,bear,2019-07-17T00:00:00+00:00|9060.0
2019-08-14T00:00:00+00:00,2019-08-14T23:59:59.999000+00:00,10050.37,bear,2019-07-17T00:00:00+00:00|9060.0
2019-08-15T00:00:00+00:00,2019-08-15T23:59:59.999000+00:00,10293.93,bear,2019-07-17T00:00:00+00:00|9060.0
2019-08-16T00:00:00+00:00,2019-08-16T23:59:59.999000+00:00,10331.54,bear,2019-07-17T00:00:00+00:00|9060.0
2019-08-17T00:00:00+00:00,2019-08-17T23:59:59.999000+00:00,10216.02,bear,2019-07-17T00:00:00+00:00|9060.0
2019-08-18T00:00:00+00:00,2019-08-18T23:59:59.999000+00:00,10306.78,bear,2019-07-17T00:00:00+00:00|9060.0
2019-08-19T00:00:00+00:00,2019-08-19T23:59:59.999000+00:00,10915.54,bear,2019-07-17T00:00:00+00:00|9060.0
2019-08-20T00:00:00+00:00,2019-08-20T23:59:59.999000+00:00,10760.51,bear,2019-07-17T00:00:00+00:00|9060.0
2019-08-21T00:00:00+00:00,2019-08-21T23:59:59.999000+00:00,10142.57,bear,2019-07-17T00:00:00+00:00|9060.0
2019-08-22T00:00:00+00:00,2019-08-22T23:59:59.999000+00:00,10099.88,bear,2019-07-17T00:00:00+00:00|9060.0
2019-08-23T00:00:00+00:00,2019-08-23T23:59:59.999000+00:00,10389.55,bear,2019-07-17T00:00:00+00:00|9060.0
2019-08-24T00:00:00+00:00,2019-08-24T23:59:59.999000+00:00,10134.35,bear,2019-07-17T00:00:00+00:00|9060.0
2019-08-25T00:00:00+00:00,2019-08-25T23:59:59.999000+00:00,10142.69,bear,2019-07-17T00:00:00+00:00|9060.0
2019-08-26T00:00:00+00:00,2019-08-26T23:59:59.999000+00:00,10372.25,bear,2019-07-17T00:00:00+00:00|9060.0
2019-08-27T00:00:00+00:00,2019-08-27T23:59:59.999000+00:00,10185.05,bear,2019-07-17T00:00:00+00:00|9060.0
2019-08-28T00:00:00+00:00,2019-08-28T23:59:59.999000+00:00,9721.0,bear,2019-07-17T00:00:00+00:00|9060.0
2019-08-29T00:00:00+00:00,2019-08-29T23:59:59.999000+00:00,9498.44,bear,2019-07-17T00:00:00+00:00|9060.0
2019-08-30T00:00:00+00:00,2019-08-30T23:59:59.999000+00:00,9584.54,bear,2019-07-17T00:00:00+00:00|9060.0
2019-08-31T00:00:00+00:00,2019-08-31T23:59:59.999000+00:00,9587.47,bear,2019-07-17T00:00:00+00:00|9060.0
2019-09-01T00:00:00+00:00,2019-09-01T23:59:59.999000+00:00,9724.98,bear,2019-07-17T00:00:00+00:00|9060.0
2019-09-02T00:00:00+00:00,2019-09-02T23:59:59.999000+00:00,10340.0,bear,2019-07-17T00:00:00+00:00|9060.0
2019-09-03T00:00:00+00:00,2019-09-03T23:59:59.999000+00:00,10615.28,bear,2019-07-17T00:00:00+00:00|9060.0
2019-09-04T00:00:00+00:00,2019-09-04T23:59:59.999000+00:00,10567.02,bear,2019-07-17T00:00:00+00:00|9060.0
2019-09-05T00:00:00+00:00,2019-09-05T23:59:59.999000+00:00,10564.49,bear,2019-07-17T00:00:00+00:00|9060.0
2019-09-06T00:00:00+00:00,2019-09-06T23:59:59.999000+00:00,10298.73,bear,2019-07-17T00:00:00+00:00|9060.0
2019-09-07T00:00:00+00:00,2019-09-07T23:59:59.999000+00:00,10455.88,bear,2019-07-17T00:00:00+00:00|9060.0
2019-09-08T00:00:00+00:00,2019-09-08T23:59:59.999000+00:00,10381.18,bear,2019-07-17T00:00:00+00:00|9060.0
2019-09-09T00:00:00+00:00,2019-09-09T23:59:59.999000+00:00,10303.12,bear,2019-07-17T00:00:00+00:00|9060.0
2019-09-10T00:00:00+00:00,2019-09-10T23:59:59.999000+00:00,10098.15,bear,2019-07-17T00:00:00+00:00|9060.0
2019-09-11T00:00:00+00:00,2019-09-11T23:59:59.999000+00:00,10158.33,bear,2019-07-17T00:00:00+00:00|9060.0
2019-09-12T00:00:00+00:00,2019-09-12T23:59:59.999000+00:00,10415.01,bear,2019-07-17T00:00:00+00:00|9060.0
2019-09-13T00:00:00+00:00,2019-09-13T23:59:59.999000+00:00,10342.06,bear,2019-07-17T00:00:00+00:00|9060.0
2019-09-14T00:00:00+00:00,2019-09-14T23:59:59.999000+00:00,10335.02,bear,2019-07-17T00:00:00+00:00|9060.0
2019-09-15T00:00:00+00:00,2019-09-15T23:59:59.999000+00:00,10302.01,bear,2019-07-17T00:00:00+00:00|9060.0
2019-09-16T00:00:00+00:00,2019-09-16T23:59:59.999000+00:00,10251.31,bear,2019-07-17T00:00:00+00:00|9060.0
2019-09-17T00:00:00+00:00,2019-09-17T23:59:59.999000+00:00,10187.82,bear,2019-07-17T00:00:00+00:00|9060.0
2019-09-18T00:00:00+00:00,2019-09-18T23:59:59.999000+00:00,10156.99,bear,2019-07-17T00:00:00+00:00|9060.0
2019-09-19T00:00:00+00:00,2019-09-19T23:59:59.999000+00:00,10244.29,bear,2019-07-17T00:00:00+00:00|9060.0
2019-09-20T00:00:00+00:00,2019-09-20T23:59:59.999000+00:00,10168.59,bear,2019-07-17T00:00:00+00:00|9060.0
2019-09-21T00:00:00+00:00,2019-09-21T23:59:59.999000+00:00,9986.39,bear,2019-07-17T00:00:00+00:00|9060.0
2019-09-22T00:00:00+00:00,2019-09-22T23:59:59.999000+00:00,10028.87,bear,2019-07-17T00:00:00+00:00|9060.0
2019-09-23T00:00:00+00:00,2019-09-23T23:59:59.999000+00:00,9702.25,bear,2019-07-17T00:00:00+00:00|9060.0
2019-09-24T00:00:00+00:00,2019-09-24T23:59:59.999000+00:00,8493.14,bear,2019-09-24T00:00:00+00:00|7800.0
2019-09-25T00:00:00+00:00,2019-09-25T23:59:59.999000+00:00,8430.05,bear,2019-09-24T00:00:00+00:00|7800.0
2019-09-26T00:00:00+00:00,2019-09-26T23:59:59.999000+00:00,8063.73,bear,2019-09-26T00:00:00+00:00|7750.0
2019-09-27T00:00:00+00:00,2019-09-27T23:59:59.999000+00:00,8177.91,bear,2019-09-26T00:00:00+00:00|7750.0
2019-09-28T00:00:00+00:00,2019-09-28T23:59:59.999000+00:00,8198.81,bear,2019-09-26T00:00:00+00:00|7750.0
2019-09-29T00:00:00+00:00,2019-09-29T23:59:59.999000+00:00,8043.82,bear,2019-09-26T00:00:00+00:00|7750.0
2019-09-30T00:00:00+00:00,2019-09-30T23:59:59.999000+00:00,8289.34,bear,2019-09-30T00:00:00+00:00|7710.0
2019-10-01T00:00:00+00:00,2019-10-01T23:59:59.999000+00:00,8292.44,bear,2019-09-30T00:00:00+00:00|7710.0
2019-10-02T00:00:00+00:00,2019-10-02T23:59:59.999000+00:00,8359.94,bear,2019-09-30T00:00:00+00:00|7710.0
2019-10-03T00:00:00+00:00,2019-10-03T23:59:59.999000+00:00,8223.96,bear,2019-09-30T00:00:00+00:00|7710.0
2019-10-04T00:00:00+00:00,2019-10-04T23:59:59.999000+00:00,8137.13,bear,2019-09-30T00:00:00+00:00|7710.0
2019-10-05T00:00:00+00:00,2019-10-05T23:59:59.999000+00:00,8126.19,bear,2019-09-30T00:00:00+00:00|7710.0
2019-10-06T00:00:00+00:00,2019-10-06T23:59:59.999000+00:00,7854.25,bear,2019-09-30T00:00:00+00:00|7710.0
2019-10-07T00:00:00+00:00,2019-10-07T23:59:59.999000+00:00,8190.09,bear,2019-09-30T00:00:00+00:00|7710.0
2019-10-08T00:00:00+00:00,2019-10-08T23:59:59.999000+00:00,8168.39,bear,2019-09-30T00:00:00+00:00|7710.0
2019-10-09T00:00:00+00:00,2019-10-09T23:59:59.999000+00:00,8560.74,bear,2019-09-30T00:00:00+00:00|7710.0
2019-10-10T00:00:00+00:00,2019-10-10T23:59:59.999000+00:00,8558.03,bear,2019-09-30T00:00:00+00:00|7710.0
2019-10-11T00:00:00+00:00,2019-10-11T23:59:59.999000+00:00,8258.5,bear,2019-09-30T00:00:00+00:00|7710.0
2019-10-12T00:00:00+00:00,2019-10-12T23:59:59.999000+00:00,8300.09,bear,2019-09-30T00:00:00+00:00|7710.0
2019-10-13T00:00:00+00:00,2019-10-13T23:59:59.999000+00:00,8275.01,bear,2019-09-30T00:00:00+00:00|7710.0
2019-10-14T00:00:00+00:00,2019-10-14T23:59:59.999000+00:00,8348.2,bear,2019-09-30T00:00:00+00:00|7710.0
2019-10-15T00:00:00+00:00,2019-10-15T23:59:59.999000+00:00,8159.29,bear,2019-09-30T00:00:00+00:00|7710.0
2019-10-16T00:00:00+00:00,2019-10-16T23:59:59.999000+00:00,7991.74,bear,2019-09-30T00:00:00+00:00|7710.0
2019-10-17T00:00:00+00:00,2019-10-17T23:59:59.999000+00:00,8070.58,bear,2019-09-30T00:00:00+00:00|7710.0
2019-10-18T00:00:00+00:00,2019-10-18T23:59:59.999000+00:00,7947.01,bear,2019-09-30T00:00:00+00:00|7710.0
2019-10-19T00:00:00+00:00,2019-10-19T23:59:59.999000+00:00,7948.01,bear,2019-09-30T00:00:00+00:00|7710.0
2019-10-20T00:00:00+00:00,2019-10-20T23:59:59.999000+00:00,8223.35,bear,2019-09-30T00:00:00+00:00|7710.0
2019-10-21T00:00:00+00:00,2019-10-21T23:59:59.999000+00:00,8197.27,bear,2019-09-30T00:00:00+00:00|7710.0
2019-10-22T00:00:00+00:00,2019-10-22T23:59:59.999000+00:00,8020.0,bear,2019-09-30T00:00:00+00:00|7710.0
2019-10-23T00:00:00+00:00,2019-10-23T23:59:59.999000+00:00,7466.62,bear,2019-10-23T00:00:00+00:00|7300.0
2019-10-24T00:00:00+00:00,2019-10-24T23:59:59.999000+00:00,7412.41,bear,2019-10-23T00:00:00+00:00|7300.0
2019-10-25T00:00:00+00:00,2019-10-25T23:59:59.999000+00:00,8655.02,bear,2019-10-23T00:00:00+00:00|7300.0
2019-10-26T00:00:00+00:00,2019-10-26T23:59:59.999000+00:00,9230.0,bear,2019-10-23T00:00:00+00:00|7300.0
2019-10-27T00:00:00+00:00,2019-10-27T23:59:59.999000+00:00,9529.93,bear,2019-10-23T00:00:00+00:00|7300.0
2019-10-28T00:00:00+00:00,2019-10-28T23:59:59.999000+00:00,9205.14,bear,2019-10-23T00:00:00+00:00|7300.0
2019-10-29T00:00:00+00:00,2019-10-29T23:59:59.999000+00:00,9407.62,bear,2019-10-23T00:00:00+00:00|7300.0
2019-10-30T00:00:00+00:00,2019-10-30T23:59:59.999000+00:00,9154.72,bear,2019-10-23T00:00:00+00:00|7300.0
2019-10-31T00:00:00+00:00,2019-10-31T23:59:59.999000+00:00,9140.85,bear,2019-10-23T00:00:00+00:00|7300.0
2019-11-01T00:00:00+00:00,2019-11-01T23:59:59.999000+00:00,9231.61,bear,2019-10-23T00:00:00+00:00|7300.0
2019-11-02T00:00:00+00:00,2019-11-02T23:59:59.999000+00:00,9289.52,bear,2019-10-23T00:00:00+00:00|7300.0
2019-11-03T00:00:00+00:00,2019-11-03T23:59:59.999000+00:00,9194.71,bear,2019-10-23T00:00:00+00:00|7300.0
2019-11-04T00:00:00+00:00,2019-11-04T23:59:59.999000+00:00,9393.35,bear,2019-10-23T00:00:00+00:00|7300.0
2019-11-05T00:00:00+00:00,2019-11-05T23:59:59.999000+00:00,9308.66,bear,2019-10-23T00:00:00+00:00|7300.0
2019-11-06T00:00:00+00:00,2019-11-06T23:59:59.999000+00:00,9339.05,bear,2019-10-23T00:00:00+00:00|7300.0
2019-11-07T00:00:00+00:00,2019-11-07T23:59:59.999000+00:00,9216.2,bear,2019-10-23T00:00:00+00:00|7300.0
2019-11-08T00:00:00+00:00,2019-11-08T23:59:59.999000+00:00,8773.73,bear,2019-10-23T00:00:00+00:00|7300.0
2019-11-09T00:00:00+00:00,2019-11-09T23:59:59.999000+00:00,8809.41,bear,2019-10-23T00:00:00+00:00|7300.0
2019-11-10T00:00:00+00:00,2019-11-10T23:59:59.999000+00:00,9039.47,bear,2019-10-23T00:00:00+00:00|7300.0
2019-11-11T00:00:00+00:00,2019-11-11T23:59:59.999000+00:00,8733.27,bear,2019-10-23T00:00:00+00:00|7300.0
2019-11-12T00:00:00+00:00,2019-11-12T23:59:59.999000+00:00,8821.94,bear,2019-10-23T00:00:00+00:00|7300.0
2019-11-13T00:00:00+00:00,2019-11-13T23:59:59.999000+00:00,8777.12,bear,2019-10-23T00:00:00+00:00|7300.0
2019-11-14T00:00:00+00:00,2019-11-14T23:59:59.999000+00:00,8646.68,bear,2019-10-23T00:00:00+00:00|7300.0
2019-11-15T00:00:00+00:00,2019-11-15T23:59:59.999000+00:00,8471.73,bear,2019-10-23T00:00:00+00:00|7300.0
2019-11-16T00:00:00+00:00,2019-11-16T23:59:59.999000+00:00,8491.02,bear,2019-10-23T00:00:00+00:00|7300.0
2019-11-17T00:00:00+00:00,2019-11-17T23:59:59.999000+00:00,8502.4,bear,2019-10-23T00:00:00+00:00|7300.0
2019-11-18T00:00:00+00:00,2019-11-18T23:59:59.999000+00:00,8187.17,bear,2019-10-23T00:00:00+00:00|7300.0
2019-11-19T00:00:00+00:00,2019-11-19T23:59:59.999000+00:00,8133.64,bear,2019-10-23T00:00:00+00:00|7300.0
2019-11-20T00:00:00+00:00,2019-11-20T23:59:59.999000+00:00,8098.01,bear,2019-10-23T00:00:00+00:00|7300.0
2019-11-21T00:00:00+00:00,2019-11-21T23:59:59.999000+00:00,7627.74,bear,2019-10-23T00:00:00+00:00|7300.0
2019-11-22T00:00:00+00:00,2019-11-22T23:59:59.999000+00:00,7268.23,bear,2019-11-22T00:00:00+00:00|6790.0
2019-11-23T00:00:00+00:00,2019-11-23T23:59:59.999000+00:00,7311.57,bear,2019-11-22T00:00:00+00:00|6790.0
2019-11-24T00:00:00+00:00,2019-11-24T23:59:59.999000+00:00,6903.28,bear,2019-11-22T00:00:00+00:00|6790.0
2019-11-25T00:00:00+00:00,2019-11-25T23:59:59.999000+00:00,7109.57,bear,2019-11-25T00:00:00+00:00|6515.0
2019-11-26T00:00:00+00:00,2019-11-26T23:59:59.999000+00:00,7156.14,bear,2019-11-25T00:00:00+00:00|6515.0
2019-11-27T00:00:00+00:00,2019-11-27T23:59:59.999000+00:00,7508.52,bear,2019-11-25T00:00:00+00:00|6515.0
2019-11-28T00:00:00+00:00,2019-11-28T23:59:59.999000+00:00,7419.49,bear,2019-11-25T00:00:00+00:00|6515.0
2019-11-29T00:00:00+00:00,2019-11-29T23:59:59.999000+00:00,7739.68,bear,2019-11-25T00:00:00+00:00|6515.0
2019-11-30T00:00:00+00:00,2019-11-30T23:59:59.999000+00:00,7541.89,bear,2019-11-25T00:00:00+00:00|6515.0
2019-12-01T00:00:00+00:00,2019-12-01T23:59:59.999000+00:00,7390.89,bear,2019-11-25T00:00:00+00:00|6515.0
2019-12-02T00:00:00+00:00,2019-12-02T23:59:59.999000+00:00,7294.28,bear,2019-11-25T00:00:00+00:00|6515.0
2019-12-03T00:00:00+00:00,2019-12-03T23:59:59.999000+00:00,7292.71,bear,2019-11-25T00:00:00+00:00|6515.0
2019-12-04T00:00:00+00:00,2019-12-04T23:59:59.999000+00:00,7194.32,bear,2019-11-25T00:00:00+00:00|6515.0
2019-12-05T00:00:00+00:00,2019-12-05T23:59:59.999000+00:00,7389.0,bear,2019-11-25T00:00:00+00:00|6515.0
2019-12-06T00:00:00+00:00,2019-12-06T23:59:59.999000+00:00,7527.47,bear,2019-11-25T00:00:00+00:00|6515.0
2019-12-07T00:00:00+00:00,2019-12-07T23:59:59.999000+00:00,7488.21,bear,2019-11-25T00:00:00+00:00|6515.0
2019-12-08T00:00:00+00:00,2019-12-08T23:59:59.999000+00:00,7510.11,bear,2019-11-25T00:00:00+00:00|6515.0
2019-12-09T00:00:00+00:00,2019-12-09T23:59:59.999000+00:00,7338.64,bear,2019-11-25T00:00:00+00:00|6515.0
2019-12-10T00:00:00+00:00,2019-12-10T23:59:59.999000+00:00,7224.13,bear,2019-11-25T00:00:00+00:00|6515.0
2019-12-11T00:00:00+00:00,2019-12-11T23:59:59.999000+00:00,7210.0,bear,2019-11-25T00:00:00+00:00|6515.0
2019-12-12T00:00:00+00:00,2019-12-12T23:59:59.999000+00:00,7198.08,bear,2019-11-25T00:00:00+00:00|6515.0
2019-12-13T00:00:00+00:00,2019-12-13T23:59:59.999000+00:00,7258.48,bear,2019-11-25T00:00:00+00:00|6515.0
2019-12-14T00:00:00+00:00,2019-12-14T23:59:59.999000+00:00,7064.05,bear,2019-11-25T00:00:00+00:00|6515.0
2019-12-15T00:00:00+00:00,2019-12-15T23:59:59.999000+00:00,7118.59,bear,2019-11-25T00:00:00+00:00|6515.0
2019-12-16T00:00:00+00:00,2019-12-16T23:59:59.999000+00:00,6891.72,bear,2019-11-25T00:00:00+00:00|6515.0
2019-12-17T00:00:00+00:00,2019-12-17T23:59:59.999000+00:00,6623.82,bear,2019-11-25T00:00:00+00:00|6515.0
2019-12-18T00:00:00+00:00,2019-12-18T23:59:59.999000+00:00,7277.83,bear,2019-12-18T00:00:00+00:00|6435.0
2019-12-19T00:00:00+00:00,2019-12-19T23:59:59.999000+00:00,7150.3,bear,2019-12-18T00:00:00+00:00|6435.0
2019-12-20T00:00:00+00:00,2019-12-20T23:59:59.999000+00:00,7187.83,bear,2019-12-18T00:00:00+00:00|6435.0
2019-12-21T00:00:00+00:00,2019-12-21T23:59:59.999000+00:00,7132.75,bear,2019-12-18T00:00:00+00:00|6435.0
2019-12-22T00:00:00+00:00,2019-12-22T23:59:59.999000+00:00,7501.44,bear,2019-12-18T00:00:00+00:00|6435.0
2019-12-23T00:00:00+00:00,2019-12-23T23:59:59.999000+00:00,7317.09,bear,2019-12-18T00:00:00+00:00|6435.0
2019-12-24T00:00:00+00:00,2019-12-24T23:59:59.999000+00:00,7255.77,bear,2019-12-18T00:00:00+00:00|6435.0
2019-12-25T00:00:00+00:00,2019-12-25T23:59:59.999000+00:00,7204.63,bear,2019-12-18T00:00:00+00:00|6435.0
2019-12-26T00:00:00+00:00,2019-12-26T23:59:59.999000+00:00,7202.0,bear,2019-12-18T00:00:00+00:00|6435.0
2019-12-27T00:00:00+00:00,2019-12-27T23:59:59.999000+00:00,7254.74,bear,2019-12-18T00:00:00+00:00|6435.0
2019-12-28T00:00:00+00:00,2019-12-28T23:59:59.999000+00:00,7316.14,bear,2019-12-18T00:00:00+00:00|6435.0
2019-12-29T00:00:00+00:00,2019-12-29T23:59:59.999000+00:00,7388.24,bear,2019-12-18T00:00:00+00:00|6435.0
2019-12-30T00:00:00+00:00,2019-12-30T23:59:59.999000+00:00,7246.0,bear,2019-12-18T00:00:00+00:00|6435.0
2019-12-31T00:00:00+00:00,2019-12-31T23:59:59.999000+00:00,7189.0,bear,2019-12-18T00:00:00+00:00|6435.0
2020-01-01T00:00:00+00:00,2020-01-01T23:59:59.999000+00:00,7197.57,bear,2019-12-18T00:00:00+00:00|6435.0
2020-01-02T00:00:00+00:00,2020-01-02T23:59:59.999000+00:00,6962.04,bear,2019-12-18T00:00:00+00:00|6435.0
2020-01-03T00:00:00+00:00,2020-01-03T23:59:59.999000+00:00,7341.72,bear,2019-12-18T00:00:00+00:00|6435.0
2020-01-04T00:00:00+00:00,2020-01-04T23:59:59.999000+00:00,7350.71,bear,2019-12-18T00:00:00+00:00|6435.0
2020-01-05T00:00:00+00:00,2020-01-05T23:59:59.999000+00:00,7354.36,bear,2019-12-18T00:00:00+00:00|6435.0
2020-01-06T00:00:00+00:00,2020-01-06T23:59:59.999000+00:00,7757.39,bear,2019-12-18T00:00:00+00:00|6435.0
2020-01-07T00:00:00+00:00,2020-01-07T23:59:59.999000+00:00,8152.49,bear,2019-12-18T00:00:00+00:00|6435.0
2020-01-08T00:00:00+00:00,2020-01-08T23:59:59.999000+00:00,8059.84,bear,2019-12-18T00:00:00+00:00|6435.0
2020-01-09T00:00:00+00:00,2020-01-09T23:59:59.999000+00:00,7818.59,bear,2019-12-18T00:00:00+00:00|6435.0
2020-01-10T00:00:00+00:00,2020-01-10T23:59:59.999000+00:00,8207.09,bear,2019-12-18T00:00:00+00:00|6435.0
2020-01-11T00:00:00+00:00,2020-01-11T23:59:59.999000+00:00,8020.56,bear,2019-12-18T00:00:00+00:00|6435.0
2020-01-12T00:00:00+00:00,2020-01-12T23:59:59.999000+00:00,8186.7,bear,2019-12-18T00:00:00+00:00|6435.0
2020-01-13T00:00:00+00:00,2020-01-13T23:59:59.999000+00:00,8113.0,bear,2019-12-18T00:00:00+00:00|6435.0
2020-01-14T00:00:00+00:00,2020-01-14T23:59:59.999000+00:00,8825.0,bear,2019-12-18T00:00:00+00:00|6435.0
2020-01-15T00:00:00+00:00,2020-01-15T23:59:59.999000+00:00,8825.3,bear,2019-12-18T00:00:00+00:00|6435.0
2020-01-16T00:00:00+00:00,2020-01-16T23:59:59.999000+00:00,8725.08,bear,2019-12-18T00:00:00+00:00|6435.0
2020-01-17T00:00:00+00:00,2020-01-17T23:59:59.999000+00:00,8918.72,bear,2019-12-18T00:00:00+00:00|6435.0
2020-01-18T00:00:00+00:00,2020-01-18T23:59:59.999000+00:00,8925.0,bear,2019-12-18T00:00:00+00:00|6435.0
2020-01-19T00:00:00+00:00,2020-01-19T23:59:59.999000+00:00,8705.85,bear,2019-12-18T00:00:00+00:00|6435.0
2020-01-20T00:00:00+00:00,2020-01-20T23:59:59.999000+00:00,8650.0,bear,2019-12-18T00:00:00+00:00|6435.0
2020-01-21T00:00:00+00:00,2020-01-21T23:59:59.999000+00:00,8742.43,bear,2019-12-18T00:00:00+00:00|6435.0
2020-01-22T00:00:00+00:00,2020-01-22T23:59:59.999000+00:00,8684.57,bear,2019-12-18T00:00:00+00:00|6435.0
2020-01-23T00:00:00+00:00,2020-01-23T23:59:59.999000+00:00,8409.6,bear,2019-12-18T00:00:00+00:00|6435.0
2020-01-24T00:00:00+00:00,2020-01-24T23:59:59.999000+00:00,8441.96,bear,2019-12-18T00:00:00+00:00|6435.0
2020-01-25T00:00:00+00:00,2020-01-25T23:59:59.999000+00:00,8344.64,bear,2019-12-18T00:00:00+00:00|6435.0
2020-01-26T00:00:00+00:00,2020-01-26T23:59:59.999000+00:00,8611.21,bear,2019-12-18T00:00:00+00:00|6435.0
2020-01-27T00:00:00+00:00,2020-01-27T23:59:59.999000+00:00,8913.61,bear,2019-12-18T00:00:00+00:00|6435.0
2020-01-28T00:00:00+00:00,2020-01-28T23:59:59.999000+00:00,9398.98,bear,2019-12-18T00:00:00+00:00|6435.0
2020-01-29T00:00:00+00:00,2020-01-29T23:59:59.999000+00:00,9311.0,bear,2019-12-18T00:00:00+00:00|6435.0
2020-01-30T00:00:00+00:00,2020-01-30T23:59:59.999000+00:00,9525.67,bear,2019-12-18T00:00:00+00:00|6435.0
2020-01-31T00:00:00+00:00,2020-01-31T23:59:59.999000+00:00,9364.51,bear,2019-12-18T00:00:00+00:00|6435.0
2020-02-01T00:00:00+00:00,2020-02-01T23:59:59.999000+00:00,9392.74,bear,2019-12-18T00:00:00+00:00|6435.0
2020-02-02T00:00:00+00:00,2020-02-02T23:59:59.999000+00:00,9338.2,bear,2019-12-18T00:00:00+00:00|6435.0
2020-02-03T00:00:00+00:00,2020-02-03T23:59:59.999000+00:00,9300.64,bear,2019-12-18T00:00:00+00:00|6435.0
2020-02-04T00:00:00+00:00,2020-02-04T23:59:59.999000+00:00,9198.35,bear,2019-12-18T00:00:00+00:00|6435.0
2020-02-05T00:00:00+00:00,2020-02-05T23:59:59.999000+00:00,9630.0,bear,2019-12-18T00:00:00+00:00|6435.0
2020-02-06T00:00:00+00:00,2020-02-06T23:59:59.999000+00:00,9778.12,bear,2019-12-18T00:00:00+00:00|6435.0
2020-02-07T00:00:00+00:00,2020-02-07T23:59:59.999000+00:00,9821.52,bear,2019-12-18T00:00:00+00:00|6435.0
2020-02-08T00:00:00+00:00,2020-02-08T23:59:59.999000+00:00,9906.43,bear,2019-12-18T00:00:00+00:00|6435.0
2020-02-09T00:00:00+00:00,2020-02-09T23:59:59.999000+00:00,10167.38,bear,2019-12-18T00:00:00+00:00|6435.0
2020-02-10T00:00:00+00:00,2020-02-10T23:59:59.999000+00:00,9865.56,bear,2019-12-18T00:00:00+00:00|6435.0
2020-02-11T00:00:00+00:00,2020-02-11T23:59:59.999000+00:00,10229.06,bear,2019-12-18T00:00:00+00:00|6435.0
2020-02-12T00:00:00+00:00,2020-02-12T23:59:59.999000+00:00,10339.99,bear,2019-12-18T00:00:00+00:00|6435.0
2020-02-13T00:00:00+00:00,2020-02-13T23:59:59.999000+00:00,10239.63,bear,2019-12-18T00:00:00+00:00|6435.0
2020-02-14T00:00:00+00:00,2020-02-14T23:59:59.999000+00:00,10356.82,bear,2019-12-18T00:00:00+00:00|6435.0
2020-02-15T00:00:00+00:00,2020-02-15T23:59:59.999000+00:00,9914.99,bear,2019-12-18T00:00:00+00:00|6435.0
2020-02-16T00:00:00+00:00,2020-02-16T23:59:59.999000+00:00,9921.86,bear,2019-12-18T00:00:00+00:00|6435.0
2020-02-17T00:00:00+00:00,2020-02-17T23:59:59.999000+00:00,9716.0,bear,2019-12-18T00:00:00+00:00|6435.0
2020-02-18T00:00:00+00:00,2020-02-18T23:59:59.999000+00:00,10174.32,bear,2019-12-18T00:00:00+00:00|6435.0
2020-02-19T00:00:00+00:00,2020-02-19T23:59:59.999000+00:00,9593.65,bear,2019-12-18T00:00:00+00:00|6435.0
2020-02-20T00:00:00+00:00,2020-02-20T23:59:59.999000+00:00,9601.99,bear,2019-12-18T00:00:00+00:00|6435.0
2020-02-21T00:00:00+00:00,2020-02-21T23:59:59.999000+00:00,9681.39,bear,2019-12-18T00:00:00+00:00|6435.0
2020-02-22T00:00:00+00:00,2020-02-22T23:59:59.999000+00:00,9659.2,bear,2019-12-18T00:00:00+00:00|6435.0
2020-02-23T00:00:00+00:00,2020-02-23T23:59:59.999000+00:00,9943.12,bear,2019-12-18T00:00:00+00:00|6435.0
2020-02-24T00:00:00+00:00,2020-02-24T23:59:59.999000+00:00,9662.95,bear,2019-12-18T00:00:00+00:00|6435.0
2020-02-25T00:00:00+00:00,2020-02-25T23:59:59.999000+00:00,9326.0,bear,2019-12-18T00:00:00+00:00|6435.0
2020-02-26T00:00:00+00:00,2020-02-26T23:59:59.999000+00:00,8792.22,bear,2019-12-18T00:00:00+00:00|6435.0
2020-02-27T00:00:00+00:00,2020-02-27T23:59:59.999000+00:00,8828.0,bear,2019-12-18T00:00:00+00:00|6435.0
2020-02-28T00:00:00+00:00,2020-02-28T23:59:59.999000+00:00,8699.57,bear,2019-12-18T00:00:00+00:00|6435.0
2020-02-29T00:00:00+00:00,2020-02-29T23:59:59.999000+00:00,8531.98,bear,2019-12-18T00:00:00+00:00|6435.0
2020-03-01T00:00:00+00:00,2020-03-01T23:59:59.999000+00:00,8537.84,bear,2019-12-18T00:00:00+00:00|6435.0
2020-03-02T00:00:00+00:00,2020-03-02T23:59:59.999000+00:00,8919.7,bear,2019-12-18T00:00:00+00:00|6435.0
2020-03-03T00:00:00+00:00,2020-03-03T23:59:59.999000+00:00,8765.0,bear,2019-12-18T00:00:00+00:00|6435.0
2020-03-04T00:00:00+00:00,2020-03-04T23:59:59.999000+00:00,8756.93,bear,2019-12-18T00:00:00+00:00|6435.0
2020-03-05T00:00:00+00:00,2020-03-05T23:59:59.999000+00:00,9062.81,bear,2019-12-18T00:00:00+00:00|6435.0
2020-03-06T00:00:00+00:00,2020-03-06T23:59:59.999000+00:00,9139.48,bear,2019-12-18T00:00:00+00:00|6435.0
2020-03-07T00:00:00+00:00,2020-03-07T23:59:59.999000+00:00,8897.18,bear,2019-12-18T00:00:00+00:00|6435.0
2020-03-08T00:00:00+00:00,2020-03-08T23:59:59.999000+00:00,8038.46,bear,2019-12-18T00:00:00+00:00|6435.0
2020-03-09T00:00:00+00:00,2020-03-09T23:59:59.999000+00:00,7932.15,bear,2019-12-18T00:00:00+00:00|6435.0
2020-03-10T00:00:00+00:00,2020-03-10T23:59:59.999000+00:00,7897.66,bear,2019-12-18T00:00:00+00:00|6435.0
2020-03-11T00:00:00+00:00,2020-03-11T23:59:59.999000+00:00,7938.39,bear,2019-12-18T00:00:00+00:00|6435.0
2020-03-12T00:00:00+00:00,2020-03-12T23:59:59.999000+00:00,4764.65,bear,2020-03-12T00:00:00+00:00|4347.0
2020-03-13T00:00:00+00:00,2020-03-13T23:59:59.999000+00:00,5570.26,bear,2020-03-13T00:00:00+00:00|3621.81
2020-03-14T00:00:00+00:00,2020-03-14T23:59:59.999000+00:00,5167.01,bear,2020-03-13T00:00:00+00:00|3621.81
2020-03-15T00:00:00+00:00,2020-03-15T23:59:59.999000+00:00,5357.32,bear,2020-03-13T00:00:00+00:00|3621.81
2020-03-16T00:00:00+00:00,2020-03-16T23:59:59.999000+00:00,5026.26,bear,2020-03-13T00:00:00+00:00|3621.81
2020-03-17T00:00:00+00:00,2020-03-17T23:59:59.999000+00:00,5307.38,bear,2020-03-13T00:00:00+00:00|3621.81
2020-03-18T00:00:00+00:00,2020-03-18T23:59:59.999000+00:00,5389.64,bear,2020-03-13T00:00:00+00:00|3621.81
2020-03-19T00:00:00+00:00,2020-03-19T23:59:59.999000+00:00,6159.6,bear,2020-03-13T00:00:00+00:00|3621.81
2020-03-20T00:00:00+00:00,2020-03-20T23:59:59.999000+00:00,6203.77,bear,2020-03-13T00:00:00+00:00|3621.81
2020-03-21T00:00:00+00:00,2020-03-21T23:59:59.999000+00:00,6183.69,bear,2020-03-13T00:00:00+00:00|3621.81
2020-03-22T00:00:00+00:00,2020-03-22T23:59:59.999000+00:00,5810.17,bear,2020-03-13T00:00:00+00:00|3621.81
2020-03-23T00:00:00+00:00,2020-03-23T23:59:59.999000+00:00,6463.84,bear,2020-03-13T00:00:00+00:00|3621.81
2020-03-24T00:00:00+00:00,2020-03-24T23:59:59.999000+00:00,6741.33,bear,2020-03-13T00:00:00+00:00|3621.81
2020-03-25T00:00:00+00:00,2020-03-25T23:59:59.999000+00:00,6673.41,bear,2020-03-13T00:00:00+00:00|3621.81
2020-03-26T00:00:00+00:00,2020-03-26T23:59:59.999000+00:00,6733.76,bear,2020-03-13T00:00:00+00:00|3621.81
2020-03-27T00:00:00+00:00,2020-03-27T23:59:59.999000+00:00,6353.64,bear,2020-03-13T00:00:00+00:00|3621.81
2020-03-28T00:00:00+00:00,2020-03-28T23:59:59.999000+00:00,6230.95,bear,2020-03-13T00:00:00+00:00|3621.81
2020-03-29T00:00:00+00:00,2020-03-29T23:59:59.999000+00:00,5876.27,bear,2020-03-13T00:00:00+00:00|3621.81
2020-03-30T00:00:00+00:00,2020-03-30T23:59:59.999000+00:00,6391.08,bear,2020-03-13T00:00:00+00:00|3621.81
2020-03-31T00:00:00+00:00,2020-03-31T23:59:59.999000+00:00,6407.1,bear,2020-03-13T00:00:00+00:00|3621.81
2020-04-01T00:00:00+00:00,2020-04-01T23:59:59.999000+00:00,6641.51,bear,2020-03-13T00:00:00+00:00|3621.81
2020-04-02T00:00:00+00:00,2020-04-02T23:59:59.999000+00:00,6791.63,bear,2020-03-13T00:00:00+00:00|3621.81
2020-04-03T00:00:00+00:00,2020-04-03T23:59:59.999000+00:00,6729.8,bear,2020-03-13T00:00:00+00:00|3621.81
2020-04-04T00:00:00+00:00,2020-04-04T23:59:59.999000+00:00,6851.1,bear,2020-03-13T00:00:00+00:00|3621.81
2020-04-05T00:00:00+00:00,2020-04-05T23:59:59.999000+00:00,6768.9,bear,2020-03-13T00:00:00+00:00|3621.81
2020-04-06T00:00:00+00:00,2020-04-06T23:59:59.999000+00:00,7325.73,bear,2020-03-13T00:00:00+00:00|3621.81
2020-04-07T00:00:00+00:00,2020-04-07T23:59:59.999000+00:00,7192.9,bear,2020-03-13T00:00:00+00:00|3621.81
2020-04-08T00:00:00+00:00,2020-04-08T23:59:59.999000+00:00,7357.66,bear,2020-03-13T00:00:00+00:00|3621.81
2020-04-09T00:00:00+00:00,2020-04-09T23:59:59.999000+00:00,7278.65,bear,2020-03-13T00:00:00+00:00|3621.81
2020-04-10T00:00:00+00:00,2020-04-10T23:59:59.999000+00:00,6857.82,bear,2020-03-13T00:00:00+00:00|3621.81
2020-04-11T00:00:00+00:00,2020-04-11T23:59:59.999000+00:00,6874.18,bear,2020-03-13T00:00:00+00:00|3621.81
2020-04-12T00:00:00+00:00,2020-04-12T23:59:59.999000+00:00,6900.52,bear,2020-03-13T00:00:00+00:00|3621.81
2020-04-13T00:00:00+00:00,2020-04-13T23:59:59.999000+00:00,6834.0,bear,2020-03-13T00:00:00+00:00|3621.81
2020-04-14T00:00:00+00:00,2020-04-14T23:59:59.999000+00:00,6864.11,bear,2020-03-13T00:00:00+00:00|3621.81
2020-04-15T00:00:00+00:00,2020-04-15T23:59:59.999000+00:00,6616.89,bear,2020-03-13T00:00:00+00:00|3621.81
2020-04-16T00:00:00+00:00,2020-04-16T23:59:59.999000+00:00,7098.15,bear,2020-03-13T00:00:00+00:00|3621.81
2020-04-17T00:00:00+00:00,2020-04-17T23:59:59.999000+00:00,7022.44,bear,2020-03-13T00:00:00+00:00|3621.81
2020-04-18T00:00:00+00:00,2020-04-18T23:59:59.999000+00:00,7242.42,bear,2020-03-13T00:00:00+00:00|3621.81
2020-04-19T00:00:00+00:00,2020-04-19T23:59:59.999000+00:00,7118.03,bear,2020-03-13T00:00:00+00:00|3621.81
2020-04-20T00:00:00+00:00,2020-04-20T23:59:59.999000+00:00,6825.29,bear,2020-03-13T00:00:00+00:00|3621.81
2020-04-21T00:00:00+00:00,2020-04-21T23:59:59.999000+00:00,6838.0,bear,2020-03-13T00:00:00+00:00|3621.81
2020-04-22T00:00:00+00:00,2020-04-22T23:59:59.999000+00:00,7120.06,bear,2020-03-13T00:00:00+00:00|3621.81
2020-04-23T00:00:00+00:00,2020-04-23T23:59:59.999000+00:00,7483.35,bear,2020-03-13T00:00:00+00:00|3621.81
2020-04-24T00:00:00+00:00,2020-04-24T23:59:59.999000+00:00,7504.11,bear,2020-03-13T00:00:00+00:00|3621.81
2020-04-25T00:00:00+00:00,2020-04-25T23:59:59.999000+00:00,7534.01,bear,2020-03-13T00:00:00+00:00|3621.81
2020-04-26T00:00:00+00:00,2020-04-26T23:59:59.999000+00:00,7694.17,bear,2020-03-13T00:00:00+00:00|3621.81
2020-04-27T00:00:00+00:00,2020-04-27T23:59:59.999000+00:00,7774.0,bear,2020-03-13T00:00:00+00:00|3621.81
2020-04-28T00:00:00+00:00,2020-04-28T23:59:59.999000+00:00,7735.75,bear,2020-03-13T00:00:00+00:00|3621.81
2020-04-29T00:00:00+00:00,2020-04-29T23:59:59.999000+00:00,8784.2,bear,2020-03-13T00:00:00+00:00|3621.81
2020-04-30T00:00:00+00:00,2020-04-30T23:59:59.999000+00:00,8624.76,bear,2020-03-13T00:00:00+00:00|3621.81
2020-05-01T00:00:00+00:00,2020-05-01T23:59:59.999000+00:00,8830.52,bear,2020-03-13T00:00:00+00:00|3621.81
2020-05-02T00:00:00+00:00,2020-05-02T23:59:59.999000+00:00,8975.18,bear,2020-03-13T00:00:00+00:00|3621.81
2020-05-03T00:00:00+00:00,2020-05-03T23:59:59.999000+00:00,8900.0,bear,2020-03-13T00:00:00+00:00|3621.81
2020-05-04T00:00:00+00:00,2020-05-04T23:59:59.999000+00:00,8873.98,bear,2020-03-13T00:00:00+00:00|3621.81
2020-05-05T00:00:00+00:00,2020-05-05T23:59:59.999000+00:00,9022.78,bear,2020-03-13T00:00:00+00:00|3621.81
2020-05-06T00:00:00+00:00,2020-05-06T23:59:59.999000+00:00,9148.27,bear,2020-03-13T00:00:00+00:00|3621.81
2020-05-07T00:00:00+00:00,2020-05-07T23:59:59.999000+00:00,9995.0,bear,2020-03-13T00:00:00+00:00|3621.81
2020-05-08T00:00:00+00:00,2020-05-08T23:59:59.999000+00:00,9807.49,bear,2020-03-13T00:00:00+00:00|3621.81
2020-05-09T00:00:00+00:00,2020-05-09T23:59:59.999000+00:00,9550.67,bear,2020-03-13T00:00:00+00:00|3621.81
2020-05-10T00:00:00+00:00,2020-05-10T23:59:59.999000+00:00,8719.53,bear,2020-03-13T00:00:00+00:00|3621.81
2020-05-11T00:00:00+00:00,2020-05-11T23:59:59.999000+00:00,8561.09,bear,2020-03-13T00:00:00+00:00|3621.81
2020-05-12T00:00:00+00:00,2020-05-12T23:59:59.999000+00:00,8808.71,bear,2020-03-13T00:00:00+00:00|3621.81
2020-05-13T00:00:00+00:00,2020-05-13T23:59:59.999000+00:00,9305.91,bear,2020-03-13T00:00:00+00:00|3621.81
2020-05-14T00:00:00+00:00,2020-05-14T23:59:59.999000+00:00,9786.8,bear,2020-03-13T00:00:00+00:00|3621.81
2020-05-15T00:00:00+00:00,2020-05-15T23:59:59.999000+00:00,9310.73,bear,2020-03-13T00:00:00+00:00|3621.81
2020-05-16T00:00:00+00:00,2020-05-16T23:59:59.999000+00:00,9374.99,bear,2020-03-13T00:00:00+00:00|3621.81
2020-05-17T00:00:00+00:00,2020-05-17T23:59:59.999000+00:00,9678.57,bear,2020-03-13T00:00:00+00:00|3621.81
2020-05-18T00:00:00+00:00,2020-05-18T23:59:59.999000+00:00,9731.1,bear,2020-03-13T00:00:00+00:00|3621.81
2020-05-19T00:00:00+00:00,2020-05-19T23:59:59.999000+00:00,9773.64,bear,2020-03-13T00:00:00+00:00|3621.81
2020-05-20T00:00:00+00:00,2020-05-20T23:59:59.999000+00:00,9508.11,bear,2020-03-13T00:00:00+00:00|3621.81
2020-05-21T00:00:00+00:00,2020-05-21T23:59:59.999000+00:00,9060.0,bear,2020-03-13T00:00:00+00:00|3621.81
2020-05-22T00:00:00+00:00,2020-05-22T23:59:59.999000+00:00,9166.4,bear,2020-03-13T00:00:00+00:00|3621.81
2020-05-23T00:00:00+00:00,2020-05-23T23:59:59.999000+00:00,9176.41,bear,2020-03-13T00:00:00+00:00|3621.81
2020-05-24T00:00:00+00:00,2020-05-24T23:59:59.999000+00:00,8711.37,bear,2020-03-13T00:00:00+00:00|3621.81
2020-05-25T00:00:00+00:00,2020-05-25T23:59:59.999000+00:00,8895.65,bear,2020-03-13T00:00:00+00:00|3621.81
2020-05-26T00:00:00+00:00,2020-05-26T23:59:59.999000+00:00,8837.05,bear,2020-03-13T00:00:00+00:00|3621.81
2020-05-27T00:00:00+00:00,2020-05-27T23:59:59.999000+00:00,9197.32,bear,2020-03-13T00:00:00+00:00|3621.81
2020-05-28T00:00:00+00:00,2020-05-28T23:59:59.999000+00:00,9569.59,bear,2020-03-13T00:00:00+00:00|3621.81
2020-05-29T00:00:00+00:00,2020-05-29T23:59:59.999000+00:00,9422.26,bear,2020-03-13T00:00:00+00:00|3621.81
2020-05-30T00:00:00+00:00,2020-05-30T23:59:59.999000+00:00,9695.0,bear,2020-03-13T00:00:00+00:00|3621.81
2020-05-31T00:00:00+00:00,2020-05-31T23:59:59.999000+00:00,9446.43,bear,2020-03-13T00:00:00+00:00|3621.81
2020-06-01T00:00:00+00:00,2020-06-01T23:59:59.999000+00:00,10232.48,bear,2020-03-13T00:00:00+00:00|3621.81
2020-06-02T00:00:00+00:00,2020-06-02T23:59:59.999000+00:00,9514.9,bear,2020-03-13T00:00:00+00:00|3621.81
2020-06-03T00:00:00+00:00,2020-06-03T23:59:59.999000+00:00,9663.59,bear,2020-03-13T00:00:00+00:00|3621.81
2020-06-04T00:00:00+00:00,2020-06-04T23:59:59.999000+00:00,9788.33,bear,2020-03-13T00:00:00+00:00|3621.81
2020-06-05T00:00:00+00:00,2020-06-05T23:59:59.999000+00:00,9617.29,bear,2020-03-13T00:00:00+00:00|3621.81
2020-06-06T00:00:00+00:00,2020-06-06T23:59:59.999000+00:00,9664.0,bear,2020-03-13T00:00:00+00:00|3621.81
2020-06-07T00:00:00+00:00,2020-06-07T23:59:59.999000+00:00,9743.92,bear,2020-03-13T00:00:00+00:00|3621.81
2020-06-08T00:00:00+00:00,2020-06-08T23:59:59.999000+00:00,9778.87,bear,2020-03-13T00:00:00+00:00|3621.81
2020-06-09T00:00:00+00:00,2020-06-09T23:59:59.999000+00:00,9771.66,bear,2020-03-13T00:00:00+00:00|3621.81
2020-06-10T00:00:00+00:00,2020-06-10T23:59:59.999000+00:00,9884.99,bear,2020-03-13T00:00:00+00:00|3621.81
2020-06-11T00:00:00+00:00,2020-06-11T23:59:59.999000+00:00,9278.03,bear,2020-03-13T00:00:00+00:00|3621.81
2020-06-12T00:00:00+00:00,2020-06-12T23:59:59.999000+00:00,9458.91,bear,2020-03-13T00:00:00+00:00|3621.81
2020-06-13T00:00:00+00:00,2020-06-13T23:59:59.999000+00:00,9468.54,bear,2020-03-13T00:00:00+00:00|3621.81
2020-06-14T00:00:00+00:00,2020-06-14T23:59:59.999000+00:00,9339.61,bear,2020-03-13T00:00:00+00:00|3621.81
2020-06-15T00:00:00+00:00,2020-06-15T23:59:59.999000+00:00,9422.01,bear,2020-03-13T00:00:00+00:00|3621.81
2020-06-16T00:00:00+00:00,2020-06-16T23:59:59.999000+00:00,9519.12,bear,2020-03-13T00:00:00+00:00|3621.81
2020-06-17T00:00:00+00:00,2020-06-17T23:59:59.999000+00:00,9458.45,bear,2020-03-13T00:00:00+00:00|3621.81
2020-06-18T00:00:00+00:00,2020-06-18T23:59:59.999000+00:00,9381.59,bear,2020-03-13T00:00:00+00:00|3621.81
2020-06-19T00:00:00+00:00,2020-06-19T23:59:59.999000+00:00,9307.0,bear,2020-03-13T00:00:00+00:00|3621.81
2020-06-20T00:00:00+00:00,2020-06-20T23:59:59.999000+00:00,9354.04,bear,2020-03-13T00:00:00+00:00|3621.81
2020-06-21T00:00:00+00:00,2020-06-21T23:59:59.999000+00:00,9293.51,bear,2020-03-13T00:00:00+00:00|3621.81
2020-06-22T00:00:00+00:00,2020-06-22T23:59:59.999000+00:00,9686.99,bear,2020-03-13T00:00:00+00:00|3621.81
2020-06-23T00:00:00+00:00,2020-06-23T23:59:59.999000+00:00,9631.66,bear,2020-03-13T00:00:00+00:00|3621.81
2020-06-24T00:00:00+00:00,2020-06-24T23:59:59.999000+00:00,9298.4,bear,2020-03-13T00:00:00+00:00|3621.81
2020-06-25T00:00:00+00:00,2020-06-25T23:59:59.999000+00:00,9246.75,bear,2020-03-13T00:00:00+00:00|3621.81
2020-06-26T00:00:00+00:00,2020-06-26T23:59:59.999000+00:00,9159.99,bear,2020-03-13T00:00:00+00:00|3621.81
2020-06-27T00:00:00+00:00,2020-06-27T23:59:59.999000+00:00,9008.0,bear,2020-03-13T00:00:00+00:00|3621.81
2020-06-28T00:00:00+00:00,2020-06-28T23:59:59.999000+00:00,9114.0,bear,2020-03-13T00:00:00+00:00|3621.81
2020-06-29T00:00:00+00:00,2020-06-29T23:59:59.999000+00:00,9189.48,bear,2020-03-13T00:00:00+00:00|3621.81
2020-06-30T00:00:00+00:00,2020-06-30T23:59:59.999000+00:00,9138.87,bear,2020-03-13T00:00:00+00:00|3621.81
2020-07-01T00:00:00+00:00,2020-07-01T23:59:59.999000+00:00,9233.29,bear,2020-03-13T00:00:00+00:00|3621.81
2020-07-02T00:00:00+00:00,2020-07-02T23:59:59.999000+00:00,9087.72,bear,2020-03-13T00:00:00+00:00|3621.81
2020-07-03T00:00:00+00:00,2020-07-03T23:59:59.999000+00:00,9057.52,bear,2020-03-13T00:00:00+00:00|3621.81
2020-07-04T00:00:00+00:00,2020-07-04T23:59:59.999000+00:00,9137.18,bear,2020-03-13T00:00:00+00:00|3621.81
2020-07-05T00:00:00+00:00,2020-07-05T23:59:59.999000+00:00,9071.86,bear,2020-03-13T00:00:00+00:00|3621.81
2020-07-06T00:00:00+00:00,2020-07-06T23:59:59.999000+00:00,9339.6,bear,2020-03-13T00:00:00+00:00|3621.81
2020-07-07T00:00:00+00:00,2020-07-07T23:59:59.999000+00:00,9258.51,bear,2020-03-13T00:00:00+00:00|3621.81
2020-07-08T00:00:00+00:00,2020-07-08T23:59:59.999000+00:00,9436.08,bear,2020-03-13T00:00:00+00:00|3621.81
2020-07-09T00:00:00+00:00,2020-07-09T23:59:59.999000+00:00,9236.28,bear,2020-03-13T00:00:00+00:00|3621.81
2020-07-10T00:00:00+00:00,2020-07-10T23:59:59.999000+00:00,9288.39,bear,2020-03-13T00:00:00+00:00|3621.81
2020-07-11T00:00:00+00:00,2020-07-11T23:59:59.999000+00:00,9233.5,bear,2020-03-13T00:00:00+00:00|3621.81
2020-07-12T00:00:00+00:00,2020-07-12T23:59:59.999000+00:00,9300.69,bear,2020-03-13T00:00:00+00:00|3621.81
2020-07-13T00:00:00+00:00,2020-07-13T23:59:59.999000+00:00,9241.2,bear,2020-03-13T00:00:00+00:00|3621.81
2020-07-14T00:00:00+00:00,2020-07-14T23:59:59.999000+00:00,9254.17,bear,2020-03-13T00:00:00+00:00|3621.81
2020-07-15T00:00:00+00:00,2020-07-15T23:59:59.999000+00:00,9197.3,bear,2020-03-13T00:00:00+00:00|3621.81
2020-07-16T00:00:00+00:00,2020-07-16T23:59:59.999000+00:00,9132.0,bear,2020-03-13T00:00:00+00:00|3621.81
2020-07-17T00:00:00+00:00,2020-07-17T23:59:59.999000+00:00,9151.69,bear,2020-03-13T00:00:00+00:00|3621.81
2020-07-18T00:00:00+00:00,2020-07-18T23:59:59.999000+00:00,9171.8,bear,2020-03-13T00:00:00+00:00|3621.81
2020-07-19T00:00:00+00:00,2020-07-19T23:59:59.999000+00:00,9210.51,bear,2020-03-13T00:00:00+00:00|3621.81
2020-07-20T00:00:00+00:00,2020-07-20T23:59:59.999000+00:00,9161.13,bear,2020-03-13T00:00:00+00:00|3621.81
2020-07-21T00:00:00+00:00,2020-07-21T23:59:59.999000+00:00,9388.01,bear,2020-03-13T00:00:00+00:00|3621.81
2020-07-22T00:00:00+00:00,2020-07-22T23:59:59.999000+00:00,9518.25,bear,2020-03-13T00:00:00+00:00|3621.81
2020-07-23T00:00:00+00:00,2020-07-23T23:59:59.999000+00:00,9604.41,bear,2020-03-13T00:00:00+00:00|3621.81
2020-07-24T00:00:00+00:00,2020-07-24T23:59:59.999000+00:00,9539.7,bear,2020-03-13T00:00:00+00:00|3621.81
2020-07-25T00:00:00+00:00,2020-07-25T23:59:59.999000+00:00,9701.49,bear,2020-03-13T00:00:00+00:00|3621.81
2020-07-26T00:00:00+00:00,2020-07-26T23:59:59.999000+00:00,9939.69,bear,2020-03-13T00:00:00+00:00|3621.81
2020-07-27T00:00:00+00:00,2020-07-27T23:59:59.999000+00:00,11047.58,bear,2020-03-13T00:00:00+00:00|3621.81
2020-07-28T00:00:00+00:00,2020-07-28T23:59:59.999000+00:00,10919.94,bear,2020-03-13T00:00:00+00:00|3621.81
2020-07-29T00:00:00+00:00,2020-07-29T23:59:59.999000+00:00,11113.03,bear,2020-03-13T00:00:00+00:00|3621.81
2020-07-30T00:00:00+00:00,2020-07-30T23:59:59.999000+00:00,11111.96,bear,2020-03-13T00:00:00+00:00|3621.81
2020-07-31T00:00:00+00:00,2020-07-31T23:59:59.999000+00:00,11343.68,bear,2020-03-13T00:00:00+00:00|3621.81
2020-08-01T00:00:00+00:00,2020-08-01T23:59:59.999000+00:00,11811.42,bear,2020-03-13T00:00:00+00:00|3621.81
2020-08-02T00:00:00+00:00,2020-08-02T23:59:59.999000+00:00,11079.72,bear,2020-03-13T00:00:00+00:00|3621.81
2020-08-03T00:00:00+00:00,2020-08-03T23:59:59.999000+00:00,11227.07,bear,2020-03-13T00:00:00+00:00|3621.81
2020-08-04T00:00:00+00:00,2020-08-04T23:59:59.999000+00:00,11200.05,bear,2020-03-13T00:00:00+00:00|3621.81
2020-08-05T00:00:00+00:00,2020-08-05T23:59:59.999000+00:00,11752.5,bear,2020-03-13T00:00:00+00:00|3621.81
2020-08-06T00:00:00+00:00,2020-08-06T23:59:59.999000+00:00,11770.56,bear,2020-03-13T00:00:00+00:00|3621.81
2020-08-07T00:00:00+00:00,2020-08-07T23:59:59.999000+00:00,11596.06,bear,2020-03-13T00:00:00+00:00|3621.81
2020-08-08T00:00:00+00:00,2020-08-08T23:59:59.999000+00:00,11765.72,bear,2020-03-13T00:00:00+00:00|3621.81
2020-08-09T00:00:00+00:00,2020-08-09T23:59:59.999000+00:00,11685.99,bear,2020-03-13T00:00:00+00:00|3621.81
2020-08-10T00:00:00+00:00,2020-08-10T23:59:59.999000+00:00,11896.89,bear,2020-03-13T00:00:00+00:00|3621.81
2020-08-11T00:00:00+00:00,2020-08-11T23:59:59.999000+00:00,11392.64,bear,2020-03-13T00:00:00+00:00|3621.81
2020-08-12T00:00:00+00:00,2020-08-12T23:59:59.999000+00:00,11568.36,bear,2020-03-13T00:00:00+00:00|3621.81
2020-08-13T00:00:00+00:00,2020-08-13T23:59:59.999000+00:00,11790.0,bear,2020-03-13T00:00:00+00:00|3621.81
2020-08-14T00:00:00+00:00,2020-08-14T23:59:59.999000+00:00,11767.89,bear,2020-03-13T00:00:00+00:00|3621.81
2020-08-15T00:00:00+00:00,2020-08-15T23:59:59.999000+00:00,11859.04,bear,2020-03-13T00:00:00+00:00|3621.81
2020-08-16T00:00:00+00:00,2020-08-16T23:59:59.999000+00:00,11921.23,bear,2020-03-13T00:00:00+00:00|3621.81
2020-08-17T00:00:00+00:00,2020-08-17T23:59:59.999000+00:00,12298.06,bear,2020-03-13T00:00:00+00:00|3621.81
2020-08-18T00:00:00+00:00,2020-08-18T23:59:59.999000+00:00,11960.79,bear,2020-03-13T00:00:00+00:00|3621.81
2020-08-19T00:00:00+00:00,2020-08-19T23:59:59.999000+00:00,11763.87,bear,2020-03-13T00:00:00+00:00|3621.81
2020-08-20T00:00:00+00:00,2020-08-20T23:59:59.999000+00:00,11857.92,bear,2020-03-13T00:00:00+00:00|3621.81
2020-08-21T00:00:00+00:00,2020-08-21T23:59:59.999000+00:00,11538.53,bear,2020-03-13T00:00:00+00:00|3621.81
2020-08-22T00:00:00+00:00,2020-08-22T23:59:59.999000+00:00,11670.47,bear,2020-03-13T00:00:00+00:00|3621.81
2020-08-23T00:00:00+00:00,2020-08-23T23:59:59.999000+00:00,11654.0,bear,2020-03-13T00:00:00+00:00|3621.81
2020-08-24T00:00:00+00:00,2020-08-24T23:59:59.999000+00:00,11753.3,bear,2020-03-13T00:00:00+00:00|3621.81
2020-08-25T00:00:00+00:00,2020-08-25T23:59:59.999000+00:00,11327.17,bear,2020-03-13T00:00:00+00:00|3621.81
2020-08-26T00:00:00+00:00,2020-08-26T23:59:59.999000+00:00,11466.22,bear,2020-03-13T00:00:00+00:00|3621.81
2020-08-27T00:00:00+00:00,2020-08-27T23:59:59.999000+00:00,11335.53,bear,2020-03-13T00:00:00+00:00|3621.81
2020-08-28T00:00:00+00:00,2020-08-28T23:59:59.999000+00:00,11526.85,bear,2020-03-13T00:00:00+00:00|3621.81
2020-08-29T00:00:00+00:00,2020-08-29T23:59:59.999000+00:00,11466.66,bear,2020-03-13T00:00:00+00:00|3621.81
2020-08-30T00:00:00+00:00,2020-08-30T23:59:59.999000+00:00,11714.14,bear,2020-03-13T00:00:00+00:00|3621.81
2020-08-31T00:00:00+00:00,2020-08-31T23:59:59.999000+00:00,11658.11,bear,2020-03-13T00:00:00+00:00|3621.81
2020-09-01T00:00:00+00:00,2020-09-01T23:59:59.999000+00:00,11930.18,bear,2020-03-13T00:00:00+00:00|3621.81
2020-09-02T00:00:00+00:00,2020-09-02T23:59:59.999000+00:00,11396.96,bear,2020-03-13T00:00:00+00:00|3621.81
2020-09-03T00:00:00+00:00,2020-09-03T23:59:59.999000+00:00,10141.08,bull,2020-09-03T00:00:00+00:00|11475.0
2020-09-04T00:00:00+00:00,2020-09-04T23:59:59.999000+00:00,10448.0,bull,2017-12-17T00:00:00+00:00|19798.68
2020-09-05T00:00:00+00:00,2020-09-05T23:59:59.999000+00:00,10168.71,bull,2017-12-17T00:00:00+00:00|19798.68
2020-09-06T00:00:00+00:00,2020-09-06T23:59:59.999000+00:00,10258.13,bull,2017-12-17T00:00:00+00:00|19798.68
2020-09-07T00:00:00+00:00,2020-09-07T23:59:59.999000+00:00,10378.76,bull,2017-12-17T00:00:00+00:00|19798.68
2020-09-08T00:00:00+00:00,2020-09-08T23:59:59.999000+00:00,10129.02,bull,2017-12-17T00:00:00+00:00|19798.68
2020-09-09T00:00:00+00:00,2020-09-09T23:59:59.999000+00:00,10219.29,bull,2017-12-17T00:00:00+00:00|19798.68
2020-09-10T00:00:00+00:00,2020-09-10T23:59:59.999000+00:00,10335.91,bull,2017-12-17T00:00:00+00:00|19798.68
2020-09-11T00:00:00+00:00,2020-09-11T23:59:59.999000+00:00,10387.81,bull,2017-12-17T00:00:00+00:00|19798.68
2020-09-12T00:00:00+00:00,2020-09-12T23:59:59.999000+00:00,10438.28,bull,2017-12-17T00:00:00+00:00|19798.68
2020-09-13T00:00:00+00:00,2020-09-13T23:59:59.999000+00:00,10327.72,bull,2017-12-17T00:00:00+00:00|19798.68
2020-09-14T00:00:00+00:00,2020-09-14T23:59:59.999000+00:00,10664.1,bull,2017-12-17T00:00:00+00:00|19798.68
2020-09-15T00:00:00+00:00,2020-09-15T23:59:59.999000+00:00,10776.78,bull,2017-12-17T00:00:00+00:00|19798.68
2020-09-16T00:00:00+00:00,2020-09-16T23:59:59.999000+00:00,10948.17,bull,2017-12-17T00:00:00+00:00|19798.68
2020-09-17T00:00:00+00:00,2020-09-17T23:59:59.999000+00:00,10935.33,bull,2017-12-17T00:00:00+00:00|19798.68
2020-09-18T00:00:00+00:00,2020-09-18T23:59:59.999000+00:00,10926.29,bull,2017-12-17T00:00:00+00:00|19798.68
2020-09-19T00:00:00+00:00,2020-09-19T23:59:59.999000+00:00,11073.74,bull,2017-12-17T00:00:00+00:00|19798.68
2020-09-20T00:00:00+00:00,2020-09-20T23:59:59.999000+00:00,10914.28,bull,2017-12-17T00:00:00+00:00|19798.68
2020-09-21T00:00:00+00:00,2020-09-21T23:59:59.999000+00:00,10414.73,bull,2017-12-17T00:00:00+00:00|19798.68
2020-09-22T00:00:00+00:00,2020-09-22T23:59:59.999000+00:00,10523.32,bull,2017-12-17T00:00:00+00:00|19798.68
2020-09-23T00:00:00+00:00,2020-09-23T23:59:59.999000+00:00,10237.91,bull,2017-12-17T00:00:00+00:00|19798.68
2020-09-24T00:00:00+00:00,2020-09-24T23:59:59.999000+00:00,10724.92,bull,2017-12-17T00:00:00+00:00|19798.68
2020-09-25T00:00:00+00:00,2020-09-25T23:59:59.999000+00:00,10683.51,bull,2017-12-17T00:00:00+00:00|19798.68
2020-09-26T00:00:00+00:00,2020-09-26T23:59:59.999000+00:00,10726.5,bull,2017-12-17T00:00:00+00:00|19798.68
2020-09-27T00:00:00+00:00,2020-09-27T23:59:59.999000+00:00,10768.0,bull,2017-12-17T00:00:00+00:00|19798.68
2020-09-28T00:00:00+00:00,2020-09-28T23:59:59.999000+00:00,10691.45,bull,2017-12-17T00:00:00+00:00|19798.68
2020-09-29T00:00:00+00:00,2020-09-29T23:59:59.999000+00:00,10836.98,bull,2017-12-17T00:00:00+00:00|19798.68
2020-09-30T00:00:00+00:00,2020-09-30T23:59:59.999000+00:00,10773.0,bull,2017-12-17T00:00:00+00:00|19798.68
2020-10-01T00:00:00+00:00,2020-10-01T23:59:59.999000+00:00,10612.63,bull,2017-12-17T00:00:00+00:00|19798.68
2020-10-02T00:00:00+00:00,2020-10-02T23:59:59.999000+00:00,10565.15,bull,2017-12-17T00:00:00+00:00|19798.68
2020-10-03T00:00:00+00:00,2020-10-03T23:59:59.999000+00:00,10537.96,bull,2017-12-17T00:00:00+00:00|19798.68
2020-10-04T00:00:00+00:00,2020-10-04T23:59:59.999000+00:00,10660.16,bull,2017-12-17T00:00:00+00:00|19798.68
2020-10-05T00:00:00+00:00,2020-10-05T23:59:59.999000+00:00,10785.0,bull,2017-12-17T00:00:00+00:00|19798.68
2020-10-06T00:00:00+00:00,2020-10-06T23:59:59.999000+00:00,10593.65,bull,2017-12-17T00:00:00+00:00|19798.68
2020-10-07T00:00:00+00:00,2020-10-07T23:59:59.999000+00:00,10658.75,bull,2017-12-17T00:00:00+00:00|19798.68
2020-10-08T00:00:00+00:00,2020-10-08T23:59:59.999000+00:00,10919.45,bull,2017-12-17T00:00:00+00:00|19798.68
2020-10-09T00:00:00+00:00,2020-10-09T23:59:59.999000+00:00,11050.47,bull,2017-12-17T00:00:00+00:00|19798.68
2020-10-10T00:00:00+00:00,2020-10-10T23:59:59.999000+00:00,11294.79,bull,2017-12-17T00:00:00+00:00|19798.68
2020-10-11T00:00:00+00:00,2020-10-11T23:59:59.999000+00:00,11369.59,bull,2017-12-17T00:00:00+00:00|19798.68
2020-10-12T00:00:00+00:00,2020-10-12T23:59:59.999000+00:00,11530.36,bull,2017-12-17T00:00:00+00:00|19798.68
2020-10-13T00:00:00+00:00,2020-10-13T23:59:59.999000+00:00,11419.36,bull,2017-12-17T00:00:00+00:00|19798.68
2020-10-14T00:00:00+00:00,2020-10-14T23:59:59.999000+00:00,11417.13,bull,2017-12-17T00:00:00+00:00|19798.68
2020-10-15T00:00:00+00:00,2020-10-15T23:59:59.999000+00:00,11502.0,bull,2017-12-17T00:00:00+00:00|19798.68
2020-10-16T00:00:00+00:00,2020-10-16T23:59:59.999000+00:00,11318.92,bull,2017-12-17T00:00:00+00:00|19798.68
2020-10-17T00:00:00+00:00,2020-10-17T23:59:59.999000+00:00,11356.25,bull,2017-12-17T00:00:00+00:00|19798.68
2020-10-18T00:00:00+00:00,2020-10-18T23:59:59.999000+00:00,11501.1,bull,2017-12-17T00:00:00+00:00|19798.68
2020-10-19T00:00:00+00:00,2020-10-19T23:59:59.999000+00:00,11745.0,bull,2017-12-17T00:00:00+00:00|19798.68
2020-10-20T00:00:00+00:00,2020-10-20T23:59:59.999000+00:00,11900.03,bull,2017-12-17T00:00:00+00:00|19798.68
2020-10-21T00:00:00+00:00,2020-10-21T23:59:59.999000+00:00,12796.07,bull,2017-12-17T00:00:00+00:00|19798.68
2020-10-22T00:00:00+00:00,2020-10-22T23:59:59.999000+00:00,12968.87,bull,2017-12-17T00:00:00+00:00|19798.68
2020-10-23T00:00:00+00:00,2020-10-23T23:59:59.999000+00:00,12925.82,bull,2017-12-17T00:00:00+00:00|19798.68
2020-10-24T00:00:00+00:00,2020-10-24T23:59:59.999000+00:00,13110.88,bull,2017-12-17T00:00:00+00:00|19798.68
2020-10-25T00:00:00+00:00,2020-10-25T23:59:59.999000+00:00,13023.81,bull,2017-12-17T00:00:00+00:00|19798.68
2020-10-26T00:00:00+00:00,2020-10-26T23:59:59.999000+00:00,13047.24,bull,2017-12-17T00:00:00+00:00|19798.68
2020-10-27T00:00:00+00:00,2020-10-27T23:59:59.999000+00:00,13629.38,bull,2017-12-17T00:00:00+00:00|19798.68
2020-10-28T00:00:00+00:00,2020-10-28T23:59:59.999000+00:00,13256.17,bull,2017-12-17T00:00:00+00:00|19798.68
2020-10-29T00:00:00+00:00,2020-10-29T23:59:59.999000+00:00,13446.65,bull,2017-12-17T00:00:00+00:00|19798.68
2020-10-30T00:00:00+00:00,2020-10-30T23:59:59.999000+00:00,13549.12,bull,2017-12-17T00:00:00+00:00|19798.68
2020-10-31T00:00:00+00:00,2020-10-31T23:59:59.999000+00:00,13783.73,bull,2017-12-17T00:00:00+00:00|19798.68
2020-11-01T00:00:00+00:00,2020-11-01T23:59:59.999000+00:00,13752.86,bull,2017-12-17T00:00:00+00:00|19798.68
2020-11-02T00:00:00+00:00,2020-11-02T23:59:59.999000+00:00,13540.54,bull,2017-12-17T00:00:00+00:00|19798.68
2020-11-03T00:00:00+00:00,2020-11-03T23:59:59.999000+00:00,14016.55,bull,2017-12-17T00:00:00+00:00|19798.68
2020-11-04T00:00:00+00:00,2020-11-04T23:59:59.999000+00:00,14134.31,bull,2017-12-17T00:00:00+00:00|19798.68
2020-11-05T00:00:00+00:00,2020-11-05T23:59:59.999000+00:00,15598.75,bull,2017-12-17T00:00:00+00:00|19798.68
2020-11-06T00:00:00+00:00,2020-11-06T23:59:59.999000+00:00,15590.96,bull,2017-12-17T00:00:00+00:00|19798.68
2020-11-07T00:00:00+00:00,2020-11-07T23:59:59.999000+00:00,14824.34,bull,2017-12-17T00:00:00+00:00|19798.68
2020-11-08T00:00:00+00:00,2020-11-08T23:59:59.999000+00:00,15473.2,bull,2017-12-17T00:00:00+00:00|19798.68
2020-11-09T00:00:00+00:00,2020-11-09T23:59:59.999000+00:00,15328.72,bull,2017-12-17T00:00:00+00:00|19798.68
2020-11-10T00:00:00+00:00,2020-11-10T23:59:59.999000+00:00,15294.68,bull,2017-12-17T00:00:00+00:00|19798.68
2020-11-11T00:00:00+00:00,2020-11-11T23:59:59.999000+00:00,15690.24,bull,2017-12-17T00:00:00+00:00|19798.68
2020-11-12T00:00:00+00:00,2020-11-12T23:59:59.999000+00:00,16289.02,bull,2017-12-17T00:00:00+00:00|19798.68
2020-11-13T00:00:00+00:00,2020-11-13T23:59:59.999000+00:00,16320.54,bull,2017-12-17T00:00:00+00:00|19798.68
2020-11-14T00:00:00+00:00,2020-11-14T23:59:59.999000+00:00,16064.51,bull,2017-12-17T00:00:00+00:00|19798.68
2020-11-15T00:00:00+00:00,2020-11-15T23:59:59.999000+00:00,15952.27,bull,2017-12-17T00:00:00+00:00|19798.68
2020-11-16T00:00:00+00:00,2020-11-16T23:59:59.999000+00:00,16707.07,bull,2017-12-17T00:00:00+00:00|19798.68
2020-11-17T00:00:00+00:00,2020-11-17T23:59:59.999000+00:00,17670.01,bull,2017-12-17T00:00:00+00:00|19798.68
2020-11-18T00:00:00+00:00,2020-11-18T23:59:59.999000+00:00,17788.32,bull,2017-12-17T00:00:00+00:00|19798.68
2020-11-19T00:00:00+00:00,2020-11-19T23:59:59.999000+00:00,17811.68,bull,2017-12-17T00:00:00+00:00|19798.68
2020-11-20T00:00:00+00:00,2020-11-20T23:59:59.999000+00:00,18664.31,bull,2017-12-17T00:00:00+00:00|19798.68
2020-11-21T00:00:00+00:00,2020-11-21T23:59:59.999000+00:00,18721.99,bull,2017-12-17T00:00:00+00:00|19798.68
2020-11-22T00:00:00+00:00,2020-11-22T23:59:59.999000+00:00,18435.2,bull,2017-12-17T00:00:00+00:00|19798.68
2020-11-23T00:00:00+00:00,2020-11-23T23:59:59.999000+00:00,18382.07,bull,2017-12-17T00:00:00+00:00|19798.68
2020-11-24T00:00:00+00:00,2020-11-24T23:59:59.999000+00:00,19179.64,bull,2017-12-17T00:00:00+00:00|19798.68
2020-11-25T00:00:00+00:00,2020-11-25T23:59:59.999000+00:00,18741.67,bull,2017-12-17T00:00:00+00:00|19798.68
2020-11-26T00:00:00+00:00,2020-11-26T23:59:59.999000+00:00,17155.34,bull,2017-12-17T00:00:00+00:00|19798.68
2020-11-27T00:00:00+00:00,2020-11-27T23:59:59.999000+00:00,17144.1,bull,2017-12-17T00:00:00+00:00|19798.68
2020-11-28T00:00:00+00:00,2020-11-28T23:59:59.999000+00:00,17717.74,bull,2017-12-17T00:00:00+00:00|19798.68
2020-11-29T00:00:00+00:00,2020-11-29T23:59:59.999000+00:00,18181.09,bull,2017-12-17T00:00:00+00:00|19798.68
2020-11-30T00:00:00+00:00,2020-11-30T23:59:59.999000+00:00,19720.0,bull,2020-11-30T00:00:00+00:00|19944.0
2020-12-01T00:00:00+00:00,2020-12-01T23:59:59.999000+00:00,18772.7,bull,2020-12-01T00:00:00+00:00|19956.0
2020-12-02T00:00:00+00:00,2020-12-02T23:59:59.999000+00:00,19207.01,bull,2020-12-01T00:00:00+00:00|19956.0
2020-12-03T00:00:00+00:00,2020-12-03T23:59:59.999000+00:00,19434.3,bull,2020-12-01T00:00:00+00:00|19956.0
2020-12-04T00:00:00+00:00,2020-12-04T23:59:59.999000+00:00,18664.2,bull,2020-12-01T00:00:00+00:00|19956.0
2020-12-05T00:00:00+00:00,2020-12-05T23:59:59.999000+00:00,19147.62,bull,2020-12-01T00:00:00+00:00|19956.0
2020-12-06T00:00:00+00:00,2020-12-06T23:59:59.999000+00:00,19375.02,bull,2020-12-01T00:00:00+00:00|19956.0
2020-12-07T00:00:00+00:00,2020-12-07T23:59:59.999000+00:00,19172.88,bull,2020-12-01T00:00:00+00:00|19956.0
2020-12-08T00:00:00+00:00,2020-12-08T23:59:59.999000+00:00,18319.32,bull,2020-12-01T00:00:00+00:00|19956.0
2020-12-09T00:00:00+00:00,2020-12-09T23:59:59.999000+00:00,18537.98,bull,2020-12-01T00:00:00+00:00|19956.0
2020-12-10T00:00:00+00:00,2020-12-10T23:59:59.999000+00:00,18253.51,bull,2020-12-01T00:00:00+00:00|19956.0
2020-12-11T00:00:00+00:00,2020-12-11T23:59:59.999000+00:00,18031.47,bull,2020-12-01T00:00:00+00:00|19956.0
2020-12-12T00:00:00+00:00,2020-12-12T23:59:59.999000+00:00,18800.0,bull,2020-12-01T00:00:00+00:00|19956.0
2020-12-13T00:00:00+00:00,2020-12-13T23:59:59.999000+00:00,19175.07,bull,2020-12-01T00:00:00+00:00|19956.0
2020-12-14T00:00:00+00:00,2020-12-14T23:59:59.999000+00:00,19270.7,bull,2020-12-01T00:00:00+00:00|19956.0
2020-12-15T00:00:00+00:00,2020-12-15T23:59:59.999000+00:00,19424.91,bull,2020-12-01T00:00:00+00:00|19956.0
2020-12-16T00:00:00+00:00,2020-12-16T23:59:59.999000+00:00,21346.8,bull,2020-12-16T00:00:00+00:00|21600.0
2020-12-17T00:00:00+00:00,2020-12-17T23:59:59.999000+00:00,22816.99,bull,2020-12-17T00:00:00+00:00|23888.04
2020-12-18T00:00:00+00:00,2020-12-18T23:59:59.999000+00:00,23124.35,bull,2020-12-17T00:00:00+00:00|23888.04
2020-12-19T00:00:00+00:00,2020-12-19T23:59:59.999000+00:00,23847.28,bull,2020-12-19T00:00:00+00:00|24281.61
2020-12-20T00:00:00+00:00,2020-12-20T23:59:59.999000+00:00,23472.96,bull,2020-12-20T00:00:00+00:00|24376.0
2020-12-21T00:00:00+00:00,2020-12-21T23:59:59.999000+00:00,22730.1,bull,2020-12-20T00:00:00+00:00|24376.0
2020-12-22T00:00:00+00:00,2020-12-22T23:59:59.999000+00:00,23826.99,bull,2020-12-20T00:00:00+00:00|24376.0
2020-12-23T00:00:00+00:00,2020-12-23T23:59:59.999000+00:00,23238.27,bull,2020-12-20T00:00:00+00:00|24376.0
2020-12-24T00:00:00+00:00,2020-12-24T23:59:59.999000+00:00,23737.44,bull,2020-12-20T00:00:00+00:00|24376.0
2020-12-25T00:00:00+00:00,2020-12-25T23:59:59.999000+00:00,24730.0,bull,2020-12-25T00:00:00+00:00|24827.64
2020-12-26T00:00:00+00:00,2020-12-26T23:59:59.999000+00:00,26508.83,bull,2020-12-26T00:00:00+00:00|26926.0
2020-12-27T00:00:00+00:00,2020-12-27T23:59:59.999000+00:00,26305.64,bull,2020-12-27T00:00:00+00:00|28459.84
2020-12-28T00:00:00+00:00,2020-12-28T23:59:59.999000+00:00,27102.66,bull,2020-12-27T00:00:00+00:00|28459.84
2020-12-29T00:00:00+00:00,2020-12-29T23:59:59.999000+00:00,27402.83,bull,2020-12-27T00:00:00+00:00|28459.84
2020-12-30T00:00:00+00:00,2020-12-30T23:59:59.999000+00:00,28906.99,bull,2020-12-30T00:00:00+00:00|29063.72
2020-12-31T00:00:00+00:00,2020-12-31T23:59:59.999000+00:00,28951.68,bull,2020-12-31T00:00:00+00:00|29376.7
2021-01-01T00:00:00+00:00,2021-01-01T23:59:59.999000+00:00,29337.16,bull,2021-01-01T00:00:00+00:00|29668.86
2021-01-02T00:00:00+00:00,2021-01-02T23:59:59.999000+00:00,32199.91,bull,2021-01-02T00:00:00+00:00|33480.0
2021-01-03T00:00:00+00:00,2021-01-03T23:59:59.999000+00:00,33054.53,bull,2021-01-03T00:00:00+00:00|34832.25
2021-01-04T00:00:00+00:00,2021-01-04T23:59:59.999000+00:00,32031.07,bull,2021-01-03T00:00:00+00:00|34832.25
2021-01-05T00:00:00+00:00,2021-01-05T23:59:59.999000+00:00,33999.52,bull,2021-01-03T00:00:00+00:00|34832.25
2021-01-06T00:00:00+00:00,2021-01-06T23:59:59.999000+00:00,36823.68,bull,2021-01-06T00:00:00+00:00|37037.51
2021-01-07T00:00:00+00:00,2021-01-07T23:59:59.999000+00:00,39498.92,bull,2021-01-07T00:00:00+00:00|40565.62
2021-01-08T00:00:00+00:00,2021-01-08T23:59:59.999000+00:00,40637.23,bull,2021-01-08T00:00:00+00:00|42125.51
2021-01-09T00:00:00+00:00,2021-01-09T23:59:59.999000+00:00,40136.04,bull,2021-01-08T00:00:00+00:00|42125.51
2021-01-10T00:00:00+00:00,2021-01-10T23:59:59.999000+00:00,38221.67,bull,2021-01-08T00:00:00+00:00|42125.51
2021-01-11T00:00:00+00:00,2021-01-11T23:59:59.999000+00:00,35408.46,bull,2021-01-08T00:00:00+00:00|42125.51
2021-01-12T00:00:00+00:00,2021-01-12T23:59:59.999000+00:00,34056.9,bull,2021-01-08T00:00:00+00:00|42125.51
2021-01-13T00:00:00+00:00,2021-01-13T23:59:59.999000+00:00,37421.07,bull,2021-01-08T00:00:00+00:00|42125.51
2021-01-14T00:00:00+00:00,2021-01-14T23:59:59.999000+00:00,39163.31,bull,2021-01-08T00:00:00+00:00|42125.51
2021-01-15T00:00:00+00:00,2021-01-15T23:59:59.999000+00:00,36755.24,bull,2021-01-08T00:00:00+00:00|42125.51
2021-01-16T00:00:00+00:00,2021-01-16T23:59:59.999000+00:00,36025.66,bull,2021-01-08T00:00:00+00:00|42125.51
2021-01-17T00:00:00+00:00,2021-01-17T23:59:59.999000+00:00,35869.83,bull,2021-01-08T00:00:00+00:00|42125.51
2021-01-18T00:00:00+00:00,2021-01-18T23:59:59.999000+00:00,36686.86,bull,2021-01-08T00:00:00+00:00|42125.51
2021-01-19T00:00:00+00:00,2021-01-19T23:59:59.999000+00:00,35891.03,bull,2021-01-08T00:00:00+00:00|42125.51
2021-01-20T00:00:00+00:00,2021-01-20T23:59:59.999000+00:00,35500.0,bull,2021-01-08T00:00:00+00:00|42125.51
2021-01-21T00:00:00+00:00,2021-01-21T23:59:59.999000+00:00,30879.97,bull,2021-01-08T00:00:00+00:00|42125.51
2021-01-22T00:00:00+00:00,2021-01-22T23:59:59.999000+00:00,32986.34,bull,2021-01-08T00:00:00+00:00|42125.51
2021-01-23T00:00:00+00:00,2021-01-23T23:59:59.999000+00:00,32086.48,bull,2021-01-08T00:00:00+00:00|42125.51
2021-01-24T00:00:00+00:00,2021-01-24T23:59:59.999000+00:00,32275.63,bull,2021-01-08T00:00:00+00:00|42125.51
2021-01-25T00:00:00+00:00,2021-01-25T23:59:59.999000+00:00,32253.68,bull,2021-01-08T00:00:00+00:00|42125.51
2021-01-26T00:00:00+00:00,2021-01-26T23:59:59.999000+00:00,32474.14,bull,2021-01-08T00:00:00+00:00|42125.51
2021-01-27T00:00:00+00:00,2021-01-27T23:59:59.999000+00:00,30381.04,bull,2021-01-08T00:00:00+00:00|42125.51
2021-01-28T00:00:00+00:00,2021-01-28T23:59:59.999000+00:00,33399.75,bull,2021-01-08T00:00:00+00:00|42125.51
2021-01-29T00:00:00+00:00,2021-01-29T23:59:59.999000+00:00,34269.35,bull,2021-01-08T00:00:00+00:00|42125.51
2021-01-30T00:00:00+00:00,2021-01-30T23:59:59.999000+00:00,34289.85,bull,2021-01-08T00:00:00+00:00|42125.51
2021-01-31T00:00:00+00:00,2021-01-31T23:59:59.999000+00:00,33126.21,bull,2021-01-08T00:00:00+00:00|42125.51
2021-02-01T00:00:00+00:00,2021-02-01T23:59:59.999000+00:00,33546.09,bull,2021-01-08T00:00:00+00:00|42125.51
2021-02-02T00:00:00+00:00,2021-02-02T23:59:59.999000+00:00,35504.06,bull,2021-01-08T00:00:00+00:00|42125.51
2021-02-03T00:00:00+00:00,2021-02-03T23:59:59.999000+00:00,37652.51,bull,2021-01-08T00:00:00+00:00|42125.51
2021-02-04T00:00:00+00:00,2021-02-04T23:59:59.999000+00:00,36976.93,bull,2021-01-08T00:00:00+00:00|42125.51
2021-02-05T00:00:00+00:00,2021-02-05T23:59:59.999000+00:00,38362.65,bull,2021-01-08T00:00:00+00:00|42125.51
2021-02-06T00:00:00+00:00,2021-02-06T23:59:59.999000+00:00,39249.54,bull,2021-01-08T00:00:00+00:00|42125.51
2021-02-07T00:00:00+00:00,2021-02-07T23:59:59.999000+00:00,38849.25,bull,2021-01-08T00:00:00+00:00|42125.51
2021-02-08T00:00:00+00:00,2021-02-08T23:59:59.999000+00:00,46451.32,bull,2021-02-08T00:00:00+00:00|47146.0
2021-02-09T00:00:00+00:00,2021-02-09T23:59:59.999000+00:00,46492.54,bull,2021-02-09T00:00:00+00:00|48266.36
2021-02-10T00:00:00+00:00,2021-02-10T23:59:59.999000+00:00,44850.0,bull,2021-02-09T00:00:00+00:00|48266.36
2021-02-11T00:00:00+00:00,2021-02-11T23:59:59.999000+00:00,48060.21,bull,2021-02-11T00:00:00+00:00|48810.0
2021-02-12T00:00:00+00:00,2021-02-12T23:59:59.999000+00:00,47361.03,bull,2021-02-12T00:00:00+00:00|49278.98
2021-02-13T00:00:00+00:00,2021-02-13T23:59:59.999000+00:00,47221.62,bull,2021-02-12T00:00:00+00:00|49278.98
2021-02-14T00:00:00+00:00,2021-02-14T23:59:59.999000+00:00,48655.21,bull,2021-02-14T00:00:00+00:00|49875.16
2021-02-15T00:00:00+00:00,2021-02-15T23:59:59.999000+00:00,47981.58,bull,2021-02-14T00:00:00+00:00|49875.16
2021-02-16T00:00:00+00:00,2021-02-16T23:59:59.999000+00:00,49197.94,bull,2021-02-16T00:00:00+00:00|50953.44
2021-02-17T00:00:00+00:00,2021-02-17T23:59:59.999000+00:00,52194.62,bull,2021-02-17T00:00:00+00:00|52800.0
2021-02-18T00:00:00+00:00,2021-02-18T23:59:59.999000+00:00,51619.7,bull,2021-02-17T00:00:00+00:00|52800.0
2021-02-19T00:00:00+00:00,2021-02-19T23:59:59.999000+00:00,56004.1,bull,2021-02-19T00:00:00+00:00|56582.0
2021-02-20T00:00:00+00:00,2021-02-20T23:59:59.999000+00:00,55917.41,bull,2021-02-20T00:00:00+00:00|57699.0
2021-02-21T00:00:00+00:00,2021-02-21T23:59:59.999000+00:00,57487.43,bull,2021-02-21T00:00:00+00:00|58472.14
2021-02-22T00:00:00+00:00,2021-02-22T23:59:59.999000+00:00,54121.1,bull,2021-02-21T00:00:00+00:00|58472.14
2021-02-23T00:00:00+00:00,2021-02-23T23:59:59.999000+00:00,48930.0,bull,2021-02-21T00:00:00+00:00|58472.14
2021-02-24T00:00:00+00:00,2021-02-24T23:59:59.999000+00:00,49702.03,bull,2021-02-21T00:00:00+00:00|58472.14
2021-02-25T00:00:00+00:00,2021-02-25T23:59:59.999000+00:00,47089.37,bull,2021-02-21T00:00:00+00:00|58472.14
2021-02-26T00:00:00+00:00,2021-02-26T23:59:59.999000+00:00,46313.13,bull,2021-02-21T00:00:00+00:00|58472.14
2021-02-27T00:00:00+00:00,2021-02-27T23:59:59.999000+00:00,46102.63,bull,2021-02-21T00:00:00+00:00|58472.14
2021-02-28T00:00:00+00:00,2021-02-28T23:59:59.999000+00:00,45163.36,bull,2021-02-21T00:00:00+00:00|58472.14
2021-03-01T00:00:00+00:00,2021-03-01T23:59:59.999000+00:00,49592.7,bull,2021-02-21T00:00:00+00:00|58472.14
2021-03-02T00:00:00+00:00,2021-03-02T23:59:59.999000+00:00,48450.57,bull,2021-02-21T00:00:00+00:00|58472.14
2021-03-03T00:00:00+00:00,2021-03-03T23:59:59.999000+00:00,50373.75,bull,2021-02-21T00:00:00+00:00|58472.14
2021-03-04T00:00:00+00:00,2021-03-04T23:59:59.999000+00:00,48385.77,bull,2021-02-21T00:00:00+00:00|58472.14
2021-03-05T00:00:00+00:00,2021-03-05T23:59:59.999000+00:00,48770.57,bull,2021-02-21T00:00:00+00:00|58472.14
2021-03-06T00:00:00+00:00,2021-03-06T23:59:59.999000+00:00,48908.21,bull,2021-02-21T00:00:00+00:00|58472.14
2021-03-07T00:00:00+00:00,2021-03-07T23:59:59.999000+00:00,50995.27,bull,2021-02-21T00:00:00+00:00|58472.14
2021-03-08T00:00:00+00:00,2021-03-08T23:59:59.999000+00:00,52429.43,bull,2021-02-21T00:00:00+00:00|58472.14
2021-03-09T00:00:00+00:00,2021-03-09T23:59:59.999000+00:00,54917.78,bull,2021-02-21T00:00:00+00:00|58472.14
2021-03-10T00:00:00+00:00,2021-03-10T23:59:59.999000+00:00,55947.98,bull,2021-02-21T00:00:00+00:00|58472.14
2021-03-11T00:00:00+00:00,2021-03-11T23:59:59.999000+00:00,57844.52,bull,2021-02-21T00:00:00+00:00|58472.14
2021-03-12T00:00:00+00:00,2021-03-12T23:59:59.999000+00:00,57291.03,bull,2021-02-21T00:00:00+00:00|58472.14
2021-03-13T00:00:00+00:00,2021-03-13T23:59:59.999000+00:00,61267.41,bull,2021-03-13T00:00:00+00:00|61950.0
2021-03-14T00:00:00+00:00,2021-03-14T23:59:59.999000+00:00,59037.12,bull,2021-03-13T00:00:00+00:00|61950.0
2021-03-15T00:00:00+00:00,2021-03-15T23:59:59.999000+00:00,55646.61,bull,2021-03-13T00:00:00+00:00|61950.0
2021-03-16T00:00:00+00:00,2021-03-16T23:59:59.999000+00:00,56954.19,bull,2021-03-13T00:00:00+00:00|61950.0
2021-03-17T00:00:00+00:00,2021-03-17T23:59:59.999000+00:00,58959.0,bull,2021-03-13T00:00:00+00:00|61950.0
2021-03-18T00:00:00+00:00,2021-03-18T23:59:59.999000+00:00,57700.01,bull,2021-03-13T00:00:00+00:00|61950.0
2021-03-19T00:00:00+00:00,2021-03-19T23:59:59.999000+00:00,58089.11,bull,2021-03-13T00:00:00+00:00|61950.0
2021-03-20T00:00:00+00:00,2021-03-20T23:59:59.999000+00:00,58145.61,bull,2021-03-13T00:00:00+00:00|61950.0
2021-03-21T00:00:00+00:00,2021-03-21T23:59:59.999000+00:00,57415.18,bull,2021-03-13T00:00:00+00:00|61950.0
2021-03-22T00:00:00+00:00,2021-03-22T23:59:59.999000+00:00,54129.56,bull,2021-03-13T00:00:00+00:00|61950.0
2021-03-23T00:00:00+00:00,2021-03-23T23:59:59.999000+00:00,54400.0,bull,2021-03-13T00:00:00+00:00|61950.0
2021-03-24T00:00:00+00:00,2021-03-24T23:59:59.999000+00:00,52311.54,bull,2021-03-13T00:00:00+00:00|61950.0
2021-03-25T00:00:00+00:00,2021-03-25T23:59:59.999000+00:00,51325.21,bull,2021-03-13T00:00:00+00:00|61950.0
2021-03-26T00:00:00+00:00,2021-03-26T23:59:59.999000+00:00,55030.0,bull,2021-03-13T00:00:00+00:00|61950.0
2021-03-27T00:00:00+00:00,2021-03-27T23:59:59.999000+00:00,55828.0,bull,2021-03-13T00:00:00+00:00|61950.0
2021-03-28T00:00:00+00:00,2021-03-28T23:59:59.999000+00:00,55805.08,bull,2021-03-13T00:00:00+00:00|61950.0
2021-03-29T00:00:00+00:00,2021-03-29T23:59:59.999000+00:00,57677.64,bull,2021-03-13T00:00:00+00:00|61950.0
2021-03-30T00:00:00+00:00,2021-03-30T23:59:59.999000+00:00,58794.16,bull,2021-03-13T00:00:00+00:00|61950.0
2021-03-31T00:00:00+00:00,2021-03-31T23:59:59.999000+00:00,58807.24,bull,2021-03-13T00:00:00+00:00|61950.0
2021-04-01T00:00:00+00:00,2021-04-01T23:59:59.999000+00:00,58794.01,bull,2021-03-13T00:00:00+00:00|61950.0
2021-04-02T00:00:00+00:00,2021-04-02T23:59:59.999000+00:00,59031.36,bull,2021-03-13T00:00:00+00:00|61950.0
2021-04-03T00:00:00+00:00,2021-04-03T23:59:59.999000+00:00,57134.65,bull,2021-03-13T00:00:00+00:00|61950.0
2021-04-04T00:00:00+00:00,2021-04-04T23:59:59.999000+00:00,58234.61,bull,2021-03-13T00:00:00+00:00|61950.0
2021-04-05T00:00:00+00:00,2021-04-05T23:59:59.999000+00:00,59243.39,bull,2021-03-13T00:00:00+00:00|61950.0
2021-04-06T00:00:00+00:00,2021-04-06T23:59:59.999000+00:00,58059.99,bull,2021-03-13T00:00:00+00:00|61950.0
2021-04-07T00:00:00+00:00,2021-04-07T23:59:59.999000+00:00,56018.18,bull,2021-03-13T00:00:00+00:00|61950.0
2021-04-08T00:00:00+00:00,2021-04-08T23:59:59.999000+00:00,58122.26,bull,2021-03-13T00:00:00+00:00|61950.0
2021-04-09T00:00:00+00:00,2021-04-09T23:59:59.999000+00:00,58176.03,bull,2021-03-13T00:00:00+00:00|61950.0
2021-04-10T00:00:00+00:00,2021-04-10T23:59:59.999000+00:00,59832.43,bull,2021-03-13T00:00:00+00:00|61950.0
2021-04-11T00:00:00+00:00,2021-04-11T23:59:59.999000+00:00,60090.2,bull,2021-03-13T00:00:00+00:00|61950.0
2021-04-12T00:00:00+00:00,2021-04-12T23:59:59.999000+00:00,59911.18,bull,2021-03-13T00:00:00+00:00|61950.0
2021-04-13T00:00:00+00:00,2021-04-13T23:59:59.999000+00:00,63649.71,bull,2021-04-13T00:00:00+00:00|63850.0
2021-04-14T00:00:00+00:00,2021-04-14T23:59:59.999000+00:00,63019.1,bull,2021-04-14T00:00:00+00:00|64986.11
2021-04-15T00:00:00+00:00,2021-04-15T23:59:59.999000+00:00,63232.55,bull,2021-04-14T00:00:00+00:00|64986.11
2021-04-16T00:00:00+00:00,2021-04-16T23:59:59.999000+00:00,61424.67,bull,2021-04-14T00:00:00+00:00|64986.11
2021-04-17T00:00:00+00:00,2021-04-17T23:59:59.999000+00:00,60090.14,bull,2021-04-14T00:00:00+00:00|64986.11
2021-04-18T00:00:00+00:00,2021-04-18T23:59:59.999000+00:00,56140.05,bull,2021-04-14T00:00:00+00:00|64986.11
2021-04-19T00:00:00+00:00,2021-04-19T23:59:59.999000+00:00,55634.39,bull,2021-04-14T00:00:00+00:00|64986.11
2021-04-20T00:00:00+00:00,2021-04-20T23:59:59.999000+00:00,56410.56,bull,2021-04-14T00:00:00+00:00|64986.11
2021-04-21T00:00:00+00:00,2021-04-21T23:59:59.999000+00:00,53800.0,bull,2021-04-14T00:00:00+00:00|64986.11
2021-04-22T00:00:00+00:00,2021-04-22T23:59:59.999000+00:00,51714.61,bull,2021-04-14T00:00:00+00:00|64986.11
2021-04-23T00:00:00+00:00,2021-04-23T23:59:59.999000+00:00,51122.62,bull,2021-04-14T00:00:00+00:00|64986.11
2021-04-24T00:00:00+00:00,2021-04-24T23:59:59.999000+00:00,50092.4,bull,2021-04-14T00:00:00+00:00|64986.11
2021-04-25T00:00:00+00:00,2021-04-25T23:59:59.999000+00:00,49063.94,bull,2021-04-14T00:00:00+00:00|64986.11
2021-04-26T00:00:00+00:00,2021-04-26T23:59:59.999000+00:00,53984.33,bull,2021-04-14T00:00:00+00:00|64986.11
2021-04-27T00:00:00+00:00,2021-04-27T23:59:59.999000+00:00,55006.25,bull,2021-04-14T00:00:00+00:00|64986.11
2021-04-28T00:00:00+00:00,2021-04-28T23:59:59.999000+00:00,54861.77,bull,2021-04-14T00:00:00+00:00|64986.11
2021-04-29T00:00:00+00:00,2021-04-29T23:59:59.999000+00:00,53558.8,bull,2021-04-14T00:00:00+00:00|64986.11
2021-04-30T00:00:00+00:00,2021-04-30T23:59:59.999000+00:00,57684.16,bull,2021-04-14T00:00:00+00:00|64986.11
2021-05-01T00:00:00+00:00,2021-05-01T23:59:59.999000+00:00,57836.34,bull,2021-04-14T00:00:00+00:00|64986.11
2021-05-02T00:00:00+00:00,2021-05-02T23:59:59.999000+00:00,56630.33,bull,2021-04-14T00:00:00+00:00|64986.11
2021-05-03T00:00:00+00:00,2021-05-03T23:59:59.999000+00:00,57214.83,bull,2021-04-14T00:00:00+00:00|64986.11
2021-05-04T00:00:00+00:00,2021-05-04T23:59:59.999000+00:00,53263.32,bull,2021-04-14T00:00:00+00:00|64986.11
2021-05-05T00:00:00+00:00,2021-05-05T23:59:59.999000+00:00,57497.77,bull,2021-04-14T00:00:00+00:00|64986.11
2021-05-06T00:00:00+00:00,2021-05-06T23:59:59.999000+00:00,56435.35,bull,2021-04-14T00:00:00+00:00|64986.11
2021-05-07T00:00:00+00:00,2021-05-07T23:59:59.999000+00:00,57350.88,bull,2021-04-14T00:00:00+00:00|64986.11
2021-05-08T00:00:00+00:00,2021-05-08T23:59:59.999000+00:00,58924.98,bull,2021-04-14T00:00:00+00:00|64986.11
2021-05-09T00:00:00+00:00,2021-05-09T23:59:59.999000+00:00,58292.53,bull,2021-04-14T00:00:00+00:00|64986.11
2021-05-10T00:00:00+00:00,2021-05-10T23:59:59.999000+00:00,55869.67,bull,2021-04-14T00:00:00+00:00|64986.11
2021-05-11T00:00:00+00:00,2021-05-11T23:59:59.999000+00:00,56710.43,bull,2021-04-14T00:00:00+00:00|64986.11
2021-05-12T00:00:00+00:00,2021-05-12T23:59:59.999000+00:00,49595.76,bull,2021-04-14T00:00:00+00:00|64986.11
2021-05-13T00:00:00+00:00,2021-05-13T23:59:59.999000+00:00,49707.9,bear,2021-05-13T00:00:00+00:00|45596.32
2021-05-14T00:00:00+00:00,2021-05-14T23:59:59.999000+00:00,49873.27,bear,2021-05-13T00:00:00+00:00|45596.32
2021-05-15T00:00:00+00:00,2021-05-15T23:59:59.999000+00:00,46793.41,bear,2021-05-13T00:00:00+00:00|45596.32
2021-05-16T00:00:00+00:00,2021-05-16T23:59:59.999000+00:00,46429.28,bear,2021-05-16T00:00:00+00:00|43866.0
2021-05-17T00:00:00+00:00,2021-05-17T23:59:59.999000+00:00,43566.18,bear,2021-05-17T00:00:00+00:00|42151.0
2021-05-18T00:00:00+00:00,2021-05-18T23:59:59.999000+00:00,42882.53,bear,2021-05-17T00:00:00+00:00|42151.0
2021-05-19T00:00:00+00:00,2021-05-19T23:59:59.999000+00:00,36689.14,bear,2021-05-19T00:00:00+00:00|28688.0
2021-05-20T00:00:00+00:00,2021-05-20T23:59:59.999000+00:00,40500.3,bear,2021-05-19T00:00:00+00:00|28688.0
2021-05-21T00:00:00+00:00,2021-05-21T23:59:59.999000+00:00,37211.02,bear,2021-05-19T00:00:00+00:00|28688.0
2021-05-22T00:00:00+00:00,2021-05-22T23:59:59.999000+00:00,37432.58,bear,2021-05-19T00:00:00+00:00|28688.0
2021-05-23T00:00:00+00:00,2021-05-23T23:59:59.999000+00:00,34651.6,bear,2021-05-19T00:00:00+00:00|28688.0
2021-05-24T00:00:00+00:00,2021-05-24T23:59:59.999000+00:00,38779.66,bear,2021-05-19T00:00:00+00:00|28688.0
2021-05-25T00:00:00+00:00,2021-05-25T23:59:59.999000+00:00,38326.84,bear,2021-05-19T00:00:00+00:00|28688.0
2021-05-26T00:00:00+00:00,2021-05-26T23:59:59.999000+00:00,39224.2,bear,2021-05-19T00:00:00+00:00|28688.0
2021-05-27T00:00:00+00:00,2021-05-27T23:59:59.999000+00:00,38527.38,bear,2021-05-19T00:00:00+00:00|28688.0
2021-05-28T00:00:00+00:00,2021-05-28T23:59:59.999000+00:00,35670.99,bear,2021-05-19T00:00:00+00:00|28688.0
2021-05-29T00:00:00+00:00,2021-05-29T23:59:59.999000+00:00,34611.94,bear,2021-05-19T00:00:00+00:00|28688.0
2021-05-30T00:00:00+00:00,2021-05-30T23:59:59.999000+00:00,35651.81,bear,2021-05-19T00:00:00+00:00|28688.0
2021-05-31T00:00:00+00:00,2021-05-31T23:59:59.999000+00:00,37243.38,bear,2021-05-19T00:00:00+00:00|28688.0
2021-06-01T00:00:00+00:00,2021-06-01T23:59:59.999000+00:00,36693.41,bear,2021-05-19T00:00:00+00:00|28688.0
2021-06-02T00:00:00+00:00,2021-06-02T23:59:59.999000+00:00,37569.99,bear,2021-05-19T00:00:00+00:00|28688.0
2021-06-03T00:00:00+00:00,2021-06-03T23:59:59.999000+00:00,39247.4,bear,2021-05-19T00:00:00+00:00|28688.0
2021-06-04T00:00:00+00:00,2021-06-04T23:59:59.999000+00:00,36828.03,bear,2021-05-19T00:00:00+00:00|28688.0
2021-06-05T00:00:00+00:00,2021-06-05T23:59:59.999000+00:00,35498.62,bear,2021-05-19T00:00:00+00:00|28688.0
2021-06-06T00:00:00+00:00,2021-06-06T23:59:59.999000+00:00,35801.71,bear,2021-05-19T00:00:00+00:00|28688.0
2021-06-07T00:00:00+00:00,2021-06-07T23:59:59.999000+00:00,33550.96,bear,2021-05-19T00:00:00+00:00|28688.0
2021-06-08T00:00:00+00:00,2021-06-08T23:59:59.999000+00:00,33372.58,bear,2021-05-19T00:00:00+00:00|28688.0
2021-06-09T00:00:00+00:00,2021-06-09T23:59:59.999000+00:00,37368.45,bear,2021-05-19T00:00:00+00:00|28688.0
2021-06-10T00:00:00+00:00,2021-06-10T23:59:59.999000+00:00,36669.66,bear,2021-05-19T00:00:00+00:00|28688.0
2021-06-11T00:00:00+00:00,2021-06-11T23:59:59.999000+00:00,37300.42,bear,2021-05-19T00:00:00+00:00|28688.0
2021-06-12T00:00:00+00:00,2021-06-12T23:59:59.999000+00:00,35537.05,bear,2021-05-19T00:00:00+00:00|28688.0
2021-06-13T00:00:00+00:00,2021-06-13T23:59:59.999000+00:00,38993.65,bear,2021-05-19T00:00:00+00:00|28688.0
2021-06-14T00:00:00+00:00,2021-06-14T23:59:59.999000+00:00,40489.1,bear,2021-05-19T00:00:00+00:00|28688.0
2021-06-15T00:00:00+00:00,2021-06-15T23:59:59.999000+00:00,40132.86,bear,2021-05-19T00:00:00+00:00|28688.0
2021-06-16T00:00:00+00:00,2021-06-16T23:59:59.999000+00:00,38344.97,bear,2021-05-19T00:00:00+00:00|28688.0
2021-06-17T00:00:00+00:00,2021-06-17T23:59:59.999000+00:00,38060.71,bear,2021-05-19T00:00:00+00:00|28688.0
2021-06-18T00:00:00+00:00,2021-06-18T23:59:59.999000+00:00,35811.41,bear,2021-05-19T00:00:00+00:00|28688.0
2021-06-19T00:00:00+00:00,2021-06-19T23:59:59.999000+00:00,35483.0,bear,2021-05-19T00:00:00+00:00|28688.0
2021-06-20T00:00:00+00:00,2021-06-20T23:59:59.999000+00:00,35588.64,bear,2021-05-19T00:00:00+00:00|28688.0
2021-06-21T00:00:00+00:00,2021-06-21T23:59:59.999000+00:00,31606.0,bear,2021-05-19T00:00:00+00:00|28688.0
2021-06-22T00:00:00+00:00,2021-06-22T23:59:59.999000+00:00,32496.0,bear,2021-05-19T00:00:00+00:00|28688.0
2021-06-23T00:00:00+00:00,2021-06-23T23:59:59.999000+00:00,33649.0,bear,2021-05-19T00:00:00+00:00|28688.0
2021-06-24T00:00:00+00:00,2021-06-24T23:59:59.999000+00:00,34644.64,bear,2021-05-19T00:00:00+00:00|28688.0
2021-06-25T00:00:00+00:00,2021-06-25T23:59:59.999000+00:00,31568.07,bear,2021-05-19T00:00:00+00:00|28688.0
2021-06-26T00:00:00+00:00,2021-06-26T23:59:59.999000+00:00,32255.56,bear,2021-05-19T00:00:00+00:00|28688.0
2021-06-27T00:00:00+00:00,2021-06-27T23:59:59.999000+00:00,34687.71,bear,2021-05-19T00:00:00+00:00|28688.0
2021-06-28T00:00:00+00:00,2021-06-28T23:59:59.999000+00:00,34487.22,bear,2021-05-19T00:00:00+00:00|28688.0
2021-06-29T00:00:00+00:00,2021-06-29T23:59:59.999000+00:00,35911.26,bear,2021-05-19T00:00:00+00:00|28688.0
2021-06-30T00:00:00+00:00,2021-06-30T23:59:59.999000+00:00,35031.39,bear,2021-05-19T00:00:00+00:00|28688.0
2021-07-01T00:00:00+00:00,2021-07-01T23:59:59.999000+00:00,33489.96,bear,2021-05-19T00:00:00+00:00|28688.0
2021-07-02T00:00:00+00:00,2021-07-02T23:59:59.999000+00:00,33760.94,bear,2021-05-19T00:00:00+00:00|28688.0
2021-07-03T00:00:00+00:00,2021-07-03T23:59:59.999000+00:00,34652.94,bear,2021-05-19T00:00:00+00:00|28688.0
2021-07-04T00:00:00+00:00,2021-07-04T23:59:59.999000+00:00,35280.16,bear,2021-05-19T00:00:00+00:00|28688.0
2021-07-05T00:00:00+00:00,2021-07-05T23:59:59.999000+00:00,33672.72,bear,2021-05-19T00:00:00+00:00|28688.0
2021-07-06T00:00:00+00:00,2021-07-06T23:59:59.999000+00:00,34206.01,bear,2021-05-19T00:00:00+00:00|28688.0
2021-07-07T00:00:00+00:00,2021-07-07T23:59:59.999000+00:00,33845.64,bear,2021-05-19T00:00:00+00:00|28688.0
2021-07-08T00:00:00+00:00,2021-07-08T23:59:59.999000+00:00,32852.04,bear,2021-05-19T00:00:00+00:00|28688.0
2021-07-09T00:00:00+00:00,2021-07-09T23:59:59.999000+00:00,33805.01,bear,2021-05-19T00:00:00+00:00|28688.0
2021-07-10T00:00:00+00:00,2021-07-10T23:59:59.999000+00:00,33497.98,bear,2021-05-19T00:00:00+00:00|28688.0
2021-07-11T00:00:00+00:00,2021-07-11T23:59:59.999000+00:00,34253.81,bear,2021-05-19T00:00:00+00:00|28688.0
2021-07-12T00:00:00+00:00,2021-07-12T23:59:59.999000+00:00,33070.87,bear,2021-05-19T00:00:00+00:00|28688.0
2021-07-13T00:00:00+00:00,2021-07-13T23:59:59.999000+00:00,32709.09,bear,2021-05-19T00:00:00+00:00|28688.0
2021-07-14T00:00:00+00:00,2021-07-14T23:59:59.999000+00:00,32803.01,bear,2021-05-19T00:00:00+00:00|28688.0
2021-07-15T00:00:00+00:00,2021-07-15T23:59:59.999000+00:00,31866.43,bear,2021-05-19T00:00:00+00:00|28688.0
2021-07-16T00:00:00+00:00,2021-07-16T23:59:59.999000+00:00,31382.95,bear,2021-05-19T00:00:00+00:00|28688.0
2021-07-17T00:00:00+00:00,2021-07-17T23:59:59.999000+00:00,31496.65,bear,2021-05-19T00:00:00+00:00|28688.0
2021-07-18T00:00:00+00:00,2021-07-18T23:59:59.999000+00:00,31767.0,bear,2021-05-19T00:00:00+00:00|28688.0
2021-07-19T00:00:00+00:00,2021-07-19T23:59:59.999000+00:00,30823.62,bear,2021-05-19T00:00:00+00:00|28688.0
2021-07-20T00:00:00+00:00,2021-07-20T23:59:59.999000+00:00,29775.9,bear,2021-05-19T00:00:00+00:00|28688.0
2021-07-21T00:00:00+00:00,2021-07-21T23:59:59.999000+00:00,32120.0,bear,2021-05-19T00:00:00+00:00|28688.0
2021-07-22T00:00:00+00:00,2021-07-22T23:59:59.999000+00:00,32268.11,bear,2021-05-19T00:00:00+00:00|28688.0
2021-07-23T00:00:00+00:00,2021-07-23T23:59:59.999000+00:00,33634.46,bear,2021-05-19T00:00:00+00:00|28688.0
2021-07-24T00:00:00+00:00,2021-07-24T23:59:59.999000+00:00,34230.0,bear,2021-05-19T00:00:00+00:00|28688.0
2021-07-25T00:00:00+00:00,2021-07-25T23:59:59.999000+00:00,35370.66,bear,2021-05-19T00:00:00+00:00|28688.0
2021-07-26T00:00:00+00:00,2021-07-26T23:59:59.999000+00:00,37218.09,bull,2021-07-26T00:00:00+00:00|48168.6
2021-07-27T00:00:00+00:00,2021-07-27T23:59:59.999000+00:00,39442.33,bull,2021-04-14T00:00:00+00:00|64986.11
2021-07-28T00:00:00+00:00,2021-07-28T23:59:59.999000+00:00,40003.08,bull,2021-04-14T00:00:00+00:00|64986.11
2021-07-29T00:00:00+00:00,2021-07-29T23:59:59.999000+00:00,40012.9,bull,2021-04-14T00:00:00+00:00|64986.11
2021-07-30T00:00:00+00:00,2021-07-30T23:59:59.999000+00:00,42203.25,bull,2021-04-14T00:00:00+00:00|64986.11
2021-07-31T00:00:00+00:00,2021-07-31T23:59:59.999000+00:00,41448.11,bull,2021-04-14T00:00:00+00:00|64986.11
2021-08-01T00:00:00+00:00,2021-08-01T23:59:59.999000+00:00,39846.78,bull,2021-04-14T00:00:00+00:00|64986.11
2021-08-02T00:00:00+00:00,2021-08-02T23:59:59.999000+00:00,39147.48,bull,2021-04-14T00:00:00+00:00|64986.11
2021-08-03T00:00:00+00:00,2021-08-03T23:59:59.999000+00:00,38203.26,bull,2021-04-14T00:00:00+00:00|64986.11
2021-08-04T00:00:00+00:00,2021-08-04T23:59:59.999000+00:00,39731.31,bull,2021-04-14T00:00:00+00:00|64986.11
2021-08-05T00:00:00+00:00,2021-08-05T23:59:59.999000+00:00,40882.4,bull,2021-04-14T00:00:00+00:00|64986.11
2021-08-06T00:00:00+00:00,2021-08-06T23:59:59.999000+00:00,42825.43,bull,2021-04-14T00:00:00+00:00|64986.11
2021-08-07T00:00:00+00:00,2021-08-07T23:59:59.999000+00:00,44601.11,bull,2021-04-14T00:00:00+00:00|64986.11
2021-08-08T00:00:00+00:00,2021-08-08T23:59:59.999000+00:00,43787.71,bull,2021-04-14T00:00:00+00:00|64986.11
2021-08-09T00:00:00+00:00,2021-08-09T23:59:59.999000+00:00,46259.7,bull,2021-04-14T00:00:00+00:00|64986.11
2021-08-10T00:00:00+00:00,2021-08-10T23:59:59.999000+00:00,45589.99,bull,2021-04-14T00:00:00+00:00|64986.11
2021-08-11T00:00:00+00:00,2021-08-11T23:59:59.999000+00:00,45522.12,bull,2021-04-14T00:00:00+00:00|64986.11
2021-08-12T00:00:00+00:00,2021-08-12T23:59:59.999000+00:00,44385.09,bull,2021-04-14T00:00:00+00:00|64986.11
2021-08-13T00:00:00+00:00,2021-08-13T23:59:59.999000+00:00,47792.52,bull,2021-04-14T00:00:00+00:00|64986.11
2021-08-14T00:00:00+00:00,2021-08-14T23:59:59.999000+00:00,47083.74,bull,2021-04-14T00:00:00+00:00|64986.11
2021-08-15T00:00:00+00:00,2021-08-15T23:59:59.999000+00:00,47006.02,bull,2021-04-14T00:00:00+00:00|64986.11
2021-08-16T00:00:00+00:00,2021-08-16T23:59:59.999000+00:00,45926.23,bull,2021-04-14T00:00:00+00:00|64986.11
2021-08-17T00:00:00+00:00,2021-08-17T23:59:59.999000+00:00,44704.84,bull,2021-04-14T00:00:00+00:00|64986.11
2021-08-18T00:00:00+00:00,2021-08-18T23:59:59.999000+00:00,44714.09,bull,2021-04-14T00:00:00+00:00|64986.11
2021-08-19T00:00:00+00:00,2021-08-19T23:59:59.999000+00:00,46772.0,bull,2021-04-14T00:00:00+00:00|64986.11
2021-08-20T00:00:00+00:00,2021-08-20T23:59:59.999000+00:00,49332.74,bull,2021-04-14T00:00:00+00:00|64986.11
2021-08-21T00:00:00+00:00,2021-08-21T23:59:59.999000+00:00,48848.29,bull,2021-04-14T00:00:00+00:00|64986.11
2021-08-22T00:00:00+00:00,2021-08-22T23:59:59.999000+00:00,49273.28,bull,2021-04-14T00:00:00+00:00|64986.11
2021-08-23T00:00:00+00:00,2021-08-23T23:59:59.999000+00:00,49523.91,bull,2021-04-14T00:00:00+00:00|64986.11
2021-08-24T00:00:00+00:00,2021-08-24T23:59:59.999000+00:00,47719.36,bull,2021-04-14T00:00:00+00:00|64986.11
2021-08-25T00:00:00+00:00,2021-08-25T23:59:59.999000+00:00,48992.65,bull,2021-04-14T00:00:00+00:00|64986.11
2021-08-26T00:00:00+00:00,2021-08-26T23:59:59.999000+00:00,46853.06,bull,2021-04-14T00:00:00+00:00|64986.11
2021-08-27T00:00:00+00:00,2021-08-27T23:59:59.999000+00:00,49083.98,bull,2021-04-14T00:00:00+00:00|64986.11
2021-08-28T00:00:00+00:00,2021-08-28T23:59:59.999000+00:00,48931.99,bull,2021-04-14T00:00:00+00:00|64986.11
2021-08-29T00:00:00+00:00,2021-08-29T23:59:59.999000+00:00,48795.41,bull,2021-04-14T00:00:00+00:00|64986.11
2021-08-30T00:00:00+00:00,2021-08-30T23:59:59.999000+00:00,47024.7,bull,2021-04-14T00:00:00+00:00|64986.11
2021-08-31T00:00:00+00:00,2021-08-31T23:59:59.999000+00:00,47150.32,bull,2021-04-14T00:00:00+00:00|64986.11
2021-09-01T00:00:00+00:00,2021-09-01T23:59:59.999000+00:00,48842.94,bull,2021-04-14T00:00:00+00:00|64986.11
2021-09-02T00:00:00+00:00,2021-09-02T23:59:59.999000+00:00,49299.14,bull,2021-04-14T00:00:00+00:00|64986.11
2021-09-03T00:00:00+00:00,2021-09-03T23:59:59.999000+00:00,50027.08,bull,2021-04-14T00:00:00+00:00|64986.11
2021-09-04T00:00:00+00:00,2021-09-04T23:59:59.999000+00:00,49940.74,bull,2021-04-14T00:00:00+00:00|64986.11
2021-09-05T00:00:00+00:00,2021-09-05T23:59:59.999000+00:00,51799.57,bull,2021-04-14T00:00:00+00:00|64986.11
2021-09-06T00:00:00+00:00,2021-09-06T23:59:59.999000+00:00,52683.97,bull,2021-04-14T00:00:00+00:00|64986.11
2021-09-07T00:00:00+00:00,2021-09-07T23:59:59.999000+00:00,46864.39,bull,2021-04-14T00:00:00+00:00|64986.11
2021-09-08T00:00:00+00:00,2021-09-08T23:59:59.999000+00:00,46062.29,bull,2021-04-14T00:00:00+00:00|64986.11
2021-09-09T00:00:00+00:00,2021-09-09T23:59:59.999000+00:00,46413.88,bull,2021-04-14T00:00:00+00:00|64986.11
2021-09-10T00:00:00+00:00,2021-09-10T23:59:59.999000+00:00,44860.83,bull,2021-04-14T00:00:00+00:00|64986.11
2021-09-11T00:00:00+00:00,2021-09-11T23:59:59.999000+00:00,45193.78,bull,2021-04-14T00:00:00+00:00|64986.11
2021-09-12T00:00:00+00:00,2021-09-12T23:59:59.999000+00:00,46046.73,bull,2021-04-14T00:00:00+00:00|64986.11
2021-09-13T00:00:00+00:00,2021-09-13T23:59:59.999000+00:00,44975.96,bull,2021-04-14T00:00:00+00:00|64986.11
2021-09-14T00:00:00+00:00,2021-09-14T23:59:59.999000+00:00,47087.18,bull,2021-04-14T00:00:00+00:00|64986.11
2021-09-15T00:00:00+00:00,2021-09-15T23:59:59.999000+00:00,48106.12,bull,2021-04-14T00:00:00+00:00|64986.11
2021-09-16T00:00:00+00:00,2021-09-16T23:59:59.999000+00:00,47745.55,bull,2021-04-14T00:00:00+00:00|64986.11
2021-09-17T00:00:00+00:00,2021-09-17T23:59:59.999000+00:00,47303.11,bull,2021-04-14T00:00:00+00:00|64986.11
2021-09-18T00:00:00+00:00,2021-09-18T23:59:59.999000+00:00,48285.15,bull,2021-04-14T00:00:00+00:00|64986.11
2021-09-19T00:00:00+00:00,2021-09-19T23:59:59.999000+00:00,47256.91,bull,2021-04-14T00:00:00+00:00|64986.11
2021-09-20T00:00:00+00:00,2021-09-20T23:59:59.999000+00:00,43026.6,bull,2021-04-14T00:00:00+00:00|64986.11
2021-09-21T00:00:00+00:00,2021-09-21T23:59:59.999000+00:00,40726.1,bull,2021-04-14T00:00:00+00:00|64986.11
2021-09-22T00:00:00+00:00,2021-09-22T23:59:59.999000+00:00,43520.0,bull,2021-04-14T00:00:00+00:00|64986.11
2021-09-23T00:00:00+00:00,2021-09-23T23:59:59.999000+00:00,44828.29,bull,2021-04-14T00:00:00+00:00|64986.11
2021-09-24T00:00:00+00:00,2021-09-24T23:59:59.999000+00:00,42798.49,bull,2021-04-14T00:00:00+00:00|64986.11
2021-09-25T00:00:00+00:00,2021-09-25T23:59:59.999000+00:00,42651.58,bull,2021-04-14T00:00:00+00:00|64986.11
2021-09-26T00:00:00+00:00,2021-09-26T23:59:59.999000+00:00,43150.0,bull,2021-04-14T00:00:00+00:00|64986.11
2021-09-27T00:00:00+00:00,2021-09-27T23:59:59.999000+00:00,42122.69,bull,2021-04-14T00:00:00+00:00|64986.11
2021-09-28T00:00:00+00:00,2021-09-28T23:59:59.999000+00:00,41006.32,bull,2021-04-14T00:00:00+00:00|64986.11
2021-09-29T00:00:00+00:00,2021-09-29T23:59:59.999000+00:00,41499.71,bull,2021-04-14T00:00:00+00:00|64986.11
2021-09-30T00:00:00+00:00,2021-09-30T23:59:59.999000+00:00,43796.57,bull,2021-04-14T00:00:00+00:00|64986.11
2021-10-01T00:00:00+00:00,2021-10-01T23:59:59.999000+00:00,48123.94,bull,2021-04-14T00:00:00+00:00|64986.11
2021-10-02T00:00:00+00:00,2021-10-02T23:59:59.999000+00:00,47626.61,bull,2021-04-14T00:00:00+00:00|64986.11
2021-10-03T00:00:00+00:00,2021-10-03T23:59:59.999000+00:00,48187.3,bull,2021-04-14T00:00:00+00:00|64986.11
2021-10-04T00:00:00+00:00,2021-10-04T23:59:59.999000+00:00,49198.22,bull,2021-04-14T00:00:00+00:00|64986.11
2021-10-05T00:00:00+00:00,2021-10-05T23:59:59.999000+00:00,51455.12,bull,2021-04-14T00:00:00+00:00|64986.11
2021-10-06T00:00:00+00:00,2021-10-06T23:59:59.999000+00:00,55321.6,bull,2021-04-14T00:00:00+00:00|64986.11
2021-10-07T00:00:00+00:00,2021-10-07T23:59:59.999000+00:00,53814.99,bull,2021-04-14T00:00:00+00:00|64986.11
2021-10-08T00:00:00+00:00,2021-10-08T23:59:59.999000+00:00,53975.0,bull,2021-04-14T00:00:00+00:00|64986.11
2021-10-09T00:00:00+00:00,2021-10-09T23:59:59.999000+00:00,54960.77,bull,2021-04-14T00:00:00+00:00|64986.11
2021-10-10T00:00:00+00:00,2021-10-10T23:59:59.999000+00:00,54700.0,bull,2021-04-14T00:00:00+00:00|64986.11
2021-10-11T00:00:00+00:00,2021-10-11T23:59:59.999000+00:00,57500.01,bull,2021-04-14T00:00:00+00:00|64986.11
2021-10-12T00:00:00+00:00,2021-10-12T23:59:59.999000+00:00,56011.84,bull,2021-04-14T00:00:00+00:00|64986.11
2021-10-13T00:00:00+00:00,2021-10-13T23:59:59.999000+00:00,57393.65,bull,2021-04-14T00:00:00+00:00|64986.11
2021-10-14T00:00:00+00:00,2021-10-14T23:59:59.999000+00:00,57378.19,bull,2021-04-14T00:00:00+00:00|64986.11
2021-10-15T00:00:00+00:00,2021-10-15T23:59:59.999000+00:00,61702.33,bull,2021-04-14T00:00:00+00:00|64986.11
2021-10-16T00:00:00+00:00,2021-10-16T23:59:59.999000+00:00,60925.56,bull,2021-04-14T00:00:00+00:00|64986.11
2021-10-17T00:00:00+00:00,2021-10-17T23:59:59.999000+00:00,61571.45,bull,2021-04-14T00:00:00+00:00|64986.11
2021-10-18T00:00:00+00:00,2021-10-18T23:59:59.999000+00:00,62037.92,bull,2021-04-14T00:00:00+00:00|64986.11
2021-10-19T00:00:00+00:00,2021-10-19T23:59:59.999000+00:00,64316.7,bull,2021-04-14T00:00:00+00:00|64986.11
2021-10-20T00:00:00+00:00,2021-10-20T23:59:59.999000+00:00,66064.24,bull,2021-10-20T00:00:00+00:00|67150.0
2021-10-21T00:00:00+00:00,2021-10-21T23:59:59.999000+00:00,62260.33,bull,2021-10-20T00:00:00+00:00|67150.0
2021-10-22T00:00:00+00:00,2021-10-22T23:59:59.999000+00:00,60734.27,bull,2021-10-20T00:00:00+00:00|67150.0
2021-10-23T00:00:00+00:00,2021-10-23T23:59:59.999000+00:00,61325.11,bull,2021-10-20T00:00:00+00:00|67150.0
2021-10-24T00:00:00+00:00,2021-10-24T23:59:59.999000+00:00,60902.82,bull,2021-10-20T00:00:00+00:00|67150.0
2021-10-25T00:00:00+00:00,2021-10-25T23:59:59.999000+00:00,63127.04,bull,2021-10-20T00:00:00+00:00|67150.0
2021-10-26T00:00:00+00:00,2021-10-26T23:59:59.999000+00:00,60358.75,bull,2021-10-20T00:00:00+00:00|67150.0
2021-10-27T00:00:00+00:00,2021-10-27T23:59:59.999000+00:00,58449.36,bull,2021-10-20T00:00:00+00:00|67150.0
2021-10-28T00:00:00+00:00,2021-10-28T23:59:59.999000+00:00,60622.03,bull,2021-10-20T00:00:00+00:00|67150.0
2021-10-29T00:00:00+00:00,2021-10-29T23:59:59.999000+00:00,62308.22,bull,2021-10-20T00:00:00+00:00|67150.0
2021-10-30T00:00:00+00:00,2021-10-30T23:59:59.999000+00:00,61895.19,bull,2021-10-20T00:00:00+00:00|67150.0
2021-10-31T00:00:00+00:00,2021-10-31T23:59:59.999000+00:00,61348.61,bull,2021-10-20T00:00:00+00:00|67150.0
2021-11-01T00:00:00+00:00,2021-11-01T23:59:59.999000+00:00,60942.87,bull,2021-10-20T00:00:00+00:00|67150.0
2021-11-02T00:00:00+00:00,2021-11-02T23:59:59.999000+00:00,63266.69,bull,2021-10-20T00:00:00+00:00|67150.0
2021-11-03T00:00:00+00:00,2021-11-03T23:59:59.999000+00:00,62946.45,bull,2021-10-20T00:00:00+00:00|67150.0
2021-11-04T00:00:00+00:00,2021-11-04T23:59:59.999000+00:00,61431.86,bull,2021-10-20T00:00:00+00:00|67150.0
2021-11-05T00:00:00+00:00,2021-11-05T23:59:59.999000+00:00,61006.0,bull,2021-10-20T00:00:00+00:00|67150.0
2021-11-06T00:00:00+00:00,2021-11-06T23:59:59.999000+00:00,61511.3,bull,2021-10-20T00:00:00+00:00|67150.0
2021-11-07T00:00:00+00:00,2021-11-07T23:59:59.999000+00:00,63316.4,bull,2021-10-20T00:00:00+00:00|67150.0
2021-11-08T00:00:00+00:00,2021-11-08T23:59:59.999000+00:00,67606.96,bull,2021-11-08T00:00:00+00:00|67932.89
2021-11-09T00:00:00+00:00,2021-11-09T23:59:59.999000+00:00,67009.98,bull,2021-11-09T00:00:00+00:00|68675.16
2021-11-10T00:00:00+00:00,2021-11-10T23:59:59.999000+00:00,64920.13,bull,2021-11-10T00:00:00+00:00|69198.7
2021-11-11T00:00:00+00:00,2021-11-11T23:59:59.999000+00:00,64831.3,bull,2021-11-10T00:00:00+00:00|69198.7
2021-11-12T00:00:00+00:00,2021-11-12T23:59:59.999000+00:00,64156.08,bull,2021-11-10T00:00:00+00:00|69198.7
2021-11-13T00:00:00+00:00,2021-11-13T23:59:59.999000+00:00,64427.0,bull,2021-11-10T00:00:00+00:00|69198.7
2021-11-14T00:00:00+00:00,2021-11-14T23:59:59.999000+00:00,65568.39,bull,2021-11-10T00:00:00+00:00|69198.7
2021-11-15T00:00:00+00:00,2021-11-15T23:59:59.999000+00:00,63654.49,bull,2021-11-10T00:00:00+00:00|69198.7
2021-11-16T00:00:00+00:00,2021-11-16T23:59:59.999000+00:00,60106.03,bull,2021-11-10T00:00:00+00:00|69198.7
2021-11-17T00:00:00+00:00,2021-11-17T23:59:59.999000+00:00,60366.96,bull,2021-11-10T00:00:00+00:00|69198.7
2021-11-18T00:00:00+00:00,2021-11-18T23:59:59.999000+00:00,56921.05,bull,2021-11-10T00:00:00+00:00|69198.7
2021-11-19T00:00:00+00:00,2021-11-19T23:59:59.999000+00:00,58069.51,bull,2021-11-10T00:00:00+00:00|69198.7
2021-11-20T00:00:00+00:00,2021-11-20T23:59:59.999000+00:00,59716.29,bull,2021-11-10T00:00:00+00:00|69198.7
2021-11-21T00:00:00+00:00,2021-11-21T23:59:59.999000+00:00,58661.39,bull,2021-11-10T00:00:00+00:00|69198.7
2021-11-22T00:00:00+00:00,2021-11-22T23:59:59.999000+00:00,56268.31,bull,2021-11-10T00:00:00+00:00|69198.7
2021-11-23T00:00:00+00:00,2021-11-23T23:59:59.999000+00:00,57574.23,bull,2021-11-10T00:00:00+00:00|69198.7
2021-11-24T00:00:00+00:00,2021-11-24T23:59:59.999000+00:00,57165.08,bull,2021-11-10T00:00:00+00:00|69198.7
2021-11-25T00:00:00+00:00,2021-11-25T23:59:59.999000+00:00,58988.21,bull,2021-11-10T00:00:00+00:00|69198.7
2021-11-26T00:00:00+00:00,2021-11-26T23:59:59.999000+00:00,53755.65,bull,2021-11-10T00:00:00+00:00|69198.7
2021-11-27T00:00:00+00:00,2021-11-27T23:59:59.999000+00:00,54738.77,bull,2021-11-10T00:00:00+00:00|69198.7
2021-11-28T00:00:00+00:00,2021-11-28T23:59:59.999000+00:00,57315.73,bull,2021-11-10T00:00:00+00:00|69198.7
2021-11-29T00:00:00+00:00,2021-11-29T23:59:59.999000+00:00,57827.98,bull,2021-11-10T00:00:00+00:00|69198.7
2021-11-30T00:00:00+00:00,2021-11-30T23:59:59.999000+00:00,56975.0,bull,2021-11-10T00:00:00+00:00|69198.7
2021-12-01T00:00:00+00:00,2021-12-01T23:59:59.999000+00:00,57209.29,bull,2021-11-10T00:00:00+00:00|69198.7
2021-12-02T00:00:00+00:00,2021-12-02T23:59:59.999000+00:00,56513.57,bull,2021-11-10T00:00:00+00:00|69198.7
2021-12-03T00:00:00+00:00,2021-12-03T23:59:59.999000+00:00,53612.0,bull,2021-11-10T00:00:00+00:00|69198.7
2021-12-04T00:00:00+00:00,2021-12-04T23:59:59.999000+00:00,49135.66,bull,2021-11-10T00:00:00+00:00|69198.7
2021-12-05T00:00:00+00:00,2021-12-05T23:59:59.999000+00:00,49376.6,bull,2021-11-10T00:00:00+00:00|69198.7
2021-12-06T00:00:00+00:00,2021-12-06T23:59:59.999000+00:00,50424.72,bull,2021-11-10T00:00:00+00:00|69198.7
2021-12-07T00:00:00+00:00,2021-12-07T23:59:59.999000+00:00,50577.2,bull,2021-11-10T00:00:00+00:00|69198.7
2021-12-08T00:00:00+00:00,2021-12-08T23:59:59.999000+00:00,50455.61,bull,2021-11-10T00:00:00+00:00|69198.7
2021-12-09T00:00:00+00:00,2021-12-09T23:59:59.999000+00:00,47539.76,bull,2021-11-10T00:00:00+00:00|69198.7
2021-12-10T00:00:00+00:00,2021-12-10T23:59:59.999000+00:00,47136.35,bull,2021-11-10T00:00:00+00:00|69198.7
2021-12-11T00:00:00+00:00,2021-12-11T23:59:59.999000+00:00,49381.15,bull,2021-11-10T00:00:00+00:00|69198.7
2021-12-12T00:00:00+00:00,2021-12-12T23:59:59.999000+00:00,50057.01,bull,2021-11-10T00:00:00+00:00|69198.7
2021-12-13T00:00:00+00:00,2021-12-13T23:59:59.999000+00:00,46679.93,bull,2021-11-10T00:00:00+00:00|69198.7
2021-12-14T00:00:00+00:00,2021-12-14T23:59:59.999000+00:00,48324.04,bull,2021-11-10T00:00:00+00:00|69198.7
2021-12-15T00:00:00+00:00,2021-12-15T23:59:59.999000+00:00,48870.48,bull,2021-11-10T00:00:00+00:00|69198.7
2021-12-16T00:00:00+00:00,2021-12-16T23:59:59.999000+00:00,47624.5,bull,2021-11-10T00:00:00+00:00|69198.7
2021-12-17T00:00:00+00:00,2021-12-17T23:59:59.999000+00:00,46125.33,bull,2021-11-10T00:00:00+00:00|69198.7
2021-12-18T00:00:00+00:00,2021-12-18T23:59:59.999000+00:00,46815.99,bull,2021-11-10T00:00:00+00:00|69198.7
2021-12-19T00:00:00+00:00,2021-12-19T23:59:59.999000+00:00,46668.63,bull,2021-11-10T00:00:00+00:00|69198.7
2021-12-20T00:00:00+00:00,2021-12-20T23:59:59.999000+00:00,46898.14,bull,2021-11-10T00:00:00+00:00|69198.7
2021-12-21T00:00:00+00:00,2021-12-21T23:59:59.999000+00:00,48875.15,bull,2021-11-10T00:00:00+00:00|69198.7
2021-12-22T00:00:00+00:00,2021-12-22T23:59:59.999000+00:00,48569.69,bull,2021-11-10T00:00:00+00:00|69198.7
2021-12-23T00:00:00+00:00,2021-12-23T23:59:59.999000+00:00,50817.92,bull,2021-11-10T00:00:00+00:00|69198.7
2021-12-24T00:00:00+00:00,2021-12-24T23:59:59.999000+00:00,50808.55,bull,2021-11-10T00:00:00+00:00|69198.7
2021-12-25T00:00:00+00:00,2021-12-25T23:59:59.999000+00:00,50403.64,bull,2021-11-10T00:00:00+00:00|69198.7
2021-12-26T00:00:00+00:00,2021-12-26T23:59:59.999000+00:00,50765.73,bull,2021-11-10T00:00:00+00:00|69198.7
2021-12-27T00:00:00+00:00,2021-12-27T23:59:59.999000+00:00,50707.72,bull,2021-11-10T00:00:00+00:00|69198.7
2021-12-28T00:00:00+00:00,2021-12-28T23:59:59.999000+00:00,47522.03,bull,2021-11-10T00:00:00+00:00|69198.7
2021-12-29T00:00:00+00:00,2021-12-29T23:59:59.999000+00:00,46436.54,bull,2021-11-10T00:00:00+00:00|69198.7
2021-12-30T00:00:00+00:00,2021-12-30T23:59:59.999000+00:00,47095.02,bull,2021-11-10T00:00:00+00:00|69198.7
2021-12-31T00:00:00+00:00,2021-12-31T23:59:59.999000+00:00,46210.56,bull,2021-11-10T00:00:00+00:00|69198.7
2022-01-01T00:00:00+00:00,2022-01-01T23:59:59.999000+00:00,47704.35,bull,2021-11-10T00:00:00+00:00|69198.7
2022-01-02T00:00:00+00:00,2022-01-02T23:59:59.999000+00:00,47280.0,bull,2021-11-10T00:00:00+00:00|69198.7
2022-01-03T00:00:00+00:00,2022-01-03T23:59:59.999000+00:00,46445.81,bull,2021-11-10T00:00:00+00:00|69198.7
2022-01-04T00:00:00+00:00,2022-01-04T23:59:59.999000+00:00,45833.42,bull,2021-11-10T00:00:00+00:00|69198.7
2022-01-05T00:00:00+00:00,2022-01-05T23:59:59.999000+00:00,43421.69,bull,2021-11-10T00:00:00+00:00|69198.7
2022-01-06T00:00:00+00:00,2022-01-06T23:59:59.999000+00:00,43080.01,bull,2021-11-10T00:00:00+00:00|69198.7
2022-01-07T00:00:00+00:00,2022-01-07T23:59:59.999000+00:00,41553.86,bull,2021-11-10T00:00:00+00:00|69198.7
2022-01-08T00:00:00+00:00,2022-01-08T23:59:59.999000+00:00,41688.05,bull,2021-11-10T00:00:00+00:00|69198.7
2022-01-09T00:00:00+00:00,2022-01-09T23:59:59.999000+00:00,41851.22,bull,2021-11-10T00:00:00+00:00|69198.7
2022-01-10T00:00:00+00:00,2022-01-10T23:59:59.999000+00:00,41801.55,bull,2021-11-10T00:00:00+00:00|69198.7
2022-01-11T00:00:00+00:00,2022-01-11T23:59:59.999000+00:00,42700.68,bull,2021-11-10T00:00:00+00:00|69198.7
2022-01-12T00:00:00+00:00,2022-01-12T23:59:59.999000+00:00,43880.72,bull,2021-11-10T00:00:00+00:00|69198.7
2022-01-13T00:00:00+00:00,2022-01-13T23:59:59.999000+00:00,42534.32,bull,2021-11-10T00:00:00+00:00|69198.7
2022-01-14T00:00:00+00:00,2022-01-14T23:59:59.999000+00:00,43042.4,bull,2021-11-10T00:00:00+00:00|69198.7
2022-01-15T00:00:00+00:00,2022-01-15T23:59:59.999000+00:00,43070.51,bull,2021-11-10T00:00:00+00:00|69198.7
2022-01-16T00:00:00+00:00,2022-01-16T23:59:59.999000+00:00,43060.66,bull,2021-11-10T00:00:00+00:00|69198.7
2022-01-17T00:00:00+00:00,2022-01-17T23:59:59.999000+00:00,42176.34,bull,2021-11-10T00:00:00+00:00|69198.7
2022-01-18T00:00:00+00:00,2022-01-18T23:59:59.999000+00:00,42337.58,bull,2021-11-10T00:00:00+00:00|69198.7
2022-01-19T00:00:00+00:00,2022-01-19T23:59:59.999000+00:00,41657.89,bull,2021-11-10T00:00:00+00:00|69198.7
2022-01-20T00:00:00+00:00,2022-01-20T23:59:59.999000+00:00,40661.69,bull,2021-11-10T00:00:00+00:00|69198.7
2022-01-21T00:00:00+00:00,2022-01-21T23:59:59.999000+00:00,36425.98,bull,2021-11-10T00:00:00+00:00|69198.7
2022-01-22T00:00:00+00:00,2022-01-22T23:59:59.999000+00:00,35043.73,bull,2021-11-10T00:00:00+00:00|69198.7
2022-01-23T00:00:00+00:00,2022-01-23T23:59:59.999000+00:00,36230.01,bull,2021-11-10T00:00:00+00:00|69198.7
2022-01-24T00:00:00+00:00,2022-01-24T23:59:59.999000+00:00,36648.31,bull,2021-11-10T00:00:00+00:00|69198.7
2022-01-25T00:00:00+00:00,2022-01-25T23:59:59.999000+00:00,36934.26,bull,2021-11-10T00:00:00+00:00|69198.7
2022-01-26T00:00:00+00:00,2022-01-26T23:59:59.999000+00:00,36787.43,bull,2021-11-10T00:00:00+00:00|69198.7
2022-01-27T00:00:00+00:00,2022-01-27T23:59:59.999000+00:00,37131.0,bull,2021-11-10T00:00:00+00:00|69198.7
2022-01-28T00:00:00+00:00,2022-01-28T23:59:59.999000+00:00,37696.21,bull,2021-11-10T00:00:00+00:00|69198.7
2022-01-29T00:00:00+00:00,2022-01-29T23:59:59.999000+00:00,38150.01,bull,2021-11-10T00:00:00+00:00|69198.7
2022-01-30T00:00:00+00:00,2022-01-30T23:59:59.999000+00:00,37870.01,bull,2021-11-10T00:00:00+00:00|69198.7
2022-01-31T00:00:00+00:00,2022-01-31T23:59:59.999000+00:00,38439.04,bull,2021-11-10T00:00:00+00:00|69198.7
2022-02-01T00:00:00+00:00,2022-02-01T23:59:59.999000+00:00,38680.51,bull,2021-11-10T00:00:00+00:00|69198.7
2022-02-02T00:00:00+00:00,2022-02-02T23:59:59.999000+00:00,36892.03,bull,2021-11-10T00:00:00+00:00|69198.7
2022-02-03T00:00:00+00:00,2022-02-03T23:59:59.999000+00:00,37289.86,bull,2021-11-10T00:00:00+00:00|69198.7
2022-02-04T00:00:00+00:00,2022-02-04T23:59:59.999000+00:00,41550.0,bull,2021-11-10T00:00:00+00:00|69198.7
2022-02-05T00:00:00+00:00,2022-02-05T23:59:59.999000+00:00,41374.69,bull,2021-11-10T00:00:00+00:00|69198.7
2022-02-06T00:00:00+00:00,2022-02-06T23:59:59.999000+00:00,42361.35,bull,2021-11-10T00:00:00+00:00|69198.7
2022-02-07T00:00:00+00:00,2022-02-07T23:59:59.999000+00:00,43829.99,bull,2021-11-10T00:00:00+00:00|69198.7
2022-02-08T00:00:00+00:00,2022-02-08T23:59:59.999000+00:00,44021.57,bull,2021-11-10T00:00:00+00:00|69198.7
2022-02-09T00:00:00+00:00,2022-02-09T23:59:59.999000+00:00,44358.08,bull,2021-11-10T00:00:00+00:00|69198.7
2022-02-10T00:00:00+00:00,2022-02-10T23:59:59.999000+00:00,43471.29,bull,2021-11-10T00:00:00+00:00|69198.7
2022-02-11T00:00:00+00:00,2022-02-11T23:59:59.999000+00:00,42366.0,bull,2021-11-10T00:00:00+00:00|69198.7
2022-02-12T00:00:00+00:00,2022-02-12T23:59:59.999000+00:00,42199.87,bull,2021-11-10T00:00:00+00:00|69198.7
2022-02-13T00:00:00+00:00,2022-02-13T23:59:59.999000+00:00,42041.13,bull,2021-11-10T00:00:00+00:00|69198.7
2022-02-14T00:00:00+00:00,2022-02-14T23:59:59.999000+00:00,42525.14,bull,2021-11-10T00:00:00+00:00|69198.7
2022-02-15T00:00:00+00:00,2022-02-15T23:59:59.999000+00:00,44529.6,bull,2021-11-10T00:00:00+00:00|69198.7
2022-02-16T00:00:00+00:00,2022-02-16T23:59:59.999000+00:00,43860.7,bull,2021-11-10T00:00:00+00:00|69198.7
2022-02-17T00:00:00+00:00,2022-02-17T23:59:59.999000+00:00,40491.7,bull,2021-11-10T00:00:00+00:00|69198.7
2022-02-18T00:00:00+00:00,2022-02-18T23:59:59.999000+00:00,39966.8,bull,2021-11-10T00:00:00+00:00|69198.7
2022-02-19T00:00:00+00:00,2022-02-19T23:59:59.999000+00:00,40052.6,bull,2021-11-10T00:00:00+00:00|69198.7
2022-02-20T00:00:00+00:00,2022-02-20T23:59:59.999000+00:00,38368.1,bull,2021-11-10T00:00:00+00:00|69198.7
2022-02-21T00:00:00+00:00,2022-02-21T23:59:59.999000+00:00,36986.4,bull,2021-11-10T00:00:00+00:00|69198.7
2022-02-22T00:00:00+00:00,2022-02-22T23:59:59.999000+00:00,38212.0,bull,2021-11-10T00:00:00+00:00|69198.7
2022-02-23T00:00:00+00:00,2022-02-23T23:59:59.999000+00:00,37227.8,bull,2021-11-10T00:00:00+00:00|69198.7
2022-02-24T00:00:00+00:00,2022-02-24T23:59:59.999000+00:00,38315.1,bull,2021-11-10T00:00:00+00:00|69198.7
2022-02-25T00:00:00+00:00,2022-02-25T23:59:59.999000+00:00,39205.4,bull,2021-11-10T00:00:00+00:00|69198.7
2022-02-26T00:00:00+00:00,2022-02-26T23:59:59.999000+00:00,39099.3,bull,2021-11-10T00:00:00+00:00|69198.7
2022-02-27T00:00:00+00:00,2022-02-27T23:59:59.999000+00:00,37672.0,bull,2021-11-10T00:00:00+00:00|69198.7
2022-02-28T00:00:00+00:00,2022-02-28T23:59:59.999000+00:00,43155.0,bull,2021-11-10T00:00:00+00:00|69198.7
2022-03-01T00:00:00+00:00,2022-03-01T23:59:59.999000+00:00,44394.1,bull,2021-11-10T00:00:00+00:00|69198.7
2022-03-02T00:00:00+00:00,2022-03-02T23:59:59.999000+00:00,43885.7,bull,2021-11-10T00:00:00+00:00|69198.7
2022-03-03T00:00:00+00:00,2022-03-03T23:59:59.999000+00:00,42449.5,bull,2021-11-10T00:00:00+00:00|69198.7
2022-03-04T00:00:00+00:00,2022-03-04T23:59:59.999000+00:00,39127.7,bull,2021-11-10T00:00:00+00:00|69198.7
2022-03-05T00:00:00+00:00,2022-03-05T23:59:59.999000+00:00,39375.1,bull,2021-11-10T00:00:00+00:00|69198.7
2022-03-06T00:00:00+00:00,2022-03-06T23:59:59.999000+00:00,38401.1,bull,2021-11-10T00:00:00+00:00|69198.7
2022-03-07T00:00:00+00:00,2022-03-07T23:59:59.999000+00:00,37963.8,bull,2021-11-10T00:00:00+00:00|69198.7
2022-03-08T00:00:00+00:00,2022-03-08T23:59:59.999000+00:00,38709.9,bull,2021-11-10T00:00:00+00:00|69198.7
2022-03-09T00:00:00+00:00,2022-03-09T23:59:59.999000+00:00,41937.5,bull,2021-11-10T00:00:00+00:00|69198.7
2022-03-10T00:00:00+00:00,2022-03-10T23:59:59.999000+00:00,39407.2,bull,2021-11-10T00:00:00+00:00|69198.7
2022-03-11T00:00:00+00:00,2022-03-11T23:59:59.999000+00:00,38713.0,bull,2021-11-10T00:00:00+00:00|69198.7
2022-03-12T00:00:00+00:00,2022-03-12T23:59:59.999000+00:00,38792.6,bull,2021-11-10T00:00:00+00:00|69198.7
2022-03-13T00:00:00+00:00,2022-03-13T23:59:59.999000+00:00,37743.7,bull,2021-11-10T00:00:00+00:00|69198.7
2022-03-14T00:00:00+00:00,2022-03-14T23:59:59.999000+00:00,39653.8,bull,2021-11-10T00:00:00+00:00|69198.7
2022-03-15T00:00:00+00:00,2022-03-15T23:59:59.999000+00:00,39271.0,bull,2021-11-10T00:00:00+00:00|69198.7
2022-03-16T00:00:00+00:00,2022-03-16T23:59:59.999000+00:00,41105.8,bull,2021-11-10T00:00:00+00:00|69198.7
2022-03-17T00:00:00+00:00,2022-03-17T23:59:59.999000+00:00,40898.1,bull,2021-11-10T00:00:00+00:00|69198.7
2022-03-18T00:00:00+00:00,2022-03-18T23:59:59.999000+00:00,41751.5,bull,2021-11-10T00:00:00+00:00|69198.7
2022-03-19T00:00:00+00:00,2022-03-19T23:59:59.999000+00:00,42188.2,bull,2021-11-10T00:00:00+00:00|69198.7
2022-03-20T00:00:00+00:00,2022-03-20T23:59:59.999000+00:00,41261.0,bull,2021-11-10T00:00:00+00:00|69198.7
2022-03-21T00:00:00+00:00,2022-03-21T23:59:59.999000+00:00,40982.0,bull,2021-11-10T00:00:00+00:00|69198.7
2022-03-22T00:00:00+00:00,2022-03-22T23:59:59.999000+00:00,42349.8,bull,2021-11-10T00:00:00+00:00|69198.7
2022-03-23T00:00:00+00:00,2022-03-23T23:59:59.999000+00:00,42867.9,bull,2021-11-10T00:00:00+00:00|69198.7
2022-03-24T00:00:00+00:00,2022-03-24T23:59:59.999000+00:00,43973.4,bull,2021-11-10T00:00:00+00:00|69198.7
2022-03-25T00:00:00+00:00,2022-03-25T23:59:59.999000+00:00,44290.6,bull,2021-11-10T00:00:00+00:00|69198.7
2022-03-26T00:00:00+00:00,2022-03-26T23:59:59.999000+00:00,44489.2,bull,2021-11-10T00:00:00+00:00|69198.7
2022-03-27T00:00:00+00:00,2022-03-27T23:59:59.999000+00:00,46820.8,bull,2021-11-10T00:00:00+00:00|69198.7
2022-03-28T00:00:00+00:00,2022-03-28T23:59:59.999000+00:00,47121.9,bull,2021-11-10T00:00:00+00:00|69198.7
2022-03-29T00:00:00+00:00,2022-03-29T23:59:59.999000+00:00,47418.5,bull,2021-11-10T00:00:00+00:00|69198.7
2022-03-30T00:00:00+00:00,2022-03-30T23:59:59.999000+00:00,47053.2,bull,2021-11-10T00:00:00+00:00|69198.7
2022-03-31T00:00:00+00:00,2022-03-31T23:59:59.999000+00:00,45506.0,bull,2021-11-10T00:00:00+00:00|69198.7
2022-04-01T00:00:00+00:00,2022-04-01T23:59:59.999000+00:00,46266.2,bull,2021-11-10T00:00:00+00:00|69198.7
2022-04-02T00:00:00+00:00,2022-04-02T23:59:59.999000+00:00,45794.6,bull,2021-11-10T00:00:00+00:00|69198.7
2022-04-03T00:00:00+00:00,2022-04-03T23:59:59.999000+00:00,46392.4,bull,2021-11-10T00:00:00+00:00|69198.7
2022-04-04T00:00:00+00:00,2022-04-04T23:59:59.999000+00:00,46580.9,bull,2021-11-10T00:00:00+00:00|69198.7
2022-04-05T00:00:00+00:00,2022-04-05T23:59:59.999000+00:00,45477.4,bull,2021-11-10T00:00:00+00:00|69198.7
2022-04-06T00:00:00+00:00,2022-04-06T23:59:59.999000+00:00,43159.7,bull,2021-11-10T00:00:00+00:00|69198.7
2022-04-07T00:00:00+00:00,2022-04-07T23:59:59.999000+00:00,43417.1,bull,2021-11-10T00:00:00+00:00|69198.7
2022-04-08T00:00:00+00:00,2022-04-08T23:59:59.999000+00:00,42229.2,bull,2021-11-10T00:00:00+00:00|69198.7
2022-04-09T00:00:00+00:00,2022-04-09T23:59:59.999000+00:00,42727.7,bull,2021-11-10T00:00:00+00:00|69198.7
2022-04-10T00:00:00+00:00,2022-04-10T23:59:59.999000+00:00,42140.4,bull,2021-11-10T00:00:00+00:00|69198.7
2022-04-11T00:00:00+00:00,2022-04-11T23:59:59.999000+00:00,39505.6,bull,2021-11-10T00:00:00+00:00|69198.7
2022-04-12T00:00:00+00:00,2022-04-12T23:59:59.999000+00:00,40060.7,bull,2021-11-10T00:00:00+00:00|69198.7
2022-04-13T00:00:00+00:00,2022-04-13T23:59:59.999000+00:00,41129.8,bull,2021-11-10T00:00:00+00:00|69198.7
2022-04-14T00:00:00+00:00,2022-04-14T23:59:59.999000+00:00,39915.9,bull,2021-11-10T00:00:00+00:00|69198.7
2022-04-15T00:00:00+00:00,2022-04-15T23:59:59.999000+00:00,40529.5,bull,2021-11-10T00:00:00+00:00|69198.7
2022-04-16T00:00:00+00:00,2022-04-16T23:59:59.999000+00:00,40361.0,bull,2021-11-10T00:00:00+00:00|69198.7
2022-04-17T00:00:00+00:00,2022-04-17T23:59:59.999000+00:00,39649.1,bull,2021-11-10T00:00:00+00:00|69198.7
2022-04-18T00:00:00+00:00,2022-04-18T23:59:59.999000+00:00,40785.6,bull,2021-11-10T00:00:00+00:00|69198.7
2022-04-19T00:00:00+00:00,2022-04-19T23:59:59.999000+00:00,41472.9,bull,2021-11-10T00:00:00+00:00|69198.7
2022-04-20T00:00:00+00:00,2022-04-20T23:59:59.999000+00:00,41327.7,bull,2021-11-10T00:00:00+00:00|69198.7
2022-04-21T00:00:00+00:00,2022-04-21T23:59:59.999000+00:00,40449.8,bull,2021-11-10T00:00:00+00:00|69198.7
2022-04-22T00:00:00+00:00,2022-04-22T23:59:59.999000+00:00,39674.2,bull,2021-11-10T00:00:00+00:00|69198.7
2022-04-23T00:00:00+00:00,2022-04-23T23:59:59.999000+00:00,39415.1,bull,2021-11-10T00:00:00+00:00|69198.7
2022-04-24T00:00:00+00:00,2022-04-24T23:59:59.999000+00:00,39433.4,bull,2021-11-10T00:00:00+00:00|69198.7
2022-04-25T00:00:00+00:00,2022-04-25T23:59:59.999000+00:00,40411.0,bull,2021-11-10T00:00:00+00:00|69198.7
2022-04-26T00:00:00+00:00,2022-04-26T23:59:59.999000+00:00,38093.7,bull,2021-11-10T00:00:00+00:00|69198.7
2022-04-27T00:00:00+00:00,2022-04-27T23:59:59.999000+00:00,39209.0,bull,2021-11-10T00:00:00+00:00|69198.7
2022-04-28T00:00:00+00:00,2022-04-28T23:59:59.999000+00:00,39732.5,bull,2021-11-10T00:00:00+00:00|69198.7
2022-04-29T00:00:00+00:00,2022-04-29T23:59:59.999000+00:00,38572.2,bull,2021-11-10T00:00:00+00:00|69198.7
2022-04-30T00:00:00+00:00,2022-04-30T23:59:59.999000+00:00,37614.5,bull,2021-11-10T00:00:00+00:00|69198.7
2022-05-01T00:00:00+00:00,2022-05-01T23:59:59.999000+00:00,38440.5,bull,2021-11-10T00:00:00+00:00|69198.7
2022-05-02T00:00:00+00:00,2022-05-02T23:59:59.999000+00:00,38525.6,bull,2021-11-10T00:00:00+00:00|69198.7
2022-05-03T00:00:00+00:00,2022-05-03T23:59:59.999000+00:00,37712.9,bull,2021-11-10T00:00:00+00:00|69198.7
2022-05-04T00:00:00+00:00,2022-05-04T23:59:59.999000+00:00,39684.0,bull,2021-11-10T00:00:00+00:00|69198.7
2022-05-05T00:00:00+00:00,2022-05-05T23:59:59.999000+00:00,36534.7,bear,2022-05-05T00:00:00+00:00|35388.0
2022-05-06T00:00:00+00:00,2022-05-06T23:59:59.999000+00:00,35995.3,bear,2022-05-06T00:00:00+00:00|35200.0
2022-05-07T00:00:00+00:00,2022-05-07T23:59:59.999000+00:00,35466.7,bear,2022-05-07T00:00:00+00:00|34700.0
2022-05-08T00:00:00+00:00,2022-05-08T23:59:59.999000+00:00,34032.0,bear,2022-05-08T00:00:00+00:00|33665.0
2022-05-09T00:00:00+00:00,2022-05-09T23:59:59.999000+00:00,30056.6,bear,2022-05-09T00:00:00+00:00|30003.6
2022-05-10T00:00:00+00:00,2022-05-10T23:59:59.999000+00:00,31002.1,bear,2022-05-10T00:00:00+00:00|29701.4
2022-05-11T00:00:00+00:00,2022-05-11T23:59:59.999000+00:00,29074.7,bear,2022-05-11T00:00:00+00:00|27651.0
2022-05-12T00:00:00+00:00,2022-05-12T23:59:59.999000+00:00,29020.7,bear,2022-05-12T00:00:00+00:00|26631.0
2022-05-13T00:00:00+00:00,2022-05-13T23:59:59.999000+00:00,29274.3,bear,2022-05-12T00:00:00+00:00|26631.0
2022-05-14T00:00:00+00:00,2022-05-14T23:59:59.999000+00:00,30079.8,bear,2022-05-12T00:00:00+00:00|26631.0
2022-05-15T00:00:00+00:00,2022-05-15T23:59:59.999000+00:00,31324.4,bear,2022-05-12T00:00:00+00:00|26631.0
2022-05-16T00:00:00+00:00,2022-05-16T23:59:59.999000+00:00,29866.7,bear,2022-05-12T00:00:00+00:00|26631.0
2022-05-17T00:00:00+00:00,2022-05-17T23:59:59.999000+00:00,30437.0,bear,2022-05-12T00:00:00+00:00|26631.0
2022-05-18T00:00:00+00:00,2022-05-18T23:59:59.999000+00:00,28700.6,bear,2022-05-12T00:00:00+00:00|26631.0
2022-05-19T00:00:00+00:00,2022-05-19T23:59:59.999000+00:00,30319.9,bear,2022-05-12T00:00:00+00:00|26631.0
2022-05-20T00:00:00+00:00,2022-05-20T23:59:59.999000+00:00,29188.9,bear,2022-05-12T00:00:00+00:00|26631.0
2022-05-21T00:00:00+00:00,2022-05-21T23:59:59.999000+00:00,29427.4,bear,2022-05-12T00:00:00+00:00|26631.0
2022-05-22T00:00:00+00:00,2022-05-22T23:59:59.999000+00:00,30284.0,bear,2022-05-12T00:00:00+00:00|26631.0
2022-05-23T00:00:00+00:00,2022-05-23T23:59:59.999000+00:00,29097.7,bear,2022-05-12T00:00:00+00:00|26631.0
2022-05-24T00:00:00+00:00,2022-05-24T23:59:59.999000+00:00,29643.1,bear,2022-05-12T00:00:00+00:00|26631.0
2022-05-25T00:00:00+00:00,2022-05-25T23:59:59.999000+00:00,29536.7,bear,2022-05-12T00:00:00+00:00|26631.0
2022-05-26T00:00:00+00:00,2022-05-26T23:59:59.999000+00:00,29194.0,bear,2022-05-12T00:00:00+00:00|26631.0
2022-05-27T00:00:00+00:00,2022-05-27T23:59:59.999000+00:00,28623.2,bear,2022-05-12T00:00:00+00:00|26631.0
2022-05-28T00:00:00+00:00,2022-05-28T23:59:59.999000+00:00,29018.8,bear,2022-05-12T00:00:00+00:00|26631.0
2022-05-29T00:00:00+00:00,2022-05-29T23:59:59.999000+00:00,29452.8,bear,2022-05-12T00:00:00+00:00|26631.0
2022-05-30T00:00:00+00:00,2022-05-30T23:59:59.999000+00:00,31726.5,bear,2022-05-12T00:00:00+00:00|26631.0
2022-05-31T00:00:00+00:00,2022-05-31T23:59:59.999000+00:00,31797.8,bear,2022-05-12T00:00:00+00:00|26631.0
2022-06-01T00:00:00+00:00,2022-06-01T23:59:59.999000+00:00,29796.9,bear,2022-05-12T00:00:00+00:00|26631.0
2022-06-02T00:00:00+00:00,2022-06-02T23:59:59.999000+00:00,30437.1,bear,2022-05-12T00:00:00+00:00|26631.0
2022-06-03T00:00:00+00:00,2022-06-03T23:59:59.999000+00:00,29682.8,bear,2022-05-12T00:00:00+00:00|26631.0
2022-06-04T00:00:00+00:00,2022-06-04T23:59:59.999000+00:00,29848.4,bear,2022-05-12T00:00:00+00:00|26631.0
2022-06-05T00:00:00+00:00,2022-06-05T23:59:59.999000+00:00,29909.9,bear,2022-05-12T00:00:00+00:00|26631.0
2022-06-06T00:00:00+00:00,2022-06-06T23:59:59.999000+00:00,31361.2,bear,2022-05-12T00:00:00+00:00|26631.0
2022-06-07T00:00:00+00:00,2022-06-07T23:59:59.999000+00:00,31118.1,bear,2022-05-12T00:00:00+00:00|26631.0
2022-06-08T00:00:00+00:00,2022-06-08T23:59:59.999000+00:00,30192.5,bear,2022-05-12T00:00:00+00:00|26631.0
2022-06-09T00:00:00+00:00,2022-06-09T23:59:59.999000+00:00,30093.3,bear,2022-05-12T00:00:00+00:00|26631.0
2022-06-10T00:00:00+00:00,2022-06-10T23:59:59.999000+00:00,29077.7,bear,2022-05-12T00:00:00+00:00|26631.0
2022-06-11T00:00:00+00:00,2022-06-11T23:59:59.999000+00:00,28416.7,bear,2022-05-12T00:00:00+00:00|26631.0
2022-06-12T00:00:00+00:00,2022-06-12T23:59:59.999000+00:00,26564.7,bear,2022-06-12T00:00:00+00:00|26538.7
2022-06-13T00:00:00+00:00,2022-06-13T23:59:59.999000+00:00,22471.5,bear,2022-06-13T00:00:00+00:00|21900.0
2022-06-14T00:00:00+00:00,2022-06-14T23:59:59.999000+00:00,22122.7,bear,2022-06-14T00:00:00+00:00|20823.0
2022-06-15T00:00:00+00:00,2022-06-15T23:59:59.999000+00:00,22567.5,bear,2022-06-15T00:00:00+00:00|20100.2
2022-06-16T00:00:00+00:00,2022-06-16T23:59:59.999000+00:00,20387.4,bear,2022-06-15T00:00:00+00:00|20100.2
2022-06-17T00:00:00+00:00,2022-06-17T23:59:59.999000+00:00,20457.3,bear,2022-06-15T00:00:00+00:00|20100.2
2022-06-18T00:00:00+00:00,2022-06-18T23:59:59.999000+00:00,18959.7,bear,2022-06-18T00:00:00+00:00|17593.2
2022-06-19T00:00:00+00:00,2022-06-19T23:59:59.999000+00:00,20564.2,bear,2022-06-18T00:00:00+00:00|17593.2
2022-06-20T00:00:00+00:00,2022-06-20T23:59:59.999000+00:00,20570.1,bear,2022-06-18T00:00:00+00:00|17593.2
2022-06-21T00:00:00+00:00,2022-06-21T23:59:59.999000+00:00,20713.1,bear,2022-06-18T00:00:00+00:00|17593.2
2022-06-22T00:00:00+00:00,2022-06-22T23:59:59.999000+00:00,19977.4,bear,2022-06-18T00:00:00+00:00|17593.2
2022-06-23T00:00:00+00:00,2022-06-23T23:59:59.999000+00:00,21096.6,bear,2022-06-18T00:00:00+00:00|17593.2
2022-06-24T00:00:00+00:00,2022-06-24T23:59:59.999000+00:00,21231.2,bear,2022-06-18T00:00:00+00:00|17593.2
2022-06-25T00:00:00+00:00,2022-06-25T23:59:59.999000+00:00,21481.9,bear,2022-06-18T00:00:00+00:00|17593.2
2022-06-26T00:00:00+00:00,2022-06-26T23:59:59.999000+00:00,21029.1,bear,2022-06-18T00:00:00+00:00|17593.2
2022-06-27T00:00:00+00:00,2022-06-27T23:59:59.999000+00:00,20730.0,bear,2022-06-18T00:00:00+00:00|17593.2
2022-06-28T00:00:00+00:00,2022-06-28T23:59:59.999000+00:00,20268.6,bear,2022-06-18T00:00:00+00:00|17593.2
2022-06-29T00:00:00+00:00,2022-06-29T23:59:59.999000+00:00,20109.9,bear,2022-06-18T00:00:00+00:00|17593.2
2022-06-30T00:00:00+00:00,2022-06-30T23:59:59.999000+00:00,19923.5,bear,2022-06-18T00:00:00+00:00|17593.2
2022-07-01T00:00:00+00:00,2022-07-01T23:59:59.999000+00:00,19272.0,bear,2022-06-18T00:00:00+00:00|17593.2
2022-07-02T00:00:00+00:00,2022-07-02T23:59:59.999000+00:00,19240.9,bear,2022-06-18T00:00:00+00:00|17593.2
2022-07-03T00:00:00+00:00,2022-07-03T23:59:59.999000+00:00,19305.9,bear,2022-06-18T00:00:00+00:00|17593.2
2022-07-04T00:00:00+00:00,2022-07-04T23:59:59.999000+00:00,20226.6,bear,2022-06-18T00:00:00+00:00|17593.2
2022-07-05T00:00:00+00:00,2022-07-05T23:59:59.999000+00:00,20170.0,bear,2022-06-18T00:00:00+00:00|17593.2
2022-07-06T00:00:00+00:00,2022-07-06T23:59:59.999000+00:00,20554.1,bear,2022-06-18T00:00:00+00:00|17593.2
2022-07-07T00:00:00+00:00,2022-07-07T23:59:59.999000+00:00,21613.4,bear,2022-06-18T00:00:00+00:00|17593.2
2022-07-08T00:00:00+00:00,2022-07-08T23:59:59.999000+00:00,21587.9,bear,2022-06-18T00:00:00+00:00|17593.2
2022-07-09T00:00:00+00:00,2022-07-09T23:59:59.999000+00:00,21580.0,bear,2022-06-18T00:00:00+00:00|17593.2
2022-07-10T00:00:00+00:00,2022-07-10T23:59:59.999000+00:00,20853.8,bear,2022-06-18T00:00:00+00:00|17593.2
2022-07-11T00:00:00+00:00,2022-07-11T23:59:59.999000+00:00,19954.3,bear,2022-06-18T00:00:00+00:00|17593.2
2022-07-12T00:00:00+00:00,2022-07-12T23:59:59.999000+00:00,19322.9,bear,2022-06-18T00:00:00+00:00|17593.2
2022-07-13T00:00:00+00:00,2022-07-13T23:59:59.999000+00:00,20220.1,bear,2022-06-18T00:00:00+00:00|17593.2
2022-07-14T00:00:00+00:00,2022-07-14T23:59:59.999000+00:00,20578.6,bear,2022-06-18T00:00:00+00:00|17593.2
2022-07-15T00:00:00+00:00,2022-07-15T23:59:59.999000+00:00,20823.1,bear,2022-06-18T00:00:00+00:00|17593.2
2022-07-16T00:00:00+00:00,2022-07-16T23:59:59.999000+00:00,21183.5,bear,2022-06-18T00:00:00+00:00|17593.2
2022-07-17T00:00:00+00:00,2022-07-17T23:59:59.999000+00:00,20794.4,bear,2022-06-18T00:00:00+00:00|17593.2
2022-07-18T00:00:00+00:00,2022-07-18T23:59:59.999000+00:00,22423.9,bear,2022-06-18T00:00:00+00:00|17593.2
2022-07-19T00:00:00+00:00,2022-07-19T23:59:59.999000+00:00,23385.9,bear,2022-06-18T00:00:00+00:00|17593.2
2022-07-20T00:00:00+00:00,2022-07-20T23:59:59.999000+00:00,23221.5,bear,2022-06-18T00:00:00+00:00|17593.2
2022-07-21T00:00:00+00:00,2022-07-21T23:59:59.999000+00:00,23144.5,bear,2022-06-18T00:00:00+00:00|17593.2
2022-07-22T00:00:00+00:00,2022-07-22T23:59:59.999000+00:00,22675.1,bear,2022-06-18T00:00:00+00:00|17593.2
2022-07-23T00:00:00+00:00,2022-07-23T23:59:59.999000+00:00,22440.2,bear,2022-06-18T00:00:00+00:00|17593.2
2022-07-24T00:00:00+00:00,2022-07-24T23:59:59.999000+00:00,22570.6,bear,2022-06-18T00:00:00+00:00|17593.2
2022-07-25T00:00:00+00:00,2022-07-25T23:59:59.999000+00:00,21300.0,bear,2022-06-18T00:00:00+00:00|17593.2
2022-07-26T00:00:00+00:00,2022-07-26T23:59:59.999000+00:00,21241.0,bear,2022-06-18T00:00:00+00:00|17593.2
2022-07-27T00:00:00+00:00,2022-07-27T23:59:59.999000+00:00,22941.1,bear,2022-06-18T00:00:00+00:00|17593.2
2022-07-28T00:00:00+00:00,2022-07-28T23:59:59.999000+00:00,23836.2,bear,2022-06-18T00:00:00+00:00|17593.2
2022-07-29T00:00:00+00:00,2022-07-29T23:59:59.999000+00:00,23771.1,bear,2022-06-18T00:00:00+00:00|17593.2
2022-07-30T00:00:00+00:00,2022-07-30T23:59:59.999000+00:00,23629.9,bear,2022-06-18T00:00:00+00:00|17593.2
2022-07-31T00:00:00+00:00,2022-07-31T23:59:59.999000+00:00,23290.1,bear,2022-06-18T00:00:00+00:00|17593.2
2022-08-01T00:00:00+00:00,2022-08-01T23:59:59.999000+00:00,23257.6,bear,2022-06-18T00:00:00+00:00|17593.2
2022-08-02T00:00:00+00:00,2022-08-02T23:59:59.999000+00:00,22975.1,bear,2022-06-18T00:00:00+00:00|17593.2
2022-08-03T00:00:00+00:00,2022-08-03T23:59:59.999000+00:00,22801.5,bear,2022-06-18T00:00:00+00:00|17593.2
2022-08-04T00:00:00+00:00,2022-08-04T23:59:59.999000+00:00,22608.9,bear,2022-06-18T00:00:00+00:00|17593.2
2022-08-05T00:00:00+00:00,2022-08-05T23:59:59.999000+00:00,23298.1,bear,2022-06-18T00:00:00+00:00|17593.2
2022-08-06T00:00:00+00:00,2022-08-06T23:59:59.999000+00:00,22943.3,bear,2022-06-18T00:00:00+00:00|17593.2
2022-08-07T00:00:00+00:00,2022-08-07T23:59:59.999000+00:00,23167.8,bear,2022-06-18T00:00:00+00:00|17593.2
2022-08-08T00:00:00+00:00,2022-08-08T23:59:59.999000+00:00,23804.4,bear,2022-06-18T00:00:00+00:00|17593.2
2022-08-09T00:00:00+00:00,2022-08-09T23:59:59.999000+00:00,23140.2,bear,2022-06-18T00:00:00+00:00|17593.2
2022-08-10T00:00:00+00:00,2022-08-10T23:59:59.999000+00:00,23940.9,bear,2022-06-18T00:00:00+00:00|17593.2
2022-08-11T00:00:00+00:00,2022-08-11T23:59:59.999000+00:00,23917.2,bear,2022-06-18T00:00:00+00:00|17593.2
2022-08-12T00:00:00+00:00,2022-08-12T23:59:59.999000+00:00,24387.5,bear,2022-06-18T00:00:00+00:00|17593.2
2022-08-13T00:00:00+00:00,2022-08-13T23:59:59.999000+00:00,24429.0,bear,2022-06-18T00:00:00+00:00|17593.2
2022-08-14T00:00:00+00:00,2022-08-14T23:59:59.999000+00:00,24294.1,bear,2022-06-18T00:00:00+00:00|17593.2
2022-08-15T00:00:00+00:00,2022-08-15T23:59:59.999000+00:00,24085.2,bear,2022-06-18T00:00:00+00:00|17593.2
2022-08-16T00:00:00+00:00,2022-08-16T23:59:59.999000+00:00,23843.0,bear,2022-06-18T00:00:00+00:00|17593.2
2022-08-17T00:00:00+00:00,2022-08-17T23:59:59.999000+00:00,23333.1,bear,2022-06-18T00:00:00+00:00|17593.2
2022-08-18T00:00:00+00:00,2022-08-18T23:59:59.999000+00:00,23185.1,bear,2022-06-18T00:00:00+00:00|17593.2
2022-08-19T00:00:00+00:00,2022-08-19T23:59:59.999000+00:00,20824.9,bear,2022-06-18T00:00:00+00:00|17593.2
2022-08-20T00:00:00+00:00,2022-08-20T23:59:59.999000+00:00,21127.8,bear,2022-06-18T00:00:00+00:00|17593.2
2022-08-21T00:00:00+00:00,2022-08-21T23:59:59.999000+00:00,21505.6,bear,2022-06-18T00:00:00+00:00|17593.2
2022-08-22T00:00:00+00:00,2022-08-22T23:59:59.999000+00:00,21387.0,bear,2022-06-18T00:00:00+00:00|17593.2
2022-08-23T00:00:00+00:00,2022-08-23T23:59:59.999000+00:00,21518.2,bear,2022-06-18T00:00:00+00:00|17593.2
2022-08-24T00:00:00+00:00,2022-08-24T23:59:59.999000+00:00,21354.9,bear,2022-06-18T00:00:00+00:00|17593.2
2022-08-25T00:00:00+00:00,2022-08-25T23:59:59.999000+00:00,21548.3,bear,2022-06-18T00:00:00+00:00|17593.2
2022-08-26T00:00:00+00:00,2022-08-26T23:59:59.999000+00:00,20228.7,bear,2022-06-18T00:00:00+00:00|17593.2
2022-08-27T00:00:00+00:00,2022-08-27T23:59:59.999000+00:00,20023.9,bear,2022-06-18T00:00:00+00:00|17593.2
2022-08-28T00:00:00+00:00,2022-08-28T23:59:59.999000+00:00,19547.5,bear,2022-06-18T00:00:00+00:00|17593.2
2022-08-29T00:00:00+00:00,2022-08-29T23:59:59.999000+00:00,20275.5,bear,2022-06-18T00:00:00+00:00|17593.2
2022-08-30T00:00:00+00:00,2022-08-30T23:59:59.999000+00:00,19803.1,bear,2022-06-18T00:00:00+00:00|17593.2
2022-08-31T00:00:00+00:00,2022-08-31T23:59:59.999000+00:00,20041.5,bear,2022-06-18T00:00:00+00:00|17593.2
2022-09-01T00:00:00+00:00,2022-09-01T23:59:59.999000+00:00,20122.5,bear,2022-06-18T00:00:00+00:00|17593.2
2022-09-02T00:00:00+00:00,2022-09-02T23:59:59.999000+00:00,19941.0,bear,2022-06-18T00:00:00+00:00|17593.2
2022-09-03T00:00:00+00:00,2022-09-03T23:59:59.999000+00:00,19820.7,bear,2022-06-18T00:00:00+00:00|17593.2
2022-09-04T00:00:00+00:00,2022-09-04T23:59:59.999000+00:00,19992.7,bear,2022-06-18T00:00:00+00:00|17593.2
2022-09-05T00:00:00+00:00,2022-09-05T23:59:59.999000+00:00,19784.9,bear,2022-06-18T00:00:00+00:00|17593.2
2022-09-06T00:00:00+00:00,2022-09-06T23:59:59.999000+00:00,18781.5,bear,2022-06-18T00:00:00+00:00|17593.2
2022-09-07T00:00:00+00:00,2022-09-07T23:59:59.999000+00:00,19287.0,bear,2022-06-18T00:00:00+00:00|17593.2
2022-09-08T00:00:00+00:00,2022-09-08T23:59:59.999000+00:00,19309.3,bear,2022-06-18T00:00:00+00:00|17593.2
2022-09-09T00:00:00+00:00,2022-09-09T23:59:59.999000+00:00,21352.0,bear,2022-06-18T00:00:00+00:00|17593.2
2022-09-10T00:00:00+00:00,2022-09-10T23:59:59.999000+00:00,21639.5,bear,2022-06-18T00:00:00+00:00|17593.2
2022-09-11T00:00:00+00:00,2022-09-11T23:59:59.999000+00:00,21820.3,bear,2022-06-18T00:00:00+00:00|17593.2
2022-09-12T00:00:00+00:00,2022-09-12T23:59:59.999000+00:00,22386.0,bear,2022-06-18T00:00:00+00:00|17593.2
2022-09-13T00:00:00+00:00,2022-09-13T23:59:59.999000+00:00,20162.5,bear,2022-06-18T00:00:00+00:00|17593.2
2022-09-14T00:00:00+00:00,2022-09-14T23:59:59.999000+00:00,20217.0,bear,2022-06-18T00:00:00+00:00|17593.2
2022-09-15T00:00:00+00:00,2022-09-15T23:59:59.999000+00:00,19690.8,bear,2022-06-18T00:00:00+00:00|17593.2
2022-09-16T00:00:00+00:00,2022-09-16T23:59:59.999000+00:00,19792.5,bear,2022-06-18T00:00:00+00:00|17593.2
2022-09-17T00:00:00+00:00,2022-09-17T23:59:59.999000+00:00,20102.0,bear,2022-06-18T00:00:00+00:00|17593.2
2022-09-18T00:00:00+00:00,2022-09-18T23:59:59.999000+00:00,19404.5,bear,2022-06-18T00:00:00+00:00|17593.2
2022-09-19T00:00:00+00:00,2022-09-19T23:59:59.999000+00:00,19528.6,bear,2022-06-18T00:00:00+00:00|17593.2
2022-09-20T00:00:00+00:00,2022-09-20T23:59:59.999000+00:00,18866.8,bear,2022-06-18T00:00:00+00:00|17593.2
2022-09-21T00:00:00+00:00,2022-09-21T23:59:59.999000+00:00,18447.5,bear,2022-06-18T00:00:00+00:00|17593.2
2022-09-22T00:00:00+00:00,2022-09-22T23:59:59.999000+00:00,19392.5,bear,2022-06-18T00:00:00+00:00|17593.2
2022-09-23T00:00:00+00:00,2022-09-23T23:59:59.999000+00:00,19280.7,bear,2022-06-18T00:00:00+00:00|17593.2
2022-09-24T00:00:00+00:00,2022-09-24T23:59:59.999000+00:00,18911.0,bear,2022-06-18T00:00:00+00:00|17593.2
2022-09-25T00:00:00+00:00,2022-09-25T23:59:59.999000+00:00,18799.7,bear,2022-06-18T00:00:00+00:00|17593.2
2022-09-26T00:00:00+00:00,2022-09-26T23:59:59.999000+00:00,19216.3,bear,2022-06-18T00:00:00+00:00|17593.2
2022-09-27T00:00:00+00:00,2022-09-27T23:59:59.999000+00:00,19070.1,bear,2022-06-18T00:00:00+00:00|17593.2
2022-09-28T00:00:00+00:00,2022-09-28T23:59:59.999000+00:00,19407.3,bear,2022-06-18T00:00:00+00:00|17593.2
2022-09-29T00:00:00+00:00,2022-09-29T23:59:59.999000+00:00,19582.5,bear,2022-06-18T00:00:00+00:00|17593.2
2022-09-30T00:00:00+00:00,2022-09-30T23:59:59.999000+00:00,19411.7,bear,2022-06-18T00:00:00+00:00|17593.2
2022-10-01T00:00:00+00:00,2022-10-01T23:59:59.999000+00:00,19304.0,bear,2022-06-18T00:00:00+00:00|17593.2
2022-10-02T00:00:00+00:00,2022-10-02T23:59:59.999000+00:00,19049.4,bear,2022-06-18T00:00:00+00:00|17593.2
2022-10-03T00:00:00+00:00,2022-10-03T23:59:59.999000+00:00,19622.0,bear,2022-06-18T00:00:00+00:00|17593.2
2022-10-04T00:00:00+00:00,2022-10-04T23:59:59.999000+00:00,20333.0,bear,2022-06-18T00:00:00+00:00|17593.2
2022-10-05T00:00:00+00:00,2022-10-05T23:59:59.999000+00:00,20150.0,bear,2022-06-18T00:00:00+00:00|17593.2
2022-10-06T00:00:00+00:00,2022-10-06T23:59:59.999000+00:00,19954.0,bear,2022-06-18T00:00:00+00:00|17593.2
2022-10-07T00:00:00+00:00,2022-10-07T23:59:59.999000+00:00,19520.9,bear,2022-06-18T00:00:00+00:00|17593.2
2022-10-08T00:00:00+00:00,2022-10-08T23:59:59.999000+00:00,19406.2,bear,2022-06-18T00:00:00+00:00|17593.2
2022-10-09T00:00:00+00:00,2022-10-09T23:59:59.999000+00:00,19430.0,bear,2022-06-18T00:00:00+00:00|17593.2
2022-10-10T00:00:00+00:00,2022-10-10T23:59:59.999000+00:00,19124.0,bear,2022-06-18T00:00:00+00:00|17593.2
2022-10-11T00:00:00+00:00,2022-10-11T23:59:59.999000+00:00,19055.0,bear,2022-06-18T00:00:00+00:00|17593.2
2022-10-12T00:00:00+00:00,2022-10-12T23:59:59.999000+00:00,19148.0,bear,2022-06-18T00:00:00+00:00|17593.2
2022-10-13T00:00:00+00:00,2022-10-13T23:59:59.999000+00:00,19365.5,bear,2022-06-18T00:00:00+00:00|17593.2
2022-10-14T00:00:00+00:00,2022-10-14T23:59:59.999000+00:00,19164.6,bear,2022-06-18T00:00:00+00:00|17593.2
2022-10-15T00:00:00+00:00,2022-10-15T23:59:59.999000+00:00,19060.4,bear,2022-06-18T00:00:00+00:00|17593.2
2022-10-16T00:00:00+00:00,2022-10-16T23:59:59.999000+00:00,19251.9,bear,2022-06-18T00:00:00+00:00|17593.2
2022-10-17T00:00:00+00:00,2022-10-17T23:59:59.999000+00:00,19540.6,bear,2022-06-18T00:00:00+00:00|17593.2
2022-10-18T00:00:00+00:00,2022-10-18T23:59:59.999000+00:00,19320.9,bear,2022-06-18T00:00:00+00:00|17593.2
2022-10-19T00:00:00+00:00,2022-10-19T23:59:59.999000+00:00,19116.7,bear,2022-06-18T00:00:00+00:00|17593.2
2022-10-20T00:00:00+00:00,2022-10-20T23:59:59.999000+00:00,19034.7,bear,2022-06-18T00:00:00+00:00|17593.2
2022-10-21T00:00:00+00:00,2022-10-21T23:59:59.999000+00:00,19150.9,bear,2022-06-18T00:00:00+00:00|17593.2
2022-10-22T00:00:00+00:00,2022-10-22T23:59:59.999000+00:00,19195.1,bear,2022-06-18T00:00:00+00:00|17593.2
2022-10-23T00:00:00+00:00,2022-10-23T23:59:59.999000+00:00,19560.7,bear,2022-06-18T00:00:00+00:00|17593.2
2022-10-24T00:00:00+00:00,2022-10-24T23:59:59.999000+00:00,19318.1,bear,2022-06-18T00:00:00+00:00|17593.2
2022-10-25T00:00:00+00:00,2022-10-25T23:59:59.999000+00:00,20068.3,bear,2022-06-18T00:00:00+00:00|17593.2
2022-10-26T00:00:00+00:00,2022-10-26T23:59:59.999000+00:00,20758.3,bear,2022-06-18T00:00:00+00:00|17593.2
2022-10-27T00:00:00+00:00,2022-10-27T23:59:59.999000+00:00,20285.5,bear,2022-06-18T00:00:00+00:00|17593.2
2022-10-28T00:00:00+00:00,2022-10-28T23:59:59.999000+00:00,20582.8,bear,2022-06-18T00:00:00+00:00|17593.2
2022-10-29T00:00:00+00:00,2022-10-29T23:59:59.999000+00:00,20796.7,bear,2022-06-18T00:00:00+00:00|17593.2
2022-10-30T00:00:00+00:00,2022-10-30T23:59:59.999000+00:00,20615.6,bear,2022-06-18T00:00:00+00:00|17593.2
2022-10-31T00:00:00+00:00,2022-10-31T23:59:59.999000+00:00,20482.0,bear,2022-06-18T00:00:00+00:00|17593.2
2022-11-01T00:00:00+00:00,2022-11-01T23:59:59.999000+00:00,20472.1,bear,2022-06-18T00:00:00+00:00|17593.2
2022-11-02T00:00:00+00:00,2022-11-02T23:59:59.999000+00:00,20140.1,bear,2022-06-18T00:00:00+00:00|17593.2
2022-11-03T00:00:00+00:00,2022-11-03T23:59:59.999000+00:00,20199.7,bear,2022-06-18T00:00:00+00:00|17593.2
2022-11-04T00:00:00+00:00,2022-11-04T23:59:59.999000+00:00,21137.6,bear,2022-06-18T00:00:00+00:00|17593.2
2022-11-05T00:00:00+00:00,2022-11-05T23:59:59.999000+00:00,21289.9,bear,2022-06-18T00:00:00+00:00|17593.2
2022-11-06T00:00:00+00:00,2022-11-06T23:59:59.999000+00:00,20900.0,bear,2022-06-18T00:00:00+00:00|17593.2
2022-11-07T00:00:00+00:00,2022-11-07T23:59:59.999000+00:00,20578.6,bear,2022-06-18T00:00:00+00:00|17593.2
2022-11-08T00:00:00+00:00,2022-11-08T23:59:59.999000+00:00,18534.0,bear,2022-11-08T00:00:00+00:00|16830.0
2022-11-09T00:00:00+00:00,2022-11-09T23:59:59.999000+00:00,15905.0,bear,2022-11-09T00:00:00+00:00|15462.6
2022-11-10T00:00:00+00:00,2022-11-10T23:59:59.999000+00:00,17588.0,bear,2022-11-09T00:00:00+00:00|15462.6
2022-11-11T00:00:00+00:00,2022-11-11T23:59:59.999000+00:00,17058.3,bear,2022-11-09T00:00:00+00:00|15462.6
2022-11-12T00:00:00+00:00,2022-11-12T23:59:59.999000+00:00,16806.9,bear,2022-11-09T00:00:00+00:00|15462.6
2022-11-13T00:00:00+00:00,2022-11-13T23:59:59.999000+00:00,16321.2,bear,2022-11-09T00:00:00+00:00|15462.6
2022-11-14T00:00:00+00:00,2022-11-14T23:59:59.999000+00:00,16605.2,bear,2022-11-09T00:00:00+00:00|15462.6
2022-11-15T00:00:00+00:00,2022-11-15T23:59:59.999000+00:00,16888.3,bear,2022-11-09T00:00:00+00:00|15462.6
2022-11-16T00:00:00+00:00,2022-11-16T23:59:59.999000+00:00,16650.6,bear,2022-11-09T00:00:00+00:00|15462.6
2022-11-17T00:00:00+00:00,2022-11-17T23:59:59.999000+00:00,16682.1,bear,2022-11-09T00:00:00+00:00|15462.6
2022-11-18T00:00:00+00:00,2022-11-18T23:59:59.999000+00:00,16689.7,bear,2022-11-09T00:00:00+00:00|15462.6
2022-11-19T00:00:00+00:00,2022-11-19T23:59:59.999000+00:00,16692.9,bear,2022-11-09T00:00:00+00:00|15462.6
2022-11-20T00:00:00+00:00,2022-11-20T23:59:59.999000+00:00,16272.6,bear,2022-11-09T00:00:00+00:00|15462.6
2022-11-21T00:00:00+00:00,2022-11-21T23:59:59.999000+00:00,15773.0,bear,2022-11-21T00:00:00+00:00|15443.2
2022-11-22T00:00:00+00:00,2022-11-22T23:59:59.999000+00:00,16220.6,bear,2022-11-21T00:00:00+00:00|15443.2
2022-11-23T00:00:00+00:00,2022-11-23T23:59:59.999000+00:00,16595.8,bear,2022-11-21T00:00:00+00:00|15443.2
2022-11-24T00:00:00+00:00,2022-11-24T23:59:59.999000+00:00,16592.4,bear,2022-11-21T00:00:00+00:00|15443.2
2022-11-25T00:00:00+00:00,2022-11-25T23:59:59.999000+00:00,16516.1,bear,2022-11-21T00:00:00+00:00|15443.2
2022-11-26T00:00:00+00:00,2022-11-26T23:59:59.999000+00:00,16449.2,bear,2022-11-21T00:00:00+00:00|15443.2
2022-11-27T00:00:00+00:00,2022-11-27T23:59:59.999000+00:00,16422.6,bear,2022-11-21T00:00:00+00:00|15443.2
2022-11-28T00:00:00+00:00,2022-11-28T23:59:59.999000+00:00,16204.5,bear,2022-11-21T00:00:00+00:00|15443.2
2022-11-29T00:00:00+00:00,2022-11-29T23:59:59.999000+00:00,16433.2,bear,2022-11-21T00:00:00+00:00|15443.2
2022-11-30T00:00:00+00:00,2022-11-30T23:59:59.999000+00:00,17153.3,bear,2022-11-21T00:00:00+00:00|15443.2
2022-12-01T00:00:00+00:00,2022-12-01T23:59:59.999000+00:00,16970.5,bear,2022-11-21T00:00:00+00:00|15443.2
2022-12-02T00:00:00+00:00,2022-12-02T23:59:59.999000+00:00,17083.0,bear,2022-11-21T00:00:00+00:00|15443.2
2022-12-03T00:00:00+00:00,2022-12-03T23:59:59.999000+00:00,16879.5,bear,2022-11-21T00:00:00+00:00|15443.2
2022-12-04T00:00:00+00:00,2022-12-04T23:59:59.999000+00:00,17099.5,bear,2022-11-21T00:00:00+00:00|15443.2
2022-12-05T00:00:00+00:00,2022-12-05T23:59:59.999000+00:00,16958.3,bear,2022-11-21T00:00:00+00:00|15443.2
2022-12-06T00:00:00+00:00,2022-12-06T23:59:59.999000+00:00,17078.6,bear,2022-11-21T00:00:00+00:00|15443.2
2022-12-07T00:00:00+00:00,2022-12-07T23:59:59.999000+00:00,16828.0,bear,2022-11-21T00:00:00+00:00|15443.2
2022-12-08T00:00:00+00:00,2022-12-08T23:59:59.999000+00:00,17216.0,bear,2022-11-21T00:00:00+00:00|15443.2
2022-12-09T00:00:00+00:00,2022-12-09T23:59:59.999000+00:00,17122.0,bear,2022-11-21T00:00:00+00:00|15443.2
2022-12-10T00:00:00+00:00,2022-12-10T23:59:59.999000+00:00,17120.0,bear,2022-11-21T00:00:00+00:00|15443.2
2022-12-11T00:00:00+00:00,2022-12-11T23:59:59.999000+00:00,17077.3,bear,2022-11-21T00:00:00+00:00|15443.2
2022-12-12T00:00:00+00:00,2022-12-12T23:59:59.999000+00:00,17200.0,bear,2022-11-21T00:00:00+00:00|15443.2
2022-12-13T00:00:00+00:00,2022-12-13T23:59:59.999000+00:00,17777.1,bear,2022-11-21T00:00:00+00:00|15443.2
2022-12-14T00:00:00+00:00,2022-12-14T23:59:59.999000+00:00,17803.9,bear,2022-11-21T00:00:00+00:00|15443.2
2022-12-15T00:00:00+00:00,2022-12-15T23:59:59.999000+00:00,17351.8,bear,2022-11-21T00:00:00+00:00|15443.2
2022-12-16T00:00:00+00:00,2022-12-16T23:59:59.999000+00:00,16624.1,bear,2022-11-21T00:00:00+00:00|15443.2
2022-12-17T00:00:00+00:00,2022-12-17T23:59:59.999000+00:00,16768.0,bear,2022-11-21T00:00:00+00:00|15443.2
2022-12-18T00:00:00+00:00,2022-12-18T23:59:59.999000+00:00,16730.3,bear,2022-11-21T00:00:00+00:00|15443.2
2022-12-19T00:00:00+00:00,2022-12-19T23:59:59.999000+00:00,16429.2,bear,2022-11-21T00:00:00+00:00|15443.2
2022-12-20T00:00:00+00:00,2022-12-20T23:59:59.999000+00:00,16887.2,bear,2022-11-21T00:00:00+00:00|15443.2
2022-12-21T00:00:00+00:00,2022-12-21T23:59:59.999000+00:00,16819.6,bear,2022-11-21T00:00:00+00:00|15443.2
2022-12-22T00:00:00+00:00,2022-12-22T23:59:59.999000+00:00,16815.5,bear,2022-11-21T00:00:00+00:00|15443.2
2022-12-23T00:00:00+00:00,2022-12-23T23:59:59.999000+00:00,16776.4,bear,2022-11-21T00:00:00+00:00|15443.2
2022-12-24T00:00:00+00:00,2022-12-24T23:59:59.999000+00:00,16828.9,bear,2022-11-21T00:00:00+00:00|15443.2
2022-12-25T00:00:00+00:00,2022-12-25T23:59:59.999000+00:00,16824.4,bear,2022-11-21T00:00:00+00:00|15443.2
2022-12-26T00:00:00+00:00,2022-12-26T23:59:59.999000+00:00,16912.9,bear,2022-11-21T00:00:00+00:00|15443.2
2022-12-27T00:00:00+00:00,2022-12-27T23:59:59.999000+00:00,16698.2,bear,2022-11-21T00:00:00+00:00|15443.2
2022-12-28T00:00:00+00:00,2022-12-28T23:59:59.999000+00:00,16539.0,bear,2022-11-21T00:00:00+00:00|15443.2
2022-12-29T00:00:00+00:00,2022-12-29T23:59:59.999000+00:00,16630.3,bear,2022-11-21T00:00:00+00:00|15443.2
2022-12-30T00:00:00+00:00,2022-12-30T23:59:59.999000+00:00,16601.2,bear,2022-11-21T00:00:00+00:00|15443.2
2022-12-31T00:00:00+00:00,2022-12-31T23:59:59.999000+00:00,16537.6,bear,2022-11-21T00:00:00+00:00|15443.2
2023-01-01T00:00:00+00:00,2023-01-01T23:59:59.999000+00:00,16610.3,bear,2022-11-21T00:00:00+00:00|15443.2
2023-01-02T00:00:00+00:00,2023-01-02T23:59:59.999000+00:00,16666.0,bear,2022-11-21T00:00:00+00:00|15443.2
2023-01-03T00:00:00+00:00,2023-01-03T23:59:59.999000+00:00,16667.2,bear,2022-11-21T00:00:00+00:00|15443.2
2023-01-04T00:00:00+00:00,2023-01-04T23:59:59.999000+00:00,16842.1,bear,2022-11-21T00:00:00+00:00|15443.2
2023-01-05T00:00:00+00:00,2023-01-05T23:59:59.999000+00:00,16823.8,bear,2022-11-21T00:00:00+00:00|15443.2
2023-01-06T00:00:00+00:00,2023-01-06T23:59:59.999000+00:00,16943.8,bear,2022-11-21T00:00:00+00:00|15443.2
2023-01-07T00:00:00+00:00,2023-01-07T23:59:59.999000+00:00,16936.5,bear,2022-11-21T00:00:00+00:00|15443.2
2023-01-08T00:00:00+00:00,2023-01-08T23:59:59.999000+00:00,17124.7,bear,2022-11-21T00:00:00+00:00|15443.2
2023-01-09T00:00:00+00:00,2023-01-09T23:59:59.999000+00:00,17169.7,bear,2022-11-21T00:00:00+00:00|15443.2
2023-01-10T00:00:00+00:00,2023-01-10T23:59:59.999000+00:00,17428.8,bear,2022-11-21T00:00:00+00:00|15443.2
2023-01-11T00:00:00+00:00,2023-01-11T23:59:59.999000+00:00,17935.7,bear,2022-11-21T00:00:00+00:00|15443.2
2023-01-12T00:00:00+00:00,2023-01-12T23:59:59.999000+00:00,18838.0,bear,2022-11-21T00:00:00+00:00|15443.2
2023-01-13T00:00:00+00:00,2023-01-13T23:59:59.999000+00:00,19924.2,bear,2022-11-21T00:00:00+00:00|15443.2
2023-01-14T00:00:00+00:00,2023-01-14T23:59:59.999000+00:00,20962.8,bear,2022-11-21T00:00:00+00:00|15443.2
2023-01-15T00:00:00+00:00,2023-01-15T23:59:59.999000+00:00,20882.7,bear,2022-11-21T00:00:00+00:00|15443.2
2023-01-16T00:00:00+00:00,2023-01-16T23:59:59.999000+00:00,21188.3,bear,2022-11-21T00:00:00+00:00|15443.2
2023-01-17T00:00:00+00:00,2023-01-17T23:59:59.999000+00:00,21130.9,bear,2022-11-21T00:00:00+00:00|15443.2
2023-01-18T00:00:00+00:00,2023-01-18T23:59:59.999000+00:00,20680.0,bear,2022-11-21T00:00:00+00:00|15443.2
2023-01-19T00:00:00+00:00,2023-01-19T23:59:59.999000+00:00,21068.3,bear,2022-11-21T00:00:00+00:00|15443.2
2023-01-20T00:00:00+00:00,2023-01-20T23:59:59.999000+00:00,22661.1,bear,2022-11-21T00:00:00+00:00|15443.2
2023-01-21T00:00:00+00:00,2023-01-21T23:59:59.999000+00:00,22781.9,bull,2023-01-21T00:00:00+00:00|23390.0
2023-01-22T00:00:00+00:00,2023-01-22T23:59:59.999000+00:00,22704.6,bull,2021-11-10T00:00:00+00:00|69198.7
2023-01-23T00:00:00+00:00,2023-01-23T23:59:59.999000+00:00,22913.1,bull,2021-11-10T00:00:00+00:00|69198.7
2023-01-24T00:00:00+00:00,2023-01-24T23:59:59.999000+00:00,22627.4,bull,2021-11-10T00:00:00+00:00|69198.7
2023-01-25T00:00:00+00:00,2023-01-25T23:59:59.999000+00:00,23060.6,bull,2021-11-10T00:00:00+00:00|69198.7
2023-01-26T00:00:00+00:00,2023-01-26T23:59:59.999000+00:00,23001.9,bull,2021-11-10T00:00:00+00:00|69198.7
2023-01-27T00:00:00+00:00,2023-01-27T23:59:59.999000+00:00,23068.0,bull,2021-11-10T00:00:00+00:00|69198.7
2023-01-28T00:00:00+00:00,2023-01-28T23:59:59.999000+00:00,23015.9,bull,2021-11-10T00:00:00+00:00|69198.7
2023-01-29T00:00:00+00:00,2023-01-29T23:59:59.999000+00:00,23740.3,bull,2021-11-10T00:00:00+00:00|69198.7
2023-01-30T00:00:00+00:00,2023-01-30T23:59:59.999000+00:00,22819.9,bull,2021-11-10T00:00:00+00:00|69198.7
2023-01-31T00:00:00+00:00,2023-01-31T23:59:59.999000+00:00,23119.4,bull,2021-11-10T00:00:00+00:00|69198.7
2023-02-01T00:00:00+00:00,2023-02-01T23:59:59.999000+00:00,23730.0,bull,2021-11-10T00:00:00+00:00|69198.7
2023-02-02T00:00:00+00:00,2023-02-02T23:59:59.999000+00:00,23493.1,bull,2021-11-10T00:00:00+00:00|69198.7
2023-02-03T00:00:00+00:00,2023-02-03T23:59:59.999000+00:00,23424.7,bull,2021-11-10T00:00:00+00:00|69198.7
2023-02-04T00:00:00+00:00,2023-02-04T23:59:59.999000+00:00,23322.6,bull,2021-11-10T00:00:00+00:00|69198.7
2023-02-05T00:00:00+00:00,2023-02-05T23:59:59.999000+00:00,22929.2,bull,2021-11-10T00:00:00+00:00|69198.7
2023-02-06T00:00:00+00:00,2023-02-06T23:59:59.999000+00:00,22757.7,bull,2021-11-10T00:00:00+00:00|69198.7
2023-02-07T00:00:00+00:00,2023-02-07T23:59:59.999000+00:00,23234.1,bull,2021-11-10T00:00:00+00:00|69198.7
2023-02-08T00:00:00+00:00,2023-02-08T23:59:59.999000+00:00,22955.9,bull,2021-11-10T00:00:00+00:00|69198.7
2023-02-09T00:00:00+00:00,2023-02-09T23:59:59.999000+00:00,21793.4,bull,2021-11-10T00:00:00+00:00|69198.7
2023-02-10T00:00:00+00:00,2023-02-10T23:59:59.999000+00:00,21618.6,bull,2021-11-10T00:00:00+00:00|69198.7
2023-02-11T00:00:00+00:00,2023-02-11T23:59:59.999000+00:00,21851.3,bull,2021-11-10T00:00:00+00:00|69198.7
2023-02-12T00:00:00+00:00,2023-02-12T23:59:59.999000+00:00,21771.1,bull,2021-11-10T00:00:00+00:00|69198.7
2023-02-13T00:00:00+00:00,2023-02-13T23:59:59.999000+00:00,21766.2,bull,2021-11-10T00:00:00+00:00|69198.7
2023-02-14T00:00:00+00:00,2023-02-14T23:59:59.999000+00:00,22187.4,bull,2021-11-10T00:00:00+00:00|69198.7
2023-02-15T00:00:00+00:00,2023-02-15T23:59:59.999000+00:00,24332.6,bull,2021-11-10T00:00:00+00:00|69198.7
2023-02-16T00:00:00+00:00,2023-02-16T23:59:59.999000+00:00,23526.6,bull,2021-11-10T00:00:00+00:00|69198.7
2023-02-17T00:00:00+00:00,2023-02-17T23:59:59.999000+00:00,24581.5,bull,2021-11-10T00:00:00+00:00|69198.7
2023-02-18T00:00:00+00:00,2023-02-18T23:59:59.999000+00:00,24636.9,bull,2021-11-10T00:00:00+00:00|69198.7
2023-02-19T00:00:00+00:00,2023-02-19T23:59:59.999000+00:00,24265.9,bull,2021-11-10T00:00:00+00:00|69198.7
2023-02-20T00:00:00+00:00,2023-02-20T23:59:59.999000+00:00,24849.9,bull,2021-11-10T00:00:00+00:00|69198.7
2023-02-21T00:00:00+00:00,2023-02-21T23:59:59.999000+00:00,24443.4,bull,2021-11-10T00:00:00+00:00|69198.7
2023-02-22T00:00:00+00:00,2023-02-22T23:59:59.999000+00:00,24171.3,bull,2021-11-10T00:00:00+00:00|69198.7
2023-02-23T00:00:00+00:00,2023-02-23T23:59:59.999000+00:00,23928.8,bull,2021-11-10T00:00:00+00:00|69198.7
2023-02-24T00:00:00+00:00,2023-02-24T23:59:59.999000+00:00,23175.6,bull,2021-11-10T00:00:00+00:00|69198.7
2023-02-25T00:00:00+00:00,2023-02-25T23:59:59.999000+00:00,23146.2,bull,2021-11-10T00:00:00+00:00|69198.7
2023-02-26T00:00:00+00:00,2023-02-26T23:59:59.999000+00:00,23545.3,bull,2021-11-10T00:00:00+00:00|69198.7
2023-02-27T00:00:00+00:00,2023-02-27T23:59:59.999000+00:00,23480.0,bull,2021-11-10T00:00:00+00:00|69198.7
2023-02-28T00:00:00+00:00,2023-02-28T23:59:59.999000+00:00,23129.6,bull,2021-11-10T00:00:00+00:00|69198.7
2023-03-01T00:00:00+00:00,2023-03-01T23:59:59.999000+00:00,23619.8,bull,2021-11-10T00:00:00+00:00|69198.7
2023-03-02T00:00:00+00:00,2023-03-02T23:59:59.999000+00:00,23457.1,bull,2021-11-10T00:00:00+00:00|69198.7
2023-03-03T00:00:00+00:00,2023-03-03T23:59:59.999000+00:00,22342.8,bull,2021-11-10T00:00:00+00:00|69198.7
2023-03-04T00:00:00+00:00,2023-03-04T23:59:59.999000+00:00,22335.7,bull,2021-11-10T00:00:00+00:00|69198.7
2023-03-05T00:00:00+00:00,2023-03-05T23:59:59.999000+00:00,22419.4,bull,2021-11-10T00:00:00+00:00|69198.7
2023-03-06T00:00:00+00:00,2023-03-06T23:59:59.999000+00:00,22397.1,bull,2021-11-10T00:00:00+00:00|69198.7
2023-03-07T00:00:00+00:00,2023-03-07T23:59:59.999000+00:00,22187.1,bull,2021-11-10T00:00:00+00:00|69198.7
2023-03-08T00:00:00+00:00,2023-03-08T23:59:59.999000+00:00,21695.4,bull,2021-11-10T00:00:00+00:00|69198.7
2023-03-09T00:00:00+00:00,2023-03-09T23:59:59.999000+00:00,20348.3,bull,2021-11-10T00:00:00+00:00|69198.7
2023-03-10T00:00:00+00:00,2023-03-10T23:59:59.999000+00:00,20140.3,bull,2021-11-10T00:00:00+00:00|69198.7
2023-03-11T00:00:00+00:00,2023-03-11T23:59:59.999000+00:00,20447.3,bull,2021-11-10T00:00:00+00:00|69198.7
2023-03-12T00:00:00+00:00,2023-03-12T23:59:59.999000+00:00,21986.2,bull,2021-11-10T00:00:00+00:00|69198.7
2023-03-13T00:00:00+00:00,2023-03-13T23:59:59.999000+00:00,24119.5,bull,2021-11-10T00:00:00+00:00|69198.7
2023-03-14T00:00:00+00:00,2023-03-14T23:59:59.999000+00:00,24682.5,bull,2021-11-10T00:00:00+00:00|69198.7
2023-03-15T00:00:00+00:00,2023-03-15T23:59:59.999000+00:00,24288.0,bull,2021-11-10T00:00:00+00:00|69198.7
2023-03-16T00:00:00+00:00,2023-03-16T23:59:59.999000+00:00,24990.4,bull,2021-11-10T00:00:00+00:00|69198.7
2023-03-17T00:00:00+00:00,2023-03-17T23:59:59.999000+00:00,27384.0,bull,2021-11-10T00:00:00+00:00|69198.7
2023-03-18T00:00:00+00:00,2023-03-18T23:59:59.999000+00:00,26907.0,bull,2021-11-10T00:00:00+00:00|69198.7
2023-03-19T00:00:00+00:00,2023-03-19T23:59:59.999000+00:00,27955.7,bull,2021-11-10T00:00:00+00:00|69198.7
2023-03-20T00:00:00+00:00,2023-03-20T23:59:59.999000+00:00,27704.1,bull,2021-11-10T00:00:00+00:00|69198.7
2023-03-21T00:00:00+00:00,2023-03-21T23:59:59.999000+00:00,28091.1,bull,2021-11-10T00:00:00+00:00|69198.7
2023-03-22T00:00:00+00:00,2023-03-22T23:59:59.999000+00:00,27233.8,bull,2021-11-10T00:00:00+00:00|69198.7
2023-03-23T00:00:00+00:00,2023-03-23T23:59:59.999000+00:00,28284.1,bull,2021-11-10T00:00:00+00:00|69198.7
2023-03-24T00:00:00+00:00,2023-03-24T23:59:59.999000+00:00,27438.9,bull,2021-11-10T00:00:00+00:00|69198.7
2023-03-25T00:00:00+00:00,2023-03-25T23:59:59.999000+00:00,27447.3,bull,2021-11-10T00:00:00+00:00|69198.7
2023-03-26T00:00:00+00:00,2023-03-26T23:59:59.999000+00:00,27954.3,bull,2021-11-10T00:00:00+00:00|69198.7
2023-03-27T00:00:00+00:00,2023-03-27T23:59:59.999000+00:00,27112.0,bull,2021-11-10T00:00:00+00:00|69198.7
2023-03-28T00:00:00+00:00,2023-03-28T23:59:59.999000+00:00,27249.7,bull,2021-11-10T00:00:00+00:00|69198.7
2023-03-29T00:00:00+00:00,2023-03-29T23:59:59.999000+00:00,28338.5,bull,2021-11-10T00:00:00+00:00|69198.7
2023-03-30T00:00:00+00:00,2023-03-30T23:59:59.999000+00:00,28015.0,bull,2021-11-10T00:00:00+00:00|69198.7
2023-03-31T00:00:00+00:00,2023-03-31T23:59:59.999000+00:00,28454.9,bull,2021-11-10T00:00:00+00:00|69198.7
2023-04-01T00:00:00+00:00,2023-04-01T23:59:59.999000+00:00,28443.8,bull,2021-11-10T00:00:00+00:00|69198.7
2023-04-02T00:00:00+00:00,2023-04-02T23:59:59.999000+00:00,28161.2,bull,2021-11-10T00:00:00+00:00|69198.7
2023-04-03T00:00:00+00:00,2023-04-03T23:59:59.999000+00:00,27786.1,bull,2021-11-10T00:00:00+00:00|69198.7
2023-04-04T00:00:00+00:00,2023-04-04T23:59:59.999000+00:00,28155.2,bull,2021-11-10T00:00:00+00:00|69198.7
2023-04-05T00:00:00+00:00,2023-04-05T23:59:59.999000+00:00,28154.0,bull,2021-11-10T00:00:00+00:00|69198.7
2023-04-06T00:00:00+00:00,2023-04-06T23:59:59.999000+00:00,28022.8,bull,2021-11-10T00:00:00+00:00|69198.7
2023-04-07T00:00:00+00:00,2023-04-07T23:59:59.999000+00:00,27890.7,bull,2021-11-10T00:00:00+00:00|69198.7
2023-04-08T00:00:00+00:00,2023-04-08T23:59:59.999000+00:00,27924.9,bull,2021-11-10T00:00:00+00:00|69198.7
2023-04-09T00:00:00+00:00,2023-04-09T23:59:59.999000+00:00,28309.4,bull,2021-11-10T00:00:00+00:00|69198.7
2023-04-10T00:00:00+00:00,2023-04-10T23:59:59.999000+00:00,29623.1,bull,2021-11-10T00:00:00+00:00|69198.7
2023-04-11T00:00:00+00:00,2023-04-11T23:59:59.999000+00:00,30185.1,bull,2021-11-10T00:00:00+00:00|69198.7
2023-04-12T00:00:00+00:00,2023-04-12T23:59:59.999000+00:00,29875.0,bull,2021-11-10T00:00:00+00:00|69198.7
2023-04-13T00:00:00+00:00,2023-04-13T23:59:59.999000+00:00,30362.7,bull,2021-11-10T00:00:00+00:00|69198.7
2023-04-14T00:00:00+00:00,2023-04-14T23:59:59.999000+00:00,30453.1,bull,2021-11-10T00:00:00+00:00|69198.7
2023-04-15T00:00:00+00:00,2023-04-15T23:59:59.999000+00:00,30280.4,bull,2021-11-10T00:00:00+00:00|69198.7
2023-04-16T00:00:00+00:00,2023-04-16T23:59:59.999000+00:00,30286.6,bull,2021-11-10T00:00:00+00:00|69198.7
2023-04-17T00:00:00+00:00,2023-04-17T23:59:59.999000+00:00,29420.0,bull,2021-11-10T00:00:00+00:00|69198.7
2023-04-18T00:00:00+00:00,2023-04-18T23:59:59.999000+00:00,30365.8,bull,2021-11-10T00:00:00+00:00|69198.7
2023-04-19T00:00:00+00:00,2023-04-19T23:59:59.999000+00:00,28795.1,bull,2021-11-10T00:00:00+00:00|69198.7
2023-04-20T00:00:00+00:00,2023-04-20T23:59:59.999000+00:00,28229.9,bull,2021-11-10T00:00:00+00:00|69198.7
2023-04-21T00:00:00+00:00,2023-04-21T23:59:59.999000+00:00,27252.5,bull,2021-11-10T00:00:00+00:00|69198.7
2023-04-22T00:00:00+00:00,2023-04-22T23:59:59.999000+00:00,27807.2,bull,2021-11-10T00:00:00+00:00|69198.7
2023-04-23T00:00:00+00:00,2023-04-23T23:59:59.999000+00:00,27576.0,bull,2021-11-10T00:00:00+00:00|69198.7
2023-04-24T00:00:00+00:00,2023-04-24T23:59:59.999000+00:00,27497.5,bull,2021-11-10T00:00:00+00:00|69198.7
2023-04-25T00:00:00+00:00,2023-04-25T23:59:59.999000+00:00,28286.7,bull,2021-11-10T00:00:00+00:00|69198.7
2023-04-26T00:00:00+00:00,2023-04-26T23:59:59.999000+00:00,28395.9,bull,2021-11-10T00:00:00+00:00|69198.7
2023-04-27T00:00:00+00:00,2023-04-27T23:59:59.999000+00:00,29459.0,bull,2021-11-10T00:00:00+00:00|69198.7
2023-04-28T00:00:00+00:00,2023-04-28T23:59:59.999000+00:00,29300.0,bull,2021-11-10T00:00:00+00:00|69198.7
2023-04-29T00:00:00+00:00,2023-04-29T23:59:59.999000+00:00,29212.7,bull,2021-11-10T00:00:00+00:00|69198.7
2023-04-30T00:00:00+00:00,2023-04-30T23:59:59.999000+00:00,29223.0,bull,2021-11-10T00:00:00+00:00|69198.7
2023-05-01T00:00:00+00:00,2023-05-01T23:59:59.999000+00:00,28054.4,bull,2021-11-10T00:00:00+00:00|69198.7
2023-05-02T00:00:00+00:00,2023-05-02T23:59:59.999000+00:00,28656.5,bull,2021-11-10T00:00:00+00:00|69198.7
2023-05-03T00:00:00+00:00,2023-05-03T23:59:59.999000+00:00,29018.4,bull,2021-11-10T00:00:00+00:00|69198.7
2023-05-04T00:00:00+00:00,2023-05-04T23:59:59.999000+00:00,28826.0,bull,2021-11-10T00:00:00+00:00|69198.7
2023-05-05T00:00:00+00:00,2023-05-05T23:59:59.999000+00:00,29491.5,bull,2021-11-10T00:00:00+00:00|69198.7
2023-05-06T00:00:00+00:00,2023-05-06T23:59:59.999000+00:00,28837.8,bull,2021-11-10T00:00:00+00:00|69198.7
2023-05-07T00:00:00+00:00,2023-05-07T23:59:59.999000+00:00,28419.4,bull,2021-11-10T00:00:00+00:00|69198.7
2023-05-08T00:00:00+00:00,2023-05-08T23:59:59.999000+00:00,27659.8,bull,2021-11-10T00:00:00+00:00|69198.7
2023-05-09T00:00:00+00:00,2023-05-09T23:59:59.999000+00:00,27610.2,bull,2021-11-10T00:00:00+00:00|69198.7
2023-05-10T00:00:00+00:00,2023-05-10T23:59:59.999000+00:00,27582.9,bull,2021-11-10T00:00:00+00:00|69198.7
2023-05-11T00:00:00+00:00,2023-05-11T23:59:59.999000+00:00,26956.4,bull,2021-11-10T00:00:00+00:00|69198.7
2023-05-12T00:00:00+00:00,2023-05-12T23:59:59.999000+00:00,26785.1,bull,2021-11-10T00:00:00+00:00|69198.7
2023-05-13T00:00:00+00:00,2023-05-13T23:59:59.999000+00:00,26762.7,bull,2021-11-10T00:00:00+00:00|69198.7
2023-05-14T00:00:00+00:00,2023-05-14T23:59:59.999000+00:00,26901.9,bull,2021-11-10T00:00:00+00:00|69198.7
2023-05-15T00:00:00+00:00,2023-05-15T23:59:59.999000+00:00,27152.5,bull,2021-11-10T00:00:00+00:00|69198.7
2023-05-16T00:00:00+00:00,2023-05-16T23:59:59.999000+00:00,27024.8,bull,2021-11-10T00:00:00+00:00|69198.7
2023-05-17T00:00:00+00:00,2023-05-17T23:59:59.999000+00:00,27395.8,bull,2021-11-10T00:00:00+00:00|69198.7
2023-05-18T00:00:00+00:00,2023-05-18T23:59:59.999000+00:00,26809.3,bull,2021-11-10T00:00:00+00:00|69198.7
2023-05-19T00:00:00+00:00,2023-05-19T23:59:59.999000+00:00,26870.1,bull,2021-11-10T00:00:00+00:00|69198.7
2023-05-20T00:00:00+00:00,2023-05-20T23:59:59.999000+00:00,27089.5,bull,2021-11-10T00:00:00+00:00|69198.7
2023-05-21T00:00:00+00:00,2023-05-21T23:59:59.999000+00:00,26732.8,bull,2021-11-10T00:00:00+00:00|69198.7
2023-05-22T00:00:00+00:00,2023-05-22T23:59:59.999000+00:00,26840.2,bull,2021-11-10T00:00:00+00:00|69198.7
2023-05-23T00:00:00+00:00,2023-05-23T23:59:59.999000+00:00,27209.9,bull,2021-11-10T00:00:00+00:00|69198.7
2023-05-24T00:00:00+00:00,2023-05-24T23:59:59.999000+00:00,26313.8,bull,2021-11-10T00:00:00+00:00|69198.7
2023-05-25T00:00:00+00:00,2023-05-25T23:59:59.999000+00:00,26461.8,bull,2021-11-10T00:00:00+00:00|69198.7
2023-05-26T00:00:00+00:00,2023-05-26T23:59:59.999000+00:00,26689.9,bull,2021-11-10T00:00:00+00:00|69198.7
2023-05-27T00:00:00+00:00,2023-05-27T23:59:59.999000+00:00,26841.6,bull,2021-11-10T00:00:00+00:00|69198.7
2023-05-28T00:00:00+00:00,2023-05-28T23:59:59.999000+00:00,28055.7,bull,2021-11-10T00:00:00+00:00|69198.7
2023-05-29T00:00:00+00:00,2023-05-29T23:59:59.999000+00:00,27722.0,bull,2021-11-10T00:00:00+00:00|69198.7
2023-05-30T00:00:00+00:00,2023-05-30T23:59:59.999000+00:00,27680.1,bull,2021-11-10T00:00:00+00:00|69198.7
2023-05-31T00:00:00+00:00,2023-05-31T23:59:59.999000+00:00,27201.1,bull,2021-11-10T00:00:00+00:00|69198.7
2023-06-01T00:00:00+00:00,2023-06-01T23:59:59.999000+00:00,26805.3,bull,2021-11-10T00:00:00+00:00|69198.7
2023-06-02T00:00:00+00:00,2023-06-02T23:59:59.999000+00:00,27227.8,bull,2021-11-10T00:00:00+00:00|69198.7
2023-06-03T00:00:00+00:00,2023-06-03T23:59:59.999000+00:00,27054.9,bull,2021-11-10T00:00:00+00:00|69198.7
2023-06-04T00:00:00+00:00,2023-06-04T23:59:59.999000+00:00,27102.4,bull,2021-11-10T00:00:00+00:00|69198.7
2023-06-05T00:00:00+00:00,2023-06-05T23:59:59.999000+00:00,25714.7,bull,2021-11-10T00:00:00+00:00|69198.7
2023-06-06T00:00:00+00:00,2023-06-06T23:59:59.999000+00:00,27221.5,bull,2021-11-10T00:00:00+00:00|69198.7
2023-06-07T00:00:00+00:00,2023-06-07T23:59:59.999000+00:00,26325.9,bull,2021-11-10T00:00:00+00:00|69198.7
2023-06-08T00:00:00+00:00,2023-06-08T23:59:59.999000+00:00,26485.9,bull,2021-11-10T00:00:00+00:00|69198.7
2023-06-09T00:00:00+00:00,2023-06-09T23:59:59.999000+00:00,26468.1,bull,2021-11-10T00:00:00+00:00|69198.7
2023-06-10T00:00:00+00:00,2023-06-10T23:59:59.999000+00:00,25826.6,bull,2021-11-10T00:00:00+00:00|69198.7
2023-06-11T00:00:00+00:00,2023-06-11T23:59:59.999000+00:00,25909.9,bull,2021-11-10T00:00:00+00:00|69198.7
2023-06-12T00:00:00+00:00,2023-06-12T23:59:59.999000+00:00,25894.8,bull,2021-11-10T00:00:00+00:00|69198.7
2023-06-13T00:00:00+00:00,2023-06-13T23:59:59.999000+00:00,25918.0,bull,2021-11-10T00:00:00+00:00|69198.7
2023-06-14T00:00:00+00:00,2023-06-14T23:59:59.999000+00:00,25115.9,bull,2021-11-10T00:00:00+00:00|69198.7
2023-06-15T00:00:00+00:00,2023-06-15T23:59:59.999000+00:00,25586.1,bull,2021-11-10T00:00:00+00:00|69198.7
2023-06-16T00:00:00+00:00,2023-06-16T23:59:59.999000+00:00,26336.0,bull,2021-11-10T00:00:00+00:00|69198.7
2023-06-17T00:00:00+00:00,2023-06-17T23:59:59.999000+00:00,26508.9,bull,2021-11-10T00:00:00+00:00|69198.7
2023-06-18T00:00:00+00:00,2023-06-18T23:59:59.999000+00:00,26329.7,bull,2021-11-10T00:00:00+00:00|69198.7
2023-06-19T00:00:00+00:00,2023-06-19T23:59:59.999000+00:00,26828.5,bull,2021-11-10T00:00:00+00:00|69198.7
2023-06-20T00:00:00+00:00,2023-06-20T23:59:59.999000+00:00,28290.6,bull,2021-11-10T00:00:00+00:00|69198.7
2023-06-21T00:00:00+00:00,2023-06-21T23:59:59.999000+00:00,29988.5,bull,2021-11-10T00:00:00+00:00|69198.7
2023-06-22T00:00:00+00:00,2023-06-22T23:59:59.999000+00:00,29875.0,bull,2021-11-10T00:00:00+00:00|69198.7
2023-06-23T00:00:00+00:00,2023-06-23T23:59:59.999000+00:00,30673.4,bull,2021-11-10T00:00:00+00:00|69198.7
2023-06-24T00:00:00+00:00,2023-06-24T23:59:59.999000+00:00,30524.2,bull,2021-11-10T00:00:00+00:00|69198.7
2023-06-25T00:00:00+00:00,2023-06-25T23:59:59.999000+00:00,30458.0,bull,2021-11-10T00:00:00+00:00|69198.7
2023-06-26T00:00:00+00:00,2023-06-26T23:59:59.999000+00:00,30260.1,bull,2021-11-10T00:00:00+00:00|69198.7
2023-06-27T00:00:00+00:00,2023-06-27T23:59:59.999000+00:00,30683.2,bull,2021-11-10T00:00:00+00:00|69198.7
2023-06-28T00:00:00+00:00,2023-06-28T23:59:59.999000+00:00,30066.3,bull,2021-11-10T00:00:00+00:00|69198.7
2023-06-29T00:00:00+00:00,2023-06-29T23:59:59.999000+00:00,30439.9,bull,2021-11-10T00:00:00+00:00|69198.7
2023-06-30T00:00:00+00:00,2023-06-30T23:59:59.999000+00:00,30460.2,bull,2021-11-10T00:00:00+00:00|69198.7
2023-07-01T00:00:00+00:00,2023-07-01T23:59:59.999000+00:00,30573.6,bull,2021-11-10T00:00:00+00:00|69198.7
2023-07-02T00:00:00+00:00,2023-07-02T23:59:59.999000+00:00,30612.7,bull,2021-11-10T00:00:00+00:00|69198.7
2023-07-03T00:00:00+00:00,2023-07-03T23:59:59.999000+00:00,31149.0,bull,2021-11-10T00:00:00+00:00|69198.7
2023-07-04T00:00:00+00:00,2023-07-04T23:59:59.999000+00:00,30756.1,bull,2021-11-10T00:00:00+00:00|69198.7
2023-07-05T00:00:00+00:00,2023-07-05T23:59:59.999000+00:00,30488.4,bull,2021-11-10T00:00:00+00:00|69198.7
2023-07-06T00:00:00+00:00,2023-07-06T23:59:59.999000+00:00,29874.4,bull,2021-11-10T00:00:00+00:00|69198.7
2023-07-07T00:00:00+00:00,2023-07-07T23:59:59.999000+00:00,30327.9,bull,2021-11-10T00:00:00+00:00|69198.7
2023-07-08T00:00:00+00:00,2023-07-08T23:59:59.999000+00:00,30269.3,bull,2021-11-10T00:00:00+00:00|69198.7
2023-07-09T00:00:00+00:00,2023-07-09T23:59:59.999000+00:00,30147.8,bull,2021-11-10T00:00:00+00:00|69198.7
2023-07-10T00:00:00+00:00,2023-07-10T23:59:59.999000+00:00,30396.9,bull,2021-11-10T00:00:00+00:00|69198.7
2023-07-11T00:00:00+00:00,2023-07-11T23:59:59.999000+00:00,30608.4,bull,2021-11-10T00:00:00+00:00|69198.7
2023-07-12T00:00:00+00:00,2023-07-12T23:59:59.999000+00:00,30368.9,bull,2021-11-10T00:00:00+00:00|69198.7
2023-07-13T00:00:00+00:00,2023-07-13T23:59:59.999000+00:00,31441.7,bull,2021-11-10T00:00:00+00:00|69198.7
2023-07-14T00:00:00+00:00,2023-07-14T23:59:59.999000+00:00,30293.3,bull,2021-11-10T00:00:00+00:00|69198.7
2023-07-15T00:00:00+00:00,2023-07-15T23:59:59.999000+00:00,30276.4,bull,2021-11-10T00:00:00+00:00|69198.7
2023-07-16T00:00:00+00:00,2023-07-16T23:59:59.999000+00:00,30216.8,bull,2021-11-10T00:00:00+00:00|69198.7
2023-07-17T00:00:00+00:00,2023-07-17T23:59:59.999000+00:00,30126.1,bull,2021-11-10T00:00:00+00:00|69198.7
2023-07-18T00:00:00+00:00,2023-07-18T23:59:59.999000+00:00,29845.6,bull,2021-11-10T00:00:00+00:00|69198.7
2023-07-19T00:00:00+00:00,2023-07-19T23:59:59.999000+00:00,29895.5,bull,2021-11-10T00:00:00+00:00|69198.7
2023-07-20T00:00:00+00:00,2023-07-20T23:59:59.999000+00:00,29791.0,bull,2021-11-10T00:00:00+00:00|69198.7
2023-07-21T00:00:00+00:00,2023-07-21T23:59:59.999000+00:00,29891.4,bull,2021-11-10T00:00:00+00:00|69198.7
2023-07-22T00:00:00+00:00,2023-07-22T23:59:59.999000+00:00,29783.5,bull,2021-11-10T00:00:00+00:00|69198.7
2023-07-23T00:00:00+00:00,2023-07-23T23:59:59.999000+00:00,30070.8,bull,2021-11-10T00:00:00+00:00|69198.7
2023-07-24T00:00:00+00:00,2023-07-24T23:59:59.999000+00:00,29163.8,bull,2021-11-10T00:00:00+00:00|69198.7
2023-07-25T00:00:00+00:00,2023-07-25T23:59:59.999000+00:00,29216.3,bull,2021-11-10T00:00:00+00:00|69198.7
2023-07-26T00:00:00+00:00,2023-07-26T23:59:59.999000+00:00,29336.0,bull,2021-11-10T00:00:00+00:00|69198.7
2023-07-27T00:00:00+00:00,2023-07-27T23:59:59.999000+00:00,29209.7,bull,2021-11-10T00:00:00+00:00|69198.7
2023-07-28T00:00:00+00:00,2023-07-28T23:59:59.999000+00:00,29299.9,bull,2021-11-10T00:00:00+00:00|69198.7
2023-07-29T00:00:00+00:00,2023-07-29T23:59:59.999000+00:00,29339.1,bull,2021-11-10T00:00:00+00:00|69198.7
2023-07-30T00:00:00+00:00,2023-07-30T23:59:59.999000+00:00,29271.1,bull,2021-11-10T00:00:00+00:00|69198.7
2023-07-31T00:00:00+00:00,2023-07-31T23:59:59.999000+00:00,29220.8,bull,2021-11-10T00:00:00+00:00|69198.7
2023-08-01T00:00:00+00:00,2023-08-01T23:59:59.999000+00:00,29701.2,bull,2021-11-10T00:00:00+00:00|69198.7
2023-08-02T00:00:00+00:00,2023-08-02T23:59:59.999000+00:00,29170.1,bull,2021-11-10T00:00:00+00:00|69198.7
2023-08-03T00:00:00+00:00,2023-08-03T23:59:59.999000+00:00,29180.2,bull,2021-11-10T00:00:00+00:00|69198.7
2023-08-04T00:00:00+00:00,2023-08-04T23:59:59.999000+00:00,29101.1,bull,2021-11-10T00:00:00+00:00|69198.7
2023-08-05T00:00:00+00:00,2023-08-05T23:59:59.999000+00:00,29057.7,bull,2021-11-10T00:00:00+00:00|69198.7
2023-08-06T00:00:00+00:00,2023-08-06T23:59:59.999000+00:00,29075.9,bull,2021-11-10T00:00:00+00:00|69198.7
2023-08-07T00:00:00+00:00,2023-08-07T23:59:59.999000+00:00,29202.7,bull,2021-11-10T00:00:00+00:00|69198.7
2023-08-08T00:00:00+00:00,2023-08-08T23:59:59.999000+00:00,29759.0,bull,2021-11-10T00:00:00+00:00|69198.7
2023-08-09T00:00:00+00:00,2023-08-09T23:59:59.999000+00:00,29572.8,bull,2021-11-10T00:00:00+00:00|69198.7
2023-08-10T00:00:00+00:00,2023-08-10T23:59:59.999000+00:00,29443.7,bull,2021-11-10T00:00:00+00:00|69198.7
2023-08-11T00:00:00+00:00,2023-08-11T23:59:59.999000+00:00,29415.5,bull,2021-11-10T00:00:00+00:00|69198.7
2023-08-12T00:00:00+00:00,2023-08-12T23:59:59.999000+00:00,29420.7,bull,2021-11-10T00:00:00+00:00|69198.7
2023-08-13T00:00:00+00:00,2023-08-13T23:59:59.999000+00:00,29293.3,bull,2021-11-10T00:00:00+00:00|69198.7
2023-08-14T00:00:00+00:00,2023-08-14T23:59:59.999000+00:00,29419.5,bull,2021-11-10T00:00:00+00:00|69198.7
2023-08-15T00:00:00+00:00,2023-08-15T23:59:59.999000+00:00,29188.8,bull,2021-11-10T00:00:00+00:00|69198.7
2023-08-16T00:00:00+00:00,2023-08-16T23:59:59.999000+00:00,28714.4,bull,2021-11-10T00:00:00+00:00|69198.7
2023-08-17T00:00:00+00:00,2023-08-17T23:59:59.999000+00:00,26609.7,bull,2021-11-10T00:00:00+00:00|69198.7
2023-08-18T00:00:00+00:00,2023-08-18T23:59:59.999000+00:00,26042.1,bull,2021-11-10T00:00:00+00:00|69198.7
2023-08-19T00:00:00+00:00,2023-08-19T23:59:59.999000+00:00,26088.3,bull,2021-11-10T00:00:00+00:00|69198.7
2023-08-20T00:00:00+00:00,2023-08-20T23:59:59.999000+00:00,26175.9,bull,2021-11-10T00:00:00+00:00|69198.7
2023-08-21T00:00:00+00:00,2023-08-21T23:59:59.999000+00:00,26115.4,bull,2021-11-10T00:00:00+00:00|69198.7
2023-08-22T00:00:00+00:00,2023-08-22T23:59:59.999000+00:00,26044.4,bull,2021-11-10T00:00:00+00:00|69198.7
2023-08-23T00:00:00+00:00,2023-08-23T23:59:59.999000+00:00,26419.2,bull,2021-11-10T00:00:00+00:00|69198.7
2023-08-24T00:00:00+00:00,2023-08-24T23:59:59.999000+00:00,26164.6,bull,2021-11-10T00:00:00+00:00|69198.7
2023-08-25T00:00:00+00:00,2023-08-25T23:59:59.999000+00:00,26051.7,bull,2021-11-10T00:00:00+00:00|69198.7
2023-08-26T00:00:00+00:00,2023-08-26T23:59:59.999000+00:00,26004.3,bull,2021-11-10T00:00:00+00:00|69198.7
2023-08-27T00:00:00+00:00,2023-08-27T23:59:59.999000+00:00,26087.7,bull,2021-11-10T00:00:00+00:00|69198.7
2023-08-28T00:00:00+00:00,2023-08-28T23:59:59.999000+00:00,26106.5,bull,2021-11-10T00:00:00+00:00|69198.7
2023-08-29T00:00:00+00:00,2023-08-29T23:59:59.999000+00:00,27700.1,bull,2021-11-10T00:00:00+00:00|69198.7
2023-08-30T00:00:00+00:00,2023-08-30T23:59:59.999000+00:00,27290.4,bull,2021-11-10T00:00:00+00:00|69198.7
2023-08-31T00:00:00+00:00,2023-08-31T23:59:59.999000+00:00,25928.0,bull,2021-11-10T00:00:00+00:00|69198.7
2023-09-01T00:00:00+00:00,2023-09-01T23:59:59.999000+00:00,25795.6,bull,2021-11-10T00:00:00+00:00|69198.7
2023-09-02T00:00:00+00:00,2023-09-02T23:59:59.999000+00:00,25855.8,bull,2021-11-10T00:00:00+00:00|69198.7
2023-09-03T00:00:00+00:00,2023-09-03T23:59:59.999000+00:00,25962.1,bull,2021-11-10T00:00:00+00:00|69198.7
2023-09-04T00:00:00+00:00,2023-09-04T23:59:59.999000+00:00,25814.0,bull,2021-11-10T00:00:00+00:00|69198.7
2023-09-05T00:00:00+00:00,2023-09-05T23:59:59.999000+00:00,25779.7,bull,2021-11-10T00:00:00+00:00|69198.7
2023-09-06T00:00:00+00:00,2023-09-06T23:59:59.999000+00:00,25747.4,bull,2021-11-10T00:00:00+00:00|69198.7
2023-09-07T00:00:00+00:00,2023-09-07T23:59:59.999000+00:00,26240.7,bull,2021-11-10T00:00:00+00:00|69198.7
2023-09-08T00:00:00+00:00,2023-09-08T23:59:59.999000+00:00,25899.8,bull,2021-11-10T00:00:00+00:00|69198.7
2023-09-09T00:00:00+00:00,2023-09-09T23:59:59.999000+00:00,25892.6,bull,2021-11-10T00:00:00+00:00|69198.7
2023-09-10T00:00:00+00:00,2023-09-10T23:59:59.999000+00:00,25828.4,bull,2021-11-10T00:00:00+00:00|69198.7
2023-09-11T00:00:00+00:00,2023-09-11T23:59:59.999000+00:00,25150.4,bull,2021-11-10T00:00:00+00:00|69198.7
2023-09-12T00:00:00+00:00,2023-09-12T23:59:59.999000+00:00,25825.8,bull,2021-11-10T00:00:00+00:00|69198.7
2023-09-13T00:00:00+00:00,2023-09-13T23:59:59.999000+00:00,26209.9,bull,2021-11-10T00:00:00+00:00|69198.7
2023-09-14T00:00:00+00:00,2023-09-14T23:59:59.999000+00:00,26510.3,bull,2021-11-10T00:00:00+00:00|69198.7
2023-09-15T00:00:00+00:00,2023-09-15T23:59:59.999000+00:00,26591.1,bull,2021-11-10T00:00:00+00:00|69198.7
2023-09-16T00:00:00+00:00,2023-09-16T23:59:59.999000+00:00,26546.9,bull,2021-11-10T00:00:00+00:00|69198.7
2023-09-17T00:00:00+00:00,2023-09-17T23:59:59.999000+00:00,26514.2,bull,2021-11-10T00:00:00+00:00|69198.7
2023-09-18T00:00:00+00:00,2023-09-18T23:59:59.999000+00:00,26749.9,bull,2021-11-10T00:00:00+00:00|69198.7
2023-09-19T00:00:00+00:00,2023-09-19T23:59:59.999000+00:00,27196.0,bull,2021-11-10T00:00:00+00:00|69198.7
2023-09-20T00:00:00+00:00,2023-09-20T23:59:59.999000+00:00,27107.7,bull,2021-11-10T00:00:00+00:00|69198.7
2023-09-21T00:00:00+00:00,2023-09-21T23:59:59.999000+00:00,26552.6,bull,2021-11-10T00:00:00+00:00|69198.7
2023-09-22T00:00:00+00:00,2023-09-22T23:59:59.999000+00:00,26566.7,bull,2021-11-10T00:00:00+00:00|69198.7
2023-09-23T00:00:00+00:00,2023-09-23T23:59:59.999000+00:00,26563.1,bull,2021-11-10T00:00:00+00:00|69198.7
2023-09-24T00:00:00+00:00,2023-09-24T23:59:59.999000+00:00,26232.4,bull,2021-11-10T00:00:00+00:00|69198.7
2023-09-25T00:00:00+00:00,2023-09-25T23:59:59.999000+00:00,26290.5,bull,2021-11-10T00:00:00+00:00|69198.7
2023-09-26T00:00:00+00:00,2023-09-26T23:59:59.999000+00:00,26208.8,bull,2021-11-10T00:00:00+00:00|69198.7
2023-09-27T00:00:00+00:00,2023-09-27T23:59:59.999000+00:00,26359.6,bull,2021-11-10T00:00:00+00:00|69198.7
2023-09-28T00:00:00+00:00,2023-09-28T23:59:59.999000+00:00,27011.8,bull,2021-11-10T00:00:00+00:00|69198.7
2023-09-29T00:00:00+00:00,2023-09-29T23:59:59.999000+00:00,26890.9,bull,2021-11-10T00:00:00+00:00|69198.7
2023-09-30T00:00:00+00:00,2023-09-30T23:59:59.999000+00:00,26950.9,bull,2021-11-10T00:00:00+00:00|69198.7
2023-10-01T00:00:00+00:00,2023-10-01T23:59:59.999000+00:00,27981.4,bull,2021-11-10T00:00:00+00:00|69198.7
2023-10-02T00:00:00+00:00,2023-10-02T23:59:59.999000+00:00,27477.6,bull,2021-11-10T00:00:00+00:00|69198.7
2023-10-03T00:00:00+00:00,2023-10-03T23:59:59.999000+00:00,27412.0,bull,2021-11-10T00:00:00+00:00|69198.7
2023-10-04T00:00:00+00:00,2023-10-04T23:59:59.999000+00:00,27759.8,bull,2021-11-10T00:00:00+00:00|69198.7
2023-10-05T00:00:00+00:00,2023-10-05T23:59:59.999000+00:00,27398.4,bull,2021-11-10T00:00:00+00:00|69198.7
2023-10-06T00:00:00+00:00,2023-10-06T23:59:59.999000+00:00,27916.3,bull,2021-11-10T00:00:00+00:00|69198.7
2023-10-07T00:00:00+00:00,2023-10-07T23:59:59.999000+00:00,27943.0,bull,2021-11-10T00:00:00+00:00|69198.7
2023-10-08T00:00:00+00:00,2023-10-08T23:59:59.999000+00:00,27901.2,bull,2021-11-10T00:00:00+00:00|69198.7
2023-10-09T00:00:00+00:00,2023-10-09T23:59:59.999000+00:00,27578.3,bull,2021-11-10T00:00:00+00:00|69198.7
2023-10-10T00:00:00+00:00,2023-10-10T23:59:59.999000+00:00,27381.2,bull,2021-11-10T00:00:00+00:00|69198.7
2023-10-11T00:00:00+00:00,2023-10-11T23:59:59.999000+00:00,26864.5,bull,2021-11-10T00:00:00+00:00|69198.7
2023-10-12T00:00:00+00:00,2023-10-12T23:59:59.999000+00:00,26744.0,bull,2021-11-10T00:00:00+00:00|69198.7
2023-10-13T00:00:00+00:00,2023-10-13T23:59:59.999000+00:00,26849.8,bull,2021-11-10T00:00:00+00:00|69198.7
2023-10-14T00:00:00+00:00,2023-10-14T23:59:59.999000+00:00,26836.3,bull,2021-11-10T00:00:00+00:00|69198.7
2023-10-15T00:00:00+00:00,2023-10-15T23:59:59.999000+00:00,27139.8,bull,2021-11-10T00:00:00+00:00|69198.7
2023-10-16T00:00:00+00:00,2023-10-16T23:59:59.999000+00:00,28486.3,bull,2021-11-10T00:00:00+00:00|69198.7
2023-10-17T00:00:00+00:00,2023-10-17T23:59:59.999000+00:00,28381.9,bull,2021-11-10T00:00:00+00:00|69198.7
2023-10-18T00:00:00+00:00,2023-10-18T23:59:59.999000+00:00,28307.1,bull,2021-11-10T00:00:00+00:00|69198.7
2023-10-19T00:00:00+00:00,2023-10-19T23:59:59.999000+00:00,28696.9,bull,2021-11-10T00:00:00+00:00|69198.7
2023-10-20T00:00:00+00:00,2023-10-20T23:59:59.999000+00:00,29653.0,bull,2021-11-10T00:00:00+00:00|69198.7
2023-10-21T00:00:00+00:00,2023-10-21T23:59:59.999000+00:00,29895.4,bull,2021-11-10T00:00:00+00:00|69198.7
2023-10-22T00:00:00+00:00,2023-10-22T23:59:59.999000+00:00,29981.5,bull,2021-11-10T00:00:00+00:00|69198.7
2023-10-23T00:00:00+00:00,2023-10-23T23:59:59.999000+00:00,33074.0,bull,2021-11-10T00:00:00+00:00|69198.7
2023-10-24T00:00:00+00:00,2023-10-24T23:59:59.999000+00:00,33917.0,bull,2021-11-10T00:00:00+00:00|69198.7
2023-10-25T00:00:00+00:00,2023-10-25T23:59:59.999000+00:00,34487.7,bull,2021-11-10T00:00:00+00:00|69198.7
2023-10-26T00:00:00+00:00,2023-10-26T23:59:59.999000+00:00,34154.0,bull,2021-11-10T00:00:00+00:00|69198.7
2023-10-27T00:00:00+00:00,2023-10-27T23:59:59.999000+00:00,33893.1,bull,2021-11-10T00:00:00+00:00|69198.7
2023-10-28T00:00:00+00:00,2023-10-28T23:59:59.999000+00:00,34086.6,bull,2021-11-10T00:00:00+00:00|69198.7
2023-10-29T00:00:00+00:00,2023-10-29T23:59:59.999000+00:00,34528.6,bull,2021-11-10T00:00:00+00:00|69198.7
2023-10-30T00:00:00+00:00,2023-10-30T23:59:59.999000+00:00,34483.8,bull,2021-11-10T00:00:00+00:00|69198.7
2023-10-31T00:00:00+00:00,2023-10-31T23:59:59.999000+00:00,34651.4,bull,2021-11-10T00:00:00+00:00|69198.7
2023-11-01T00:00:00+00:00,2023-11-01T23:59:59.999000+00:00,35437.4,bull,2021-11-10T00:00:00+00:00|69198.7
2023-11-02T00:00:00+00:00,2023-11-02T23:59:59.999000+00:00,34940.1,bull,2021-11-10T00:00:00+00:00|69198.7
2023-11-03T00:00:00+00:00,2023-11-03T23:59:59.999000+00:00,34700.4,bull,2021-11-10T00:00:00+00:00|69198.7
2023-11-04T00:00:00+00:00,2023-11-04T23:59:59.999000+00:00,35069.7,bull,2021-11-10T00:00:00+00:00|69198.7
2023-11-05T00:00:00+00:00,2023-11-05T23:59:59.999000+00:00,35025.5,bull,2021-11-10T00:00:00+00:00|69198.7
2023-11-06T00:00:00+00:00,2023-11-06T23:59:59.999000+00:00,35057.4,bull,2021-11-10T00:00:00+00:00|69198.7
2023-11-07T00:00:00+00:00,2023-11-07T23:59:59.999000+00:00,35406.5,bull,2021-11-10T00:00:00+00:00|69198.7
2023-11-08T00:00:00+00:00,2023-11-08T23:59:59.999000+00:00,35626.7,bull,2021-11-10T00:00:00+00:00|69198.7
2023-11-09T00:00:00+00:00,2023-11-09T23:59:59.999000+00:00,36719.5,bull,2021-11-10T00:00:00+00:00|69198.7
2023-11-10T00:00:00+00:00,2023-11-10T23:59:59.999000+00:00,37330.4,bull,2021-11-10T00:00:00+00:00|69198.7
2023-11-11T00:00:00+00:00,2023-11-11T23:59:59.999000+00:00,37162.1,bull,2021-11-10T00:00:00+00:00|69198.7
2023-11-12T00:00:00+00:00,2023-11-12T23:59:59.999000+00:00,37085.5,bull,2021-11-10T00:00:00+00:00|69198.7
2023-11-13T00:00:00+00:00,2023-11-13T23:59:59.999000+00:00,36486.2,bull,2021-11-10T00:00:00+00:00|69198.7
2023-11-14T00:00:00+00:00,2023-11-14T23:59:59.999000+00:00,35559.0,bull,2021-11-10T00:00:00+00:00|69198.7
2023-11-15T00:00:00+00:00,2023-11-15T23:59:59.999000+00:00,37885.6,bull,2021-11-10T00:00:00+00:00|69198.7
2023-11-16T00:00:00+00:00,2023-11-16T23:59:59.999000+00:00,36176.0,bull,2021-11-10T00:00:00+00:00|69198.7
2023-11-17T00:00:00+00:00,2023-11-17T23:59:59.999000+00:00,36621.9,bull,2021-11-10T00:00:00+00:00|69198.7
2023-11-18T00:00:00+00:00,2023-11-18T23:59:59.999000+00:00,36580.9,bull,2021-11-10T00:00:00+00:00|69198.7
2023-11-19T00:00:00+00:00,2023-11-19T23:59:59.999000+00:00,37375.9,bull,2021-11-10T00:00:00+00:00|69198.7
2023-11-20T00:00:00+00:00,2023-11-20T23:59:59.999000+00:00,37462.5,bull,2021-11-10T00:00:00+00:00|69198.7
2023-11-21T00:00:00+00:00,2023-11-21T23:59:59.999000+00:00,35737.0,bull,2021-11-10T00:00:00+00:00|69198.7
2023-11-22T00:00:00+00:00,2023-11-22T23:59:59.999000+00:00,37413.4,bull,2021-11-10T00:00:00+00:00|69198.7
2023-11-23T00:00:00+00:00,2023-11-23T23:59:59.999000+00:00,37294.3,bull,2021-11-10T00:00:00+00:00|69198.7
2023-11-24T00:00:00+00:00,2023-11-24T23:59:59.999000+00:00,37706.3,bull,2021-11-10T00:00:00+00:00|69198.7
2023-11-25T00:00:00+00:00,2023-11-25T23:59:59.999000+00:00,37766.6,bull,2021-11-10T00:00:00+00:00|69198.7
2023-11-26T00:00:00+00:00,2023-11-26T23:59:59.999000+00:00,37437.9,bull,2021-11-10T00:00:00+00:00|69198.7
2023-11-27T00:00:00+00:00,2023-11-27T23:59:59.999000+00:00,37234.3,bull,2021-11-10T00:00:00+00:00|69198.7
2023-11-28T00:00:00+00:00,2023-11-28T23:59:59.999000+00:00,37812.1,bull,2021-11-10T00:00:00+00:00|69198.7
2023-11-29T00:00:00+00:00,2023-11-29T23:59:59.999000+00:00,37837.1,bull,2021-11-10T00:00:00+00:00|69198.7
2023-11-30T00:00:00+00:00,2023-11-30T23:59:59.999000+00:00,37716.8,bull,2021-11-10T00:00:00+00:00|69198.7
2023-12-01T00:00:00+00:00,2023-12-01T23:59:59.999000+00:00,38660.0,bull,2021-11-10T00:00:00+00:00|69198.7
2023-12-02T00:00:00+00:00,2023-12-02T23:59:59.999000+00:00,39435.0,bull,2021-11-10T00:00:00+00:00|69198.7
2023-12-03T00:00:00+00:00,2023-12-03T23:59:59.999000+00:00,39979.7,bull,2021-11-10T00:00:00+00:00|69198.7
2023-12-04T00:00:00+00:00,2023-12-04T23:59:59.999000+00:00,41993.1,bull,2021-11-10T00:00:00+00:00|69198.7
2023-12-05T00:00:00+00:00,2023-12-05T23:59:59.999000+00:00,44081.7,bull,2021-11-10T00:00:00+00:00|69198.7
2023-12-06T00:00:00+00:00,2023-12-06T23:59:59.999000+00:00,43774.8,bull,2021-11-10T00:00:00+00:00|69198.7
2023-12-07T00:00:00+00:00,2023-12-07T23:59:59.999000+00:00,43296.0,bull,2021-11-10T00:00:00+00:00|69198.7
2023-12-08T00:00:00+00:00,2023-12-08T23:59:59.999000+00:00,44209.5,bull,2021-11-10T00:00:00+00:00|69198.7
2023-12-09T00:00:00+00:00,2023-12-09T23:59:59.999000+00:00,43734.3,bull,2021-11-10T00:00:00+00:00|69198.7
2023-12-10T00:00:00+00:00,2023-12-10T23:59:59.999000+00:00,43810.0,bull,2021-11-10T00:00:00+00:00|69198.7
2023-12-11T00:00:00+00:00,2023-12-11T23:59:59.999000+00:00,41271.0,bull,2021-11-10T00:00:00+00:00|69198.7
2023-12-12T00:00:00+00:00,2023-12-12T23:59:59.999000+00:00,41515.0,bull,2021-11-10T00:00:00+00:00|69198.7
2023-12-13T00:00:00+00:00,2023-12-13T23:59:59.999000+00:00,42875.0,bull,2021-11-10T00:00:00+00:00|69198.7
2023-12-14T00:00:00+00:00,2023-12-14T23:59:59.999000+00:00,43032.4,bull,2021-11-10T00:00:00+00:00|69198.7
2023-12-15T00:00:00+00:00,2023-12-15T23:59:59.999000+00:00,41968.0,bull,2021-11-10T00:00:00+00:00|69198.7
2023-12-16T00:00:00+00:00,2023-12-16T23:59:59.999000+00:00,42287.4,bull,2021-11-10T00:00:00+00:00|69198.7
2023-12-17T00:00:00+00:00,2023-12-17T23:59:59.999000+00:00,41396.5,bull,2021-11-10T00:00:00+00:00|69198.7
2023-12-18T00:00:00+00:00,2023-12-18T23:59:59.999000+00:00,42671.7,bull,2021-11-10T00:00:00+00:00|69198.7
2023-12-19T00:00:00+00:00,2023-12-19T23:59:59.999000+00:00,42298.3,bull,2021-11-10T00:00:00+00:00|69198.7
2023-12-20T00:00:00+00:00,2023-12-20T23:59:59.999000+00:00,43708.9,bull,2021-11-10T00:00:00+00:00|69198.7
2023-12-21T00:00:00+00:00,2023-12-21T23:59:59.999000+00:00,43896.3,bull,2021-11-10T00:00:00+00:00|69198.7
2023-12-22T00:00:00+00:00,2023-12-22T23:59:59.999000+00:00,43999.2,bull,2021-11-10T00:00:00+00:00|69198.7
2023-12-23T00:00:00+00:00,2023-12-23T23:59:59.999000+00:00,43725.2,bull,2021-11-10T00:00:00+00:00|69198.7
2023-12-24T00:00:00+00:00,2023-12-24T23:59:59.999000+00:00,43008.4,bull,2021-11-10T00:00:00+00:00|69198.7
2023-12-25T00:00:00+00:00,2023-12-25T23:59:59.999000+00:00,43611.9,bull,2021-11-10T00:00:00+00:00|69198.7
2023-12-26T00:00:00+00:00,2023-12-26T23:59:59.999000+00:00,42538.5,bull,2021-11-10T00:00:00+00:00|69198.7
2023-12-27T00:00:00+00:00,2023-12-27T23:59:59.999000+00:00,43453.8,bull,2021-11-10T00:00:00+00:00|69198.7
2023-12-28T00:00:00+00:00,2023-12-28T23:59:59.999000+00:00,42600.1,bull,2021-11-10T00:00:00+00:00|69198.7
2023-12-29T00:00:00+00:00,2023-12-29T23:59:59.999000+00:00,42095.1,bull,2021-11-10T00:00:00+00:00|69198.7
2023-12-30T00:00:00+00:00,2023-12-30T23:59:59.999000+00:00,42174.2,bull,2021-11-10T00:00:00+00:00|69198.7
2023-12-31T00:00:00+00:00,2023-12-31T23:59:59.999000+00:00,42314.0,bull,2021-11-10T00:00:00+00:00|69198.7
2024-01-01T00:00:00+00:00,2024-01-01T23:59:59.999000+00:00,44230.2,bull,2021-11-10T00:00:00+00:00|69198.7
2024-01-02T00:00:00+00:00,2024-01-02T23:59:59.999000+00:00,44979.8,bull,2021-11-10T00:00:00+00:00|69198.7
2024-01-03T00:00:00+00:00,2024-01-03T23:59:59.999000+00:00,42849.5,bull,2021-11-10T00:00:00+00:00|69198.7
2024-01-04T00:00:00+00:00,2024-01-04T23:59:59.999000+00:00,44143.8,bull,2021-11-10T00:00:00+00:00|69198.7
2024-01-05T00:00:00+00:00,2024-01-05T23:59:59.999000+00:00,44145.4,bull,2021-11-10T00:00:00+00:00|69198.7
2024-01-06T00:00:00+00:00,2024-01-06T23:59:59.999000+00:00,43956.7,bull,2021-11-10T00:00:00+00:00|69198.7
2024-01-07T00:00:00+00:00,2024-01-07T23:59:59.999000+00:00,43916.9,bull,2021-11-10T00:00:00+00:00|69198.7
2024-01-08T00:00:00+00:00,2024-01-08T23:59:59.999000+00:00,46972.7,bull,2021-11-10T00:00:00+00:00|69198.7
2024-01-09T00:00:00+00:00,2024-01-09T23:59:59.999000+00:00,46114.0,bull,2021-11-10T00:00:00+00:00|69198.7
2024-01-10T00:00:00+00:00,2024-01-10T23:59:59.999000+00:00,46662.9,bull,2021-11-10T00:00:00+00:00|69198.7
2024-01-11T00:00:00+00:00,2024-01-11T23:59:59.999000+00:00,46337.8,bull,2021-11-10T00:00:00+00:00|69198.7
2024-01-12T00:00:00+00:00,2024-01-12T23:59:59.999000+00:00,42788.9,bull,2021-11-10T00:00:00+00:00|69198.7
2024-01-13T00:00:00+00:00,2024-01-13T23:59:59.999000+00:00,42846.4,bull,2021-11-10T00:00:00+00:00|69198.7
2024-01-14T00:00:00+00:00,2024-01-14T23:59:59.999000+00:00,41734.9,bull,2021-11-10T00:00:00+00:00|69198.7
2024-01-15T00:00:00+00:00,2024-01-15T23:59:59.999000+00:00,42515.0,bull,2021-11-10T00:00:00+00:00|69198.7
2024-01-16T00:00:00+00:00,2024-01-16T23:59:59.999000+00:00,43133.0,bull,2021-11-10T00:00:00+00:00|69198.7
2024-01-17T00:00:00+00:00,2024-01-17T23:59:59.999000+00:00,42783.4,bull,2021-11-10T00:00:00+00:00|69198.7
2024-01-18T00:00:00+00:00,2024-01-18T23:59:59.999000+00:00,41323.1,bull,2021-11-10T00:00:00+00:00|69198.7
2024-01-19T00:00:00+00:00,2024-01-19T23:59:59.999000+00:00,41662.2,bull,2021-11-10T00:00:00+00:00|69198.7
2024-01-20T00:00:00+00:00,2024-01-20T23:59:59.999000+00:00,41691.8,bull,2021-11-10T00:00:00+00:00|69198.7
2024-01-21T00:00:00+00:00,2024-01-21T23:59:59.999000+00:00,41580.0,bull,2021-11-10T00:00:00+00:00|69198.7
2024-01-22T00:00:00+00:00,2024-01-22T23:59:59.999000+00:00,39567.0,bull,2021-11-10T00:00:00+00:00|69198.7
2024-01-23T00:00:00+00:00,2024-01-23T23:59:59.999000+00:00,39890.0,bull,2021-11-10T00:00:00+00:00|69198.7
2024-01-24T00:00:00+00:00,2024-01-24T23:59:59.999000+00:00,40078.7,bull,2021-11-10T00:00:00+00:00|69198.7
2024-01-25T00:00:00+00:00,2024-01-25T23:59:59.999000+00:00,39953.3,bull,2021-11-10T00:00:00+00:00|69198.7
2024-01-26T00:00:00+00:00,2024-01-26T23:59:59.999000+00:00,41806.4,bull,2021-11-10T00:00:00+00:00|69198.7
2024-01-27T00:00:00+00:00,2024-01-27T23:59:59.999000+00:00,42102.2,bull,2021-11-10T00:00:00+00:00|69198.7
2024-01-28T00:00:00+00:00,2024-01-28T23:59:59.999000+00:00,42021.2,bull,2021-11-10T00:00:00+00:00|69198.7
2024-01-29T00:00:00+00:00,2024-01-29T23:59:59.999000+00:00,43287.7,bull,2021-11-10T00:00:00+00:00|69198.7
2024-01-30T00:00:00+00:00,2024-01-30T23:59:59.999000+00:00,42918.3,bull,2021-11-10T00:00:00+00:00|69198.7
2024-01-31T00:00:00+00:00,2024-01-31T23:59:59.999000+00:00,42560.5,bull,2021-11-10T00:00:00+00:00|69198.7
2024-02-01T00:00:00+00:00,2024-02-01T23:59:59.999000+00:00,43072.6,bull,2021-11-10T00:00:00+00:00|69198.7
2024-02-02T00:00:00+00:00,2024-02-02T23:59:59.999000+00:00,43182.0,bull,2021-11-10T00:00:00+00:00|69198.7
2024-02-03T00:00:00+00:00,2024-02-03T23:59:59.999000+00:00,42992.4,bull,2021-11-10T00:00:00+00:00|69198.7
2024-02-04T00:00:00+00:00,2024-02-04T23:59:59.999000+00:00,42570.3,bull,2021-11-10T00:00:00+00:00|69198.7
2024-02-05T00:00:00+00:00,2024-02-05T23:59:59.999000+00:00,42692.9,bull,2021-11-10T00:00:00+00:00|69198.7
2024-02-06T00:00:00+00:00,2024-02-06T23:59:59.999000+00:00,43079.1,bull,2021-11-10T00:00:00+00:00|69198.7
2024-02-07T00:00:00+00:00,2024-02-07T23:59:59.999000+00:00,44326.2,bull,2021-11-10T00:00:00+00:00|69198.7
2024-02-08T00:00:00+00:00,2024-02-08T23:59:59.999000+00:00,45269.1,bull,2021-11-10T00:00:00+00:00|69198.7
2024-02-09T00:00:00+00:00,2024-02-09T23:59:59.999000+00:00,47116.1,bull,2021-11-10T00:00:00+00:00|69198.7
2024-02-10T00:00:00+00:00,2024-02-10T23:59:59.999000+00:00,47732.6,bull,2021-11-10T00:00:00+00:00|69198.7
2024-02-11T00:00:00+00:00,2024-02-11T23:59:59.999000+00:00,48303.4,bull,2021-11-10T00:00:00+00:00|69198.7
2024-02-12T00:00:00+00:00,2024-02-12T23:59:59.999000+00:00,49943.6,bull,2021-11-10T00:00:00+00:00|69198.7
2024-02-13T00:00:00+00:00,2024-02-13T23:59:59.999000+00:00,49696.4,bull,2021-11-10T00:00:00+00:00|69198.7
2024-02-14T00:00:00+00:00,2024-02-14T23:59:59.999000+00:00,51823.2,bull,2021-11-10T00:00:00+00:00|69198.7
2024-02-15T00:00:00+00:00,2024-02-15T23:59:59.999000+00:00,51898.5,bull,2021-11-10T00:00:00+00:00|69198.7
2024-02-16T00:00:00+00:00,2024-02-16T23:59:59.999000+00:00,52148.6,bull,2021-11-10T00:00:00+00:00|69198.7
2024-02-17T00:00:00+00:00,2024-02-17T23:59:59.999000+00:00,51679.4,bull,2021-11-10T00:00:00+00:00|69198.7
2024-02-18T00:00:00+00:00,2024-02-18T23:59:59.999000+00:00,52175.9,bull,2021-11-10T00:00:00+00:00|69198.7
2024-02-19T00:00:00+00:00,2024-02-19T23:59:59.999000+00:00,51813.8,bull,2021-11-10T00:00:00+00:00|69198.7
2024-02-20T00:00:00+00:00,2024-02-20T23:59:59.999000+00:00,52297.4,bull,2021-11-10T00:00:00+00:00|69198.7
2024-02-21T00:00:00+00:00,2024-02-21T23:59:59.999000+00:00,51877.8,bull,2021-11-10T00:00:00+00:00|69198.7
2024-02-22T00:00:00+00:00,2024-02-22T23:59:59.999000+00:00,51316.9,bull,2021-11-10T00:00:00+00:00|69198.7
2024-02-23T00:00:00+00:00,2024-02-23T23:59:59.999000+00:00,50771.9,bull,2021-11-10T00:00:00+00:00|69198.7
2024-02-24T00:00:00+00:00,2024-02-24T23:59:59.999000+00:00,51602.1,bull,2021-11-10T00:00:00+00:00|69198.7
2024-02-25T00:00:00+00:00,2024-02-25T23:59:59.999000+00:00,51764.9,bull,2021-11-10T00:00:00+00:00|69198.7
2024-02-26T00:00:00+00:00,2024-02-26T23:59:59.999000+00:00,54511.6,bull,2021-11-10T00:00:00+00:00|69198.7
2024-02-27T00:00:00+00:00,2024-02-27T23:59:59.999000+00:00,57074.5,bull,2021-11-10T00:00:00+00:00|69198.7
2024-02-28T00:00:00+00:00,2024-02-28T23:59:59.999000+00:00,62487.9,bull,2021-11-10T00:00:00+00:00|69198.7
2024-02-29T00:00:00+00:00,2024-02-29T23:59:59.999000+00:00,61203.3,bull,2021-11-10T00:00:00+00:00|69198.7
2024-03-01T00:00:00+00:00,2024-03-01T23:59:59.999000+00:00,62430.6,bull,2021-11-10T00:00:00+00:00|69198.7
2024-03-02T00:00:00+00:00,2024-03-02T23:59:59.999000+00:00,62039.9,bull,2021-11-10T00:00:00+00:00|69198.7
2024-03-03T00:00:00+00:00,2024-03-03T23:59:59.999000+00:00,63178.5,bull,2021-11-10T00:00:00+00:00|69198.7
2024-03-04T00:00:00+00:00,2024-03-04T23:59:59.999000+00:00,68296.4,bull,2021-11-10T00:00:00+00:00|69198.7
2024-03-05T00:00:00+00:00,2024-03-05T23:59:59.999000+00:00,63747.4,bull,2024-03-05T00:00:00+00:00|69350.0
2024-03-06T00:00:00+00:00,2024-03-06T23:59:59.999000+00:00,66128.1,bull,2024-03-05T00:00:00+00:00|69350.0
2024-03-07T00:00:00+00:00,2024-03-07T23:59:59.999000+00:00,66870.0,bull,2024-03-05T00:00:00+00:00|69350.0
2024-03-08T00:00:00+00:00,2024-03-08T23:59:59.999000+00:00,68180.2,bull,2024-03-08T00:00:00+00:00|70330.8
2024-03-09T00:00:00+00:00,2024-03-09T23:59:59.999000+00:00,68360.1,bull,2024-03-08T00:00:00+00:00|70330.8
2024-03-10T00:00:00+00:00,2024-03-10T23:59:59.999000+00:00,69001.8,bull,2024-03-08T00:00:00+00:00|70330.8
2024-03-11T00:00:00+00:00,2024-03-11T23:59:59.999000+00:00,72153.8,bull,2024-03-11T00:00:00+00:00|72890.0
2024-03-12T00:00:00+00:00,2024-03-12T23:59:59.999000+00:00,71503.2,bull,2024-03-12T00:00:00+00:00|73370.0
2024-03-13T00:00:00+00:00,2024-03-13T23:59:59.999000+00:00,73127.6,bull,2024-03-13T00:00:00+00:00|73755.0
2024-03-14T00:00:00+00:00,2024-03-14T23:59:59.999000+00:00,71455.5,bull,2024-03-14T00:00:00+00:00|73881.4
2024-03-15T00:00:00+00:00,2024-03-15T23:59:59.999000+00:00,69552.2,bull,2024-03-14T00:00:00+00:00|73881.4
2024-03-16T00:00:00+00:00,2024-03-16T23:59:59.999000+00:00,65351.0,bull,2024-03-14T00:00:00+00:00|73881.4
2024-03-17T00:00:00+00:00,2024-03-17T23:59:59.999000+00:00,68447.9,bull,2024-03-14T00:00:00+00:00|73881.4
2024-03-18T00:00:00+00:00,2024-03-18T23:59:59.999000+00:00,67660.0,bull,2024-03-14T00:00:00+00:00|73881.4
2024-03-19T00:00:00+00:00,2024-03-19T23:59:59.999000+00:00,61974.1,bull,2024-03-14T00:00:00+00:00|73881.4
2024-03-20T00:00:00+00:00,2024-03-20T23:59:59.999000+00:00,67876.4,bull,2024-03-14T00:00:00+00:00|73881.4
2024-03-21T00:00:00+00:00,2024-03-21T23:59:59.999000+00:00,65539.9,bull,2024-03-14T00:00:00+00:00|73881.4
2024-03-22T00:00:00+00:00,2024-03-22T23:59:59.999000+00:00,63826.0,bull,2024-03-14T00:00:00+00:00|73881.4
2024-03-23T00:00:00+00:00,2024-03-23T23:59:59.999000+00:00,64020.3,bull,2024-03-14T00:00:00+00:00|73881.4
2024-03-24T00:00:00+00:00,2024-03-24T23:59:59.999000+00:00,67260.9,bull,2024-03-14T00:00:00+00:00|73881.4
2024-03-25T00:00:00+00:00,2024-03-25T23:59:59.999000+00:00,69920.5,bull,2024-03-14T00:00:00+00:00|73881.4
2024-03-26T00:00:00+00:00,2024-03-26T23:59:59.999000+00:00,70044.1,bull,2024-03-14T00:00:00+00:00|73881.4
2024-03-27T00:00:00+00:00,2024-03-27T23:59:59.999000+00:00,69532.6,bull,2024-03-14T00:00:00+00:00|73881.4
2024-03-28T00:00:00+00:00,2024-03-28T23:59:59.999000+00:00,70838.7,bull,2024-03-14T00:00:00+00:00|73881.4
2024-03-29T00:00:00+00:00,2024-03-29T23:59:59.999000+00:00,69903.6,bull,2024-03-14T00:00:00+00:00|73881.4
2024-03-30T00:00:00+00:00,2024-03-30T23:59:59.999000+00:00,69642.1,bull,2024-03-14T00:00:00+00:00|73881.4
2024-03-31T00:00:00+00:00,2024-03-31T23:59:59.999000+00:00,71363.0,bull,2024-03-14T00:00:00+00:00|73881.4
2024-04-01T00:00:00+00:00,2024-04-01T23:59:59.999000+00:00,69700.0,bull,2024-03-14T00:00:00+00:00|73881.4
2024-04-02T00:00:00+00:00,2024-04-02T23:59:59.999000+00:00,65505.3,bull,2024-03-14T00:00:00+00:00|73881.4
2024-04-03T00:00:00+00:00,2024-04-03T23:59:59.999000+00:00,65971.9,bull,2024-03-14T00:00:00+00:00|73881.4
2024-04-04T00:00:00+00:00,2024-04-04T23:59:59.999000+00:00,68489.9,bull,2024-03-14T00:00:00+00:00|73881.4
2024-04-05T00:00:00+00:00,2024-04-05T23:59:59.999000+00:00,67825.7,bull,2024-03-14T00:00:00+00:00|73881.4
2024-04-06T00:00:00+00:00,2024-04-06T23:59:59.999000+00:00,68901.6,bull,2024-03-14T00:00:00+00:00|73881.4
2024-04-07T00:00:00+00:00,2024-04-07T23:59:59.999000+00:00,69362.7,bull,2024-03-14T00:00:00+00:00|73881.4
2024-04-08T00:00:00+00:00,2024-04-08T23:59:59.999000+00:00,71678.4,bull,2024-03-14T00:00:00+00:00|73881.4
2024-04-09T00:00:00+00:00,2024-04-09T23:59:59.999000+00:00,69189.3,bull,2024-03-14T00:00:00+00:00|73881.4
2024-04-10T00:00:00+00:00,2024-04-10T23:59:59.999000+00:00,70681.7,bull,2024-03-14T00:00:00+00:00|73881.4
2024-04-11T00:00:00+00:00,2024-04-11T23:59:59.999000+00:00,70055.7,bull,2024-03-14T00:00:00+00:00|73881.4
2024-04-12T00:00:00+00:00,2024-04-12T23:59:59.999000+00:00,67136.4,bull,2024-03-14T00:00:00+00:00|73881.4
2024-04-13T00:00:00+00:00,2024-04-13T23:59:59.999000+00:00,63939.7,bull,2024-03-14T00:00:00+00:00|73881.4
2024-04-14T00:00:00+00:00,2024-04-14T23:59:59.999000+00:00,65615.9,bull,2024-03-14T00:00:00+00:00|73881.4
2024-04-15T00:00:00+00:00,2024-04-15T23:59:59.999000+00:00,63392.7,bull,2024-03-14T00:00:00+00:00|73881.4
2024-04-16T00:00:00+00:00,2024-04-16T23:59:59.999000+00:00,63765.0,bull,2024-03-14T00:00:00+00:00|73881.4
2024-04-17T00:00:00+00:00,2024-04-17T23:59:59.999000+00:00,61254.5,bull,2024-03-14T00:00:00+00:00|73881.4
2024-04-18T00:00:00+00:00,2024-04-18T23:59:59.999000+00:00,63445.0,bull,2024-03-14T00:00:00+00:00|73881.4
2024-04-19T00:00:00+00:00,2024-04-19T23:59:59.999000+00:00,63787.4,bull,2024-03-14T00:00:00+00:00|73881.4
2024-04-20T00:00:00+00:00,2024-04-20T23:59:59.999000+00:00,64897.2,bull,2024-03-14T00:00:00+00:00|73881.4
2024-04-21T00:00:00+00:00,2024-04-21T23:59:59.999000+00:00,64912.6,bull,2024-03-14T00:00:00+00:00|73881.4
2024-04-22T00:00:00+00:00,2024-04-22T23:59:59.999000+00:00,66778.0,bull,2024-03-14T00:00:00+00:00|73881.4
2024-04-23T00:00:00+00:00,2024-04-23T23:59:59.999000+00:00,66386.3,bull,2024-03-14T00:00:00+00:00|73881.4
2024-04-24T00:00:00+00:00,2024-04-24T23:59:59.999000+00:00,64250.0,bull,2024-03-14T00:00:00+00:00|73881.4
2024-04-25T00:00:00+00:00,2024-04-25T23:59:59.999000+00:00,64478.8,bull,2024-03-14T00:00:00+00:00|73881.4
2024-04-26T00:00:00+00:00,2024-04-26T23:59:59.999000+00:00,63748.8,bull,2024-03-14T00:00:00+00:00|73881.4
2024-04-27T00:00:00+00:00,2024-04-27T23:59:59.999000+00:00,63421.0,bull,2024-03-14T00:00:00+00:00|73881.4
2024-04-28T00:00:00+00:00,2024-04-28T23:59:59.999000+00:00,63088.3,bull,2024-03-14T00:00:00+00:00|73881.4
2024-04-29T00:00:00+00:00,2024-04-29T23:59:59.999000+00:00,63842.4,bull,2024-03-14T00:00:00+00:00|73881.4
2024-04-30T00:00:00+00:00,2024-04-30T23:59:59.999000+00:00,60651.2,bull,2024-03-14T00:00:00+00:00|73881.4
2024-05-01T00:00:00+00:00,2024-05-01T23:59:59.999000+00:00,58307.6,bull,2024-03-14T00:00:00+00:00|73881.4
2024-05-02T00:00:00+00:00,2024-05-02T23:59:59.999000+00:00,59036.7,bull,2024-03-14T00:00:00+00:00|73881.4
2024-05-03T00:00:00+00:00,2024-05-03T23:59:59.999000+00:00,62853.7,bull,2024-03-14T00:00:00+00:00|73881.4
2024-05-04T00:00:00+00:00,2024-05-04T23:59:59.999000+00:00,63864.2,bull,2024-03-14T00:00:00+00:00|73881.4
2024-05-05T00:00:00+00:00,2024-05-05T23:59:59.999000+00:00,63988.0,bull,2024-03-14T00:00:00+00:00|73881.4
2024-05-06T00:00:00+00:00,2024-05-06T23:59:59.999000+00:00,63142.8,bull,2024-03-14T00:00:00+00:00|73881.4
2024-05-07T00:00:00+00:00,2024-05-07T23:59:59.999000+00:00,62296.0,bull,2024-03-14T00:00:00+00:00|73881.4
2024-05-08T00:00:00+00:00,2024-05-08T23:59:59.999000+00:00,61157.9,bull,2024-03-14T00:00:00+00:00|73881.4
2024-05-09T00:00:00+00:00,2024-05-09T23:59:59.999000+00:00,63050.1,bull,2024-03-14T00:00:00+00:00|73881.4
2024-05-10T00:00:00+00:00,2024-05-10T23:59:59.999000+00:00,60778.1,bull,2024-03-14T00:00:00+00:00|73881.4
2024-05-11T00:00:00+00:00,2024-05-11T23:59:59.999000+00:00,60809.2,bull,2024-03-14T00:00:00+00:00|73881.4
2024-05-12T00:00:00+00:00,2024-05-12T23:59:59.999000+00:00,61455.8,bull,2024-03-14T00:00:00+00:00|73881.4
2024-05-13T00:00:00+00:00,2024-05-13T23:59:59.999000+00:00,62912.1,bull,2024-03-14T00:00:00+00:00|73881.4
2024-05-14T00:00:00+00:00,2024-05-14T23:59:59.999000+00:00,61550.5,bull,2024-03-14T00:00:00+00:00|73881.4
2024-05-15T00:00:00+00:00,2024-05-15T23:59:59.999000+00:00,66175.4,bull,2024-03-14T00:00:00+00:00|73881.4
2024-05-16T00:00:00+00:00,2024-05-16T23:59:59.999000+00:00,65217.7,bull,2024-03-14T00:00:00+00:00|73881.4
2024-05-17T00:00:00+00:00,2024-05-17T23:59:59.999000+00:00,66980.0,bull,2024-03-14T00:00:00+00:00|73881.4
2024-05-18T00:00:00+00:00,2024-05-18T23:59:59.999000+00:00,66884.9,bull,2024-03-14T00:00:00+00:00|73881.4
2024-05-19T00:00:00+00:00,2024-05-19T23:59:59.999000+00:00,66239.4,bull,2024-03-14T00:00:00+00:00|73881.4
2024-05-20T00:00:00+00:00,2024-05-20T23:59:59.999000+00:00,71466.5,bull,2024-03-14T00:00:00+00:00|73881.4
2024-05-21T00:00:00+00:00,2024-05-21T23:59:59.999000+00:00,70168.8,bull,2024-03-14T00:00:00+00:00|73881.4
2024-05-22T00:00:00+00:00,2024-05-22T23:59:59.999000+00:00,69219.1,bull,2024-03-14T00:00:00+00:00|73881.4
2024-05-23T00:00:00+00:00,2024-05-23T23:59:59.999000+00:00,67999.9,bull,2024-03-14T00:00:00+00:00|73881.4
2024-05-24T00:00:00+00:00,2024-05-24T23:59:59.999000+00:00,68584.1,bull,2024-03-14T00:00:00+00:00|73881.4
2024-05-25T00:00:00+00:00,2024-05-25T23:59:59.999000+00:00,69314.4,bull,2024-03-14T00:00:00+00:00|73881.4
2024-05-26T00:00:00+00:00,2024-05-26T23:59:59.999000+00:00,68524.3,bull,2024-03-14T00:00:00+00:00|73881.4
2024-05-27T00:00:00+00:00,2024-05-27T23:59:59.999000+00:00,69461.6,bull,2024-03-14T00:00:00+00:00|73881.4
2024-05-28T00:00:00+00:00,2024-05-28T23:59:59.999000+00:00,68440.5,bull,2024-03-14T00:00:00+00:00|73881.4
2024-05-29T00:00:00+00:00,2024-05-29T23:59:59.999000+00:00,67686.7,bull,2024-03-14T00:00:00+00:00|73881.4
2024-05-30T00:00:00+00:00,2024-05-30T23:59:59.999000+00:00,68402.5,bull,2024-03-14T00:00:00+00:00|73881.4
2024-05-31T00:00:00+00:00,2024-05-31T23:59:59.999000+00:00,67577.9,bull,2024-03-14T00:00:00+00:00|73881.4
2024-06-01T00:00:00+00:00,2024-06-01T23:59:59.999000+00:00,67799.2,bull,2024-03-14T00:00:00+00:00|73881.4
2024-06-02T00:00:00+00:00,2024-06-02T23:59:59.999000+00:00,67805.9,bull,2024-03-14T00:00:00+00:00|73881.4
2024-06-03T00:00:00+00:00,2024-06-03T23:59:59.999000+00:00,68851.4,bull,2024-03-14T00:00:00+00:00|73881.4
2024-06-04T00:00:00+00:00,2024-06-04T23:59:59.999000+00:00,70580.0,bull,2024-03-14T00:00:00+00:00|73881.4
2024-06-05T00:00:00+00:00,2024-06-05T23:59:59.999000+00:00,71133.3,bull,2024-03-14T00:00:00+00:00|73881.4
2024-06-06T00:00:00+00:00,2024-06-06T23:59:59.999000+00:00,70830.0,bull,2024-03-14T00:00:00+00:00|73881.4
2024-06-07T00:00:00+00:00,2024-06-07T23:59:59.999000+00:00,69377.0,bull,2024-03-14T00:00:00+00:00|73881.4
2024-06-08T00:00:00+00:00,2024-06-08T23:59:59.999000+00:00,69346.5,bull,2024-03-14T00:00:00+00:00|73881.4
2024-06-09T00:00:00+00:00,2024-06-09T23:59:59.999000+00:00,69667.1,bull,2024-03-14T00:00:00+00:00|73881.4
2024-06-10T00:00:00+00:00,2024-06-10T23:59:59.999000+00:00,69558.7,bull,2024-03-14T00:00:00+00:00|73881.4
2024-06-11T00:00:00+00:00,2024-06-11T23:59:59.999000+00:00,67320.7,bull,2024-03-14T00:00:00+00:00|73881.4
2024-06-12T00:00:00+00:00,2024-06-12T23:59:59.999000+00:00,68270.3,bull,2024-03-14T00:00:00+00:00|73881.4
2024-06-13T00:00:00+00:00,2024-06-13T23:59:59.999000+00:00,66786.9,bull,2024-03-14T00:00:00+00:00|73881.4
2024-06-14T00:00:00+00:00,2024-06-14T23:59:59.999000+00:00,66039.7,bull,2024-03-14T00:00:00+00:00|73881.4
2024-06-15T00:00:00+00:00,2024-06-15T23:59:59.999000+00:00,66213.7,bull,2024-03-14T00:00:00+00:00|73881.4
2024-06-16T00:00:00+00:00,2024-06-16T23:59:59.999000+00:00,66653.6,bull,2024-03-14T00:00:00+00:00|73881.4
2024-06-17T00:00:00+00:00,2024-06-17T23:59:59.999000+00:00,66472.1,bull,2024-03-14T00:00:00+00:00|73881.4
2024-06-18T00:00:00+00:00,2024-06-18T23:59:59.999000+00:00,65150.0,bull,2024-03-14T00:00:00+00:00|73881.4
2024-06-19T00:00:00+00:00,2024-06-19T23:59:59.999000+00:00,64933.6,bull,2024-03-14T00:00:00+00:00|73881.4
2024-06-20T00:00:00+00:00,2024-06-20T23:59:59.999000+00:00,64854.0,bull,2024-03-14T00:00:00+00:00|73881.4
2024-06-21T00:00:00+00:00,2024-06-21T23:59:59.999000+00:00,64124.0,bull,2024-03-14T00:00:00+00:00|73881.4
2024-06-22T00:00:00+00:00,2024-06-22T23:59:59.999000+00:00,64240.0,bull,2024-03-14T00:00:00+00:00|73881.4
2024-06-23T00:00:00+00:00,2024-06-23T23:59:59.999000+00:00,63194.9,bull,2024-03-14T00:00:00+00:00|73881.4
2024-06-24T00:00:00+00:00,2024-06-24T23:59:59.999000+00:00,60273.6,bull,2024-03-14T00:00:00+00:00|73881.4
2024-06-25T00:00:00+00:00,2024-06-25T23:59:59.999000+00:00,61777.8,bull,2024-03-14T00:00:00+00:00|73881.4
2024-06-26T00:00:00+00:00,2024-06-26T23:59:59.999000+00:00,60860.1,bull,2024-03-14T00:00:00+00:00|73881.4
2024-06-27T00:00:00+00:00,2024-06-27T23:59:59.999000+00:00,61682.0,bull,2024-03-14T00:00:00+00:00|73881.4
2024-06-28T00:00:00+00:00,2024-06-28T23:59:59.999000+00:00,60429.8,bull,2024-03-14T00:00:00+00:00|73881.4
2024-06-29T00:00:00+00:00,2024-06-29T23:59:59.999000+00:00,60982.4,bull,2024-03-14T00:00:00+00:00|73881.4
2024-06-30T00:00:00+00:00,2024-06-30T23:59:59.999000+00:00,62766.0,bull,2024-03-14T00:00:00+00:00|73881.4
2024-07-01T00:00:00+00:00,2024-07-01T23:59:59.999000+00:00,62883.6,bull,2024-03-14T00:00:00+00:00|73881.4
2024-07-02T00:00:00+00:00,2024-07-02T23:59:59.999000+00:00,62123.6,bull,2024-03-14T00:00:00+00:00|73881.4
2024-07-03T00:00:00+00:00,2024-07-03T23:59:59.999000+00:00,60208.0,bull,2024-03-14T00:00:00+00:00|73881.4
2024-07-04T00:00:00+00:00,2024-07-04T23:59:59.999000+00:00,57045.9,bull,2024-03-14T00:00:00+00:00|73881.4
2024-07-05T00:00:00+00:00,2024-07-05T23:59:59.999000+00:00,56604.9,bear,2024-07-05T00:00:00+00:00|53329.5
2024-07-06T00:00:00+00:00,2024-07-06T23:59:59.999000+00:00,58216.0,bear,2024-07-05T00:00:00+00:00|53329.5
2024-07-07T00:00:00+00:00,2024-07-07T23:59:59.999000+00:00,55830.9,bear,2024-07-05T00:00:00+00:00|53329.5
2024-07-08T00:00:00+00:00,2024-07-08T23:59:59.999000+00:00,56686.4,bear,2024-07-05T00:00:00+00:00|53329.5
2024-07-09T00:00:00+00:00,2024-07-09T23:59:59.999000+00:00,58023.2,bear,2024-07-05T00:00:00+00:00|53329.5
2024-07-10T00:00:00+00:00,2024-07-10T23:59:59.999000+00:00,57707.0,bear,2024-07-05T00:00:00+00:00|53329.5
2024-07-11T00:00:00+00:00,2024-07-11T23:59:59.999000+00:00,57315.5,bear,2024-07-05T00:00:00+00:00|53329.5
2024-07-12T00:00:00+00:00,2024-07-12T23:59:59.999000+00:00,57870.0,bear,2024-07-05T00:00:00+00:00|53329.5
2024-07-13T00:00:00+00:00,2024-07-13T23:59:59.999000+00:00,59174.0,bear,2024-07-05T00:00:00+00:00|53329.5
2024-07-14T00:00:00+00:00,2024-07-14T23:59:59.999000+00:00,60766.0,bear,2024-07-05T00:00:00+00:00|53329.5
2024-07-15T00:00:00+00:00,2024-07-15T23:59:59.999000+00:00,64680.6,bear,2024-07-05T00:00:00+00:00|53329.5
2024-07-16T00:00:00+00:00,2024-07-16T23:59:59.999000+00:00,65010.0,bear,2024-07-05T00:00:00+00:00|53329.5
2024-07-17T00:00:00+00:00,2024-07-17T23:59:59.999000+00:00,64055.7,bear,2024-07-05T00:00:00+00:00|53329.5
2024-07-18T00:00:00+00:00,2024-07-18T23:59:59.999000+00:00,63959.9,bear,2024-07-05T00:00:00+00:00|53329.5
2024-07-19T00:00:00+00:00,2024-07-19T23:59:59.999000+00:00,66627.9,bear,2024-07-05T00:00:00+00:00|53329.5
2024-07-20T00:00:00+00:00,2024-07-20T23:59:59.999000+00:00,67095.6,bear,2024-07-05T00:00:00+00:00|53329.5
2024-07-21T00:00:00+00:00,2024-07-21T23:59:59.999000+00:00,68138.0,bear,2024-07-05T00:00:00+00:00|53329.5
2024-07-22T00:00:00+00:00,2024-07-22T23:59:59.999000+00:00,67499.2,bear,2024-07-05T00:00:00+00:00|53329.5
2024-07-23T00:00:00+00:00,2024-07-23T23:59:59.999000+00:00,65916.4,bear,2024-07-05T00:00:00+00:00|53329.5
2024-07-24T00:00:00+00:00,2024-07-24T23:59:59.999000+00:00,65350.8,bear,2024-07-05T00:00:00+00:00|53329.5
2024-07-25T00:00:00+00:00,2024-07-25T23:59:59.999000+00:00,65773.0,bear,2024-07-05T00:00:00+00:00|53329.5
2024-07-26T00:00:00+00:00,2024-07-26T23:59:59.999000+00:00,67882.5,bear,2024-07-05T00:00:00+00:00|53329.5
2024-07-27T00:00:00+00:00,2024-07-27T23:59:59.999000+00:00,67873.8,bear,2024-07-05T00:00:00+00:00|53329.5
2024-07-28T00:00:00+00:00,2024-07-28T23:59:59.999000+00:00,68215.5,bear,2024-07-05T00:00:00+00:00|53329.5
2024-07-29T00:00:00+00:00,2024-07-29T23:59:59.999000+00:00,66750.0,bear,2024-07-05T00:00:00+00:00|53329.5
2024-07-30T00:00:00+00:00,2024-07-30T23:59:59.999000+00:00,66159.3,bear,2024-07-05T00:00:00+00:00|53329.5
2024-07-31T00:00:00+00:00,2024-07-31T23:59:59.999000+00:00,64601.8,bear,2024-07-05T00:00:00+00:00|53329.5
2024-08-01T00:00:00+00:00,2024-08-01T23:59:59.999000+00:00,65328.9,bear,2024-07-05T00:00:00+00:00|53329.5
2024-08-02T00:00:00+00:00,2024-08-02T23:59:59.999000+00:00,61483.7,bear,2024-07-05T00:00:00+00:00|53329.5
2024-08-03T00:00:00+00:00,2024-08-03T23:59:59.999000+00:00,60684.6,bear,2024-07-05T00:00:00+00:00|53329.5
2024-08-04T00:00:00+00:00,2024-08-04T23:59:59.999000+00:00,58144.5,bear,2024-07-05T00:00:00+00:00|53329.5
2024-08-05T00:00:00+00:00,2024-08-05T23:59:59.999000+00:00,54003.1,bear,2024-08-05T00:00:00+00:00|48888.0
2024-08-06T00:00:00+00:00,2024-08-06T23:59:59.999000+00:00,55991.2,bear,2024-08-05T00:00:00+00:00|48888.0
2024-08-07T00:00:00+00:00,2024-08-07T23:59:59.999000+00:00,55102.9,bear,2024-08-05T00:00:00+00:00|48888.0
2024-08-08T00:00:00+00:00,2024-08-08T23:59:59.999000+00:00,61659.8,bear,2024-08-05T00:00:00+00:00|48888.0
2024-08-09T00:00:00+00:00,2024-08-09T23:59:59.999000+00:00,60808.6,bear,2024-08-05T00:00:00+00:00|48888.0
2024-08-10T00:00:00+00:00,2024-08-10T23:59:59.999000+00:00,60889.9,bear,2024-08-05T00:00:00+00:00|48888.0
2024-08-11T00:00:00+00:00,2024-08-11T23:59:59.999000+00:00,58693.1,bear,2024-08-05T00:00:00+00:00|48888.0
2024-08-12T00:00:00+00:00,2024-08-12T23:59:59.999000+00:00,59323.6,bear,2024-08-05T00:00:00+00:00|48888.0
2024-08-13T00:00:00+00:00,2024-08-13T23:59:59.999000+00:00,60550.5,bear,2024-08-05T00:00:00+00:00|48888.0
2024-08-14T00:00:00+00:00,2024-08-14T23:59:59.999000+00:00,58648.1,bear,2024-08-05T00:00:00+00:00|48888.0
2024-08-15T00:00:00+00:00,2024-08-15T23:59:59.999000+00:00,57511.0,bear,2024-08-05T00:00:00+00:00|48888.0
2024-08-16T00:00:00+00:00,2024-08-16T23:59:59.999000+00:00,58854.9,bear,2024-08-05T00:00:00+00:00|48888.0
2024-08-17T00:00:00+00:00,2024-08-17T23:59:59.999000+00:00,59468.5,bear,2024-08-05T00:00:00+00:00|48888.0
2024-08-18T00:00:00+00:00,2024-08-18T23:59:59.999000+00:00,58390.0,bear,2024-08-05T00:00:00+00:00|48888.0
2024-08-19T00:00:00+00:00,2024-08-19T23:59:59.999000+00:00,59398.5,bear,2024-08-05T00:00:00+00:00|48888.0
2024-08-20T00:00:00+00:00,2024-08-20T23:59:59.999000+00:00,58982.9,bear,2024-08-05T00:00:00+00:00|48888.0
2024-08-21T00:00:00+00:00,2024-08-21T23:59:59.999000+00:00,61120.0,bear,2024-08-05T00:00:00+00:00|48888.0
2024-08-22T00:00:00+00:00,2024-08-22T23:59:59.999000+00:00,60349.9,bear,2024-08-05T00:00:00+00:00|48888.0
2024-08-23T00:00:00+00:00,2024-08-23T23:59:59.999000+00:00,64019.9,bear,2024-08-05T00:00:00+00:00|48888.0
2024-08-24T00:00:00+00:00,2024-08-24T23:59:59.999000+00:00,64116.5,bear,2024-08-05T00:00:00+00:00|48888.0
2024-08-25T00:00:00+00:00,2024-08-25T23:59:59.999000+00:00,64190.2,bear,2024-08-05T00:00:00+00:00|48888.0
2024-08-26T00:00:00+00:00,2024-08-26T23:59:59.999000+00:00,62807.6,bear,2024-08-05T00:00:00+00:00|48888.0
2024-08-27T00:00:00+00:00,2024-08-27T23:59:59.999000+00:00,59384.5,bear,2024-08-05T00:00:00+00:00|48888.0
2024-08-28T00:00:00+00:00,2024-08-28T23:59:59.999000+00:00,59010.0,bear,2024-08-05T00:00:00+00:00|48888.0
2024-08-29T00:00:00+00:00,2024-08-29T23:59:59.999000+00:00,59323.2,bear,2024-08-05T00:00:00+00:00|48888.0
2024-08-30T00:00:00+00:00,2024-08-30T23:59:59.999000+00:00,59096.3,bear,2024-08-05T00:00:00+00:00|48888.0
2024-08-31T00:00:00+00:00,2024-08-31T23:59:59.999000+00:00,58941.9,bear,2024-08-05T00:00:00+00:00|48888.0
2024-09-01T00:00:00+00:00,2024-09-01T23:59:59.999000+00:00,57268.1,bear,2024-08-05T00:00:00+00:00|48888.0
2024-09-02T00:00:00+00:00,2024-09-02T23:59:59.999000+00:00,59112.1,bear,2024-08-05T00:00:00+00:00|48888.0
2024-09-03T00:00:00+00:00,2024-09-03T23:59:59.999000+00:00,57451.9,bear,2024-08-05T00:00:00+00:00|48888.0
2024-09-04T00:00:00+00:00,2024-09-04T23:59:59.999000+00:00,57944.8,bear,2024-08-05T00:00:00+00:00|48888.0
2024-09-05T00:00:00+00:00,2024-09-05T23:59:59.999000+00:00,56145.7,bear,2024-08-05T00:00:00+00:00|48888.0
2024-09-06T00:00:00+00:00,2024-09-06T23:59:59.999000+00:00,53927.7,bear,2024-08-05T00:00:00+00:00|48888.0
2024-09-07T00:00:00+00:00,2024-09-07T23:59:59.999000+00:00,54134.9,bear,2024-08-05T00:00:00+00:00|48888.0
2024-09-08T00:00:00+00:00,2024-09-08T23:59:59.999000+00:00,54839.6,bear,2024-08-05T00:00:00+00:00|48888.0
2024-09-09T00:00:00+00:00,2024-09-09T23:59:59.999000+00:00,57010.0,bear,2024-08-05T00:00:00+00:00|48888.0
2024-09-10T00:00:00+00:00,2024-09-10T23:59:59.999000+00:00,57609.1,bear,2024-08-05T00:00:00+00:00|48888.0
2024-09-11T00:00:00+00:00,2024-09-11T23:59:59.999000+00:00,57306.0,bear,2024-08-05T00:00:00+00:00|48888.0
2024-09-12T00:00:00+00:00,2024-09-12T23:59:59.999000+00:00,58097.0,bear,2024-08-05T00:00:00+00:00|48888.0
2024-09-13T00:00:00+00:00,2024-09-13T23:59:59.999000+00:00,60456.2,bear,2024-08-05T00:00:00+00:00|48888.0
2024-09-14T00:00:00+00:00,2024-09-14T23:59:59.999000+00:00,59964.0,bear,2024-08-05T00:00:00+00:00|48888.0
2024-09-15T00:00:00+00:00,2024-09-15T23:59:59.999000+00:00,59100.5,bear,2024-08-05T00:00:00+00:00|48888.0
2024-09-16T00:00:00+00:00,2024-09-16T23:59:59.999000+00:00,58187.0,bear,2024-08-05T00:00:00+00:00|48888.0
2024-09-17T00:00:00+00:00,2024-09-17T23:59:59.999000+00:00,60281.0,bear,2024-08-05T00:00:00+00:00|48888.0
2024-09-18T00:00:00+00:00,2024-09-18T23:59:59.999000+00:00,61735.3,bear,2024-08-05T00:00:00+00:00|48888.0
2024-09-19T00:00:00+00:00,2024-09-19T23:59:59.999000+00:00,62926.9,bear,2024-08-05T00:00:00+00:00|48888.0
2024-09-20T00:00:00+00:00,2024-09-20T23:59:59.999000+00:00,63175.7,bear,2024-08-05T00:00:00+00:00|48888.0
2024-09-21T00:00:00+00:00,2024-09-21T23:59:59.999000+00:00,63320.6,bear,2024-08-05T00:00:00+00:00|48888.0
2024-09-22T00:00:00+00:00,2024-09-22T23:59:59.999000+00:00,63558.4,bear,2024-08-05T00:00:00+00:00|48888.0
2024-09-23T00:00:00+00:00,2024-09-23T23:59:59.999000+00:00,63302.0,bear,2024-08-05T00:00:00+00:00|48888.0
2024-09-24T00:00:00+00:00,2024-09-24T23:59:59.999000+00:00,64243.1,bear,2024-08-05T00:00:00+00:00|48888.0
2024-09-25T00:00:00+00:00,2024-09-25T23:59:59.999000+00:00,63118.4,bear,2024-08-05T00:00:00+00:00|48888.0
2024-09-26T00:00:00+00:00,2024-09-26T23:59:59.999000+00:00,65139.2,bear,2024-08-05T00:00:00+00:00|48888.0
2024-09-27T00:00:00+00:00,2024-09-27T23:59:59.999000+00:00,65749.6,bull,2024-09-27T00:00:00+00:00|66450.0
2024-09-28T00:00:00+00:00,2024-09-28T23:59:59.999000+00:00,65822.6,bull,2024-03-14T00:00:00+00:00|73881.4
2024-09-29T00:00:00+00:00,2024-09-29T23:59:59.999000+00:00,65568.1,bull,2024-03-14T00:00:00+00:00|73881.4
2024-09-30T00:00:00+00:00,2024-09-30T23:59:59.999000+00:00,63309.1,bull,2024-03-14T00:00:00+00:00|73881.4
2024-10-01T00:00:00+00:00,2024-10-01T23:59:59.999000+00:00,60776.8,bull,2024-03-14T00:00:00+00:00|73881.4
2024-10-02T00:00:00+00:00,2024-10-02T23:59:59.999000+00:00,60622.6,bull,2024-03-14T00:00:00+00:00|73881.4
2024-10-03T00:00:00+00:00,2024-10-03T23:59:59.999000+00:00,60727.2,bull,2024-03-14T00:00:00+00:00|73881.4
2024-10-04T00:00:00+00:00,2024-10-04T23:59:59.999000+00:00,62054.4,bull,2024-03-14T00:00:00+00:00|73881.4
2024-10-05T00:00:00+00:00,2024-10-05T23:59:59.999000+00:00,62023.1,bull,2024-03-14T00:00:00+00:00|73881.4
2024-10-06T00:00:00+00:00,2024-10-06T23:59:59.999000+00:00,62789.3,bull,2024-03-14T00:00:00+00:00|73881.4
2024-10-07T00:00:00+00:00,2024-10-07T23:59:59.999000+00:00,62190.7,bull,2024-03-14T00:00:00+00:00|73881.4
2024-10-08T00:00:00+00:00,2024-10-08T23:59:59.999000+00:00,62131.7,bull,2024-03-14T00:00:00+00:00|73881.4
2024-10-09T00:00:00+00:00,2024-10-09T23:59:59.999000+00:00,60606.4,bull,2024-03-14T00:00:00+00:00|73881.4
2024-10-10T00:00:00+00:00,2024-10-10T23:59:59.999000+00:00,60293.2,bull,2024-03-14T00:00:00+00:00|73881.4
2024-10-11T00:00:00+00:00,2024-10-11T23:59:59.999000+00:00,62509.0,bull,2024-03-14T00:00:00+00:00|73881.4
2024-10-12T00:00:00+00:00,2024-10-12T23:59:59.999000+00:00,63176.0,bull,2024-03-14T00:00:00+00:00|73881.4
2024-10-13T00:00:00+00:00,2024-10-13T23:59:59.999000+00:00,62839.8,bull,2024-03-14T00:00:00+00:00|73881.4
2024-10-14T00:00:00+00:00,2024-10-14T23:59:59.999000+00:00,66064.9,bull,2024-03-14T00:00:00+00:00|73881.4
2024-10-15T00:00:00+00:00,2024-10-15T23:59:59.999000+00:00,67044.1,bull,2024-03-14T00:00:00+00:00|73881.4
2024-10-16T00:00:00+00:00,2024-10-16T23:59:59.999000+00:00,67592.0,bull,2024-03-14T00:00:00+00:00|73881.4
2024-10-17T00:00:00+00:00,2024-10-17T23:59:59.999000+00:00,67401.5,bull,2024-03-14T00:00:00+00:00|73881.4
2024-10-18T00:00:00+00:00,2024-10-18T23:59:59.999000+00:00,68407.8,bull,2024-03-14T00:00:00+00:00|73881.4
2024-10-19T00:00:00+00:00,2024-10-19T23:59:59.999000+00:00,68357.1,bull,2024-03-14T00:00:00+00:00|73881.4
2024-10-20T00:00:00+00:00,2024-10-20T23:59:59.999000+00:00,69020.1,bull,2024-03-14T00:00:00+00:00|73881.4
2024-10-21T00:00:00+00:00,2024-10-21T23:59:59.999000+00:00,67368.8,bull,2024-03-14T00:00:00+00:00|73881.4
2024-10-22T00:00:00+00:00,2024-10-22T23:59:59.999000+00:00,67406.4,bull,2024-03-14T00:00:00+00:00|73881.4
2024-10-23T00:00:00+00:00,2024-10-23T23:59:59.999000+00:00,66647.2,bull,2024-03-14T00:00:00+00:00|73881.4
2024-10-24T00:00:00+00:00,2024-10-24T23:59:59.999000+00:00,68173.8,bull,2024-03-14T00:00:00+00:00|73881.4
2024-10-25T00:00:00+00:00,2024-10-25T23:59:59.999000+00:00,66662.8,bull,2024-03-14T00:00:00+00:00|73881.4
2024-10-26T00:00:00+00:00,2024-10-26T23:59:59.999000+00:00,67071.8,bull,2024-03-14T00:00:00+00:00|73881.4
2024-10-27T00:00:00+00:00,2024-10-27T23:59:59.999000+00:00,67992.6,bull,2024-03-14T00:00:00+00:00|73881.4
2024-10-28T00:00:00+00:00,2024-10-28T23:59:59.999000+00:00,69940.0,bull,2024-03-14T00:00:00+00:00|73881.4
2024-10-29T00:00:00+00:00,2024-10-29T23:59:59.999000+00:00,72739.5,bull,2024-03-14T00:00:00+00:00|73881.4
2024-10-30T00:00:00+00:00,2024-10-30T23:59:59.999000+00:00,72349.0,bull,2024-03-14T00:00:00+00:00|73881.4
2024-10-31T00:00:00+00:00,2024-10-31T23:59:59.999000+00:00,70321.9,bull,2024-03-14T00:00:00+00:00|73881.4
2024-11-01T00:00:00+00:00,2024-11-01T23:59:59.999000+00:00,69495.5,bull,2024-03-14T00:00:00+00:00|73881.4
2024-11-02T00:00:00+00:00,2024-11-02T23:59:59.999000+00:00,69366.6,bull,2024-03-14T00:00:00+00:00|73881.4
2024-11-03T00:00:00+00:00,2024-11-03T23:59:59.999000+00:00,68762.5,bull,2024-03-14T00:00:00+00:00|73881.4
2024-11-04T00:00:00+00:00,2024-11-04T23:59:59.999000+00:00,67834.3,bull,2024-03-14T00:00:00+00:00|73881.4
2024-11-05T00:00:00+00:00,2024-11-05T23:59:59.999000+00:00,69353.1,bull,2024-03-14T00:00:00+00:00|73881.4
2024-11-06T00:00:00+00:00,2024-11-06T23:59:59.999000+00:00,75579.9,bull,2024-11-06T00:00:00+00:00|76420.0
2024-11-07T00:00:00+00:00,2024-11-07T23:59:59.999000+00:00,75859.4,bull,2024-11-07T00:00:00+00:00|76900.0
2024-11-08T00:00:00+00:00,2024-11-08T23:59:59.999000+00:00,76482.2,bull,2024-11-08T00:00:00+00:00|77182.9
2024-11-09T00:00:00+00:00,2024-11-09T23:59:59.999000+00:00,76675.1,bull,2024-11-08T00:00:00+00:00|77182.9
2024-11-10T00:00:00+00:00,2024-11-10T23:59:59.999000+00:00,80410.0,bull,2024-11-10T00:00:00+00:00|81699.8
2024-11-11T00:00:00+00:00,2024-11-11T23:59:59.999000+00:00,88728.9,bull,2024-11-11T00:00:00+00:00|89800.0
2024-11-12T00:00:00+00:00,2024-11-12T23:59:59.999000+00:00,87972.0,bull,2024-11-12T00:00:00+00:00|90070.1
2024-11-13T00:00:00+00:00,2024-11-13T23:59:59.999000+00:00,90413.3,bull,2024-11-13T00:00:00+00:00|93421.1
2024-11-14T00:00:00+00:00,2024-11-14T23:59:59.999000+00:00,87382.7,bull,2024-11-13T00:00:00+00:00|93421.1
2024-11-15T00:00:00+00:00,2024-11-15T23:59:59.999000+00:00,91074.6,bull,2024-11-13T00:00:00+00:00|93421.1
2024-11-16T00:00:00+00:00,2024-11-16T23:59:59.999000+00:00,90643.3,bull,2024-11-13T00:00:00+00:00|93421.1
2024-11-17T00:00:00+00:00,2024-11-17T23:59:59.999000+00:00,89899.9,bull,2024-11-13T00:00:00+00:00|93421.1
2024-11-18T00:00:00+00:00,2024-11-18T23:59:59.999000+00:00,90507.4,bull,2024-11-13T00:00:00+00:00|93421.1
2024-11-19T00:00:00+00:00,2024-11-19T23:59:59.999000+00:00,92335.9,bull,2024-11-19T00:00:00+00:00|93985.9
2024-11-20T00:00:00+00:00,2024-11-20T23:59:59.999000+00:00,94288.0,bull,2024-11-20T00:00:00+00:00|94849.0
2024-11-21T00:00:00+00:00,2024-11-21T23:59:59.999000+00:00,98366.8,bull,2024-11-21T00:00:00+00:00|99100.0
2024-11-22T00:00:00+00:00,2024-11-22T23:59:59.999000+00:00,98921.4,bull,2024-11-22T00:00:00+00:00|99660.0
2024-11-23T00:00:00+00:00,2024-11-23T23:59:59.999000+00:00,97725.5,bull,2024-11-22T00:00:00+00:00|99660.0
2024-11-24T00:00:00+00:00,2024-11-24T23:59:59.999000+00:00,97960.4,bull,2024-11-22T00:00:00+00:00|99660.0
2024-11-25T00:00:00+00:00,2024-11-25T23:59:59.999000+00:00,93064.0,bull,2024-11-22T00:00:00+00:00|99660.0
2024-11-26T00:00:00+00:00,2024-11-26T23:59:59.999000+00:00,92021.4,bull,2024-11-22T00:00:00+00:00|99660.0
2024-11-27T00:00:00+00:00,2024-11-27T23:59:59.999000+00:00,95905.2,bull,2024-11-22T00:00:00+00:00|99660.0
2024-11-28T00:00:00+00:00,2024-11-28T23:59:59.999000+00:00,95694.4,bull,2024-11-22T00:00:00+00:00|99660.0
2024-11-29T00:00:00+00:00,2024-11-29T23:59:59.999000+00:00,97516.3,bull,2024-11-22T00:00:00+00:00|99660.0
2024-11-30T00:00:00+00:00,2024-11-30T23:59:59.999000+00:00,96475.1,bull,2024-11-22T00:00:00+00:00|99660.0
2024-12-01T00:00:00+00:00,2024-12-01T23:59:59.999000+00:00,97265.1,bull,2024-11-22T00:00:00+00:00|99660.0
2024-12-02T00:00:00+00:00,2024-12-02T23:59:59.999000+00:00,95890.5,bull,2024-11-22T00:00:00+00:00|99660.0
2024-12-03T00:00:00+00:00,2024-12-03T23:59:59.999000+00:00,95913.3,bull,2024-11-22T00:00:00+00:00|99660.0
2024-12-04T00:00:00+00:00,2024-12-04T23:59:59.999000+00:00,98669.8,bull,2024-11-22T00:00:00+00:00|99660.0
2024-12-05T00:00:00+00:00,2024-12-05T23:59:59.999000+00:00,97001.5,bull,2024-12-05T00:00:00+00:00|104630.4
2024-12-06T00:00:00+00:00,2024-12-06T23:59:59.999000+00:00,99802.5,bull,2024-12-05T00:00:00+00:00|104630.4
2024-12-07T00:00:00+00:00,2024-12-07T23:59:59.999000+00:00,99899.2,bull,2024-12-05T00:00:00+00:00|104630.4
2024-12-08T00:00:00+00:00,2024-12-08T23:59:59.999000+00:00,101200.0,bull,2024-12-05T00:00:00+00:00|104630.4
2024-12-09T00:00:00+00:00,2024-12-09T23:59:59.999000+00:00,97349.1,bull,2024-12-05T00:00:00+00:00|104630.4
2024-12-10T00:00:00+00:00,2024-12-10T23:59:59.999000+00:00,96602.4,bull,2024-12-05T00:00:00+00:00|104630.4
2024-12-11T00:00:00+00:00,2024-12-11T23:59:59.999000+00:00,101115.3,bull,2024-12-05T00:00:00+00:00|104630.4
2024-12-12T00:00:00+00:00,2024-12-12T23:59:59.999000+00:00,99982.4,bull,2024-12-05T00:00:00+00:00|104630.4
2024-12-13T00:00:00+00:00,2024-12-13T23:59:59.999000+00:00,101371.9,bull,2024-12-05T00:00:00+00:00|104630.4
2024-12-14T00:00:00+00:00,2024-12-14T23:59:59.999000+00:00,101381.0,bull,2024-12-05T00:00:00+00:00|104630.4
2024-12-15T00:00:00+00:00,2024-12-15T23:59:59.999000+00:00,104460.4,bull,2024-12-15T00:00:00+00:00|105374.6
2024-12-16T00:00:00+00:00,2024-12-16T23:59:59.999000+00:00,106023.2,bull,2024-12-16T00:00:00+00:00|107777.0
2024-12-17T00:00:00+00:00,2024-12-17T23:59:59.999000+00:00,106074.6,bull,2024-12-17T00:00:00+00:00|108366.8
2024-12-18T00:00:00+00:00,2024-12-18T23:59:59.999000+00:00,100181.1,bull,2024-12-17T00:00:00+00:00|108366.8
2024-12-19T00:00:00+00:00,2024-12-19T23:59:59.999000+00:00,97434.4,bull,2024-12-17T00:00:00+00:00|108366.8
2024-12-20T00:00:00+00:00,2024-12-20T23:59:59.999000+00:00,97764.4,bull,2024-12-17T00:00:00+00:00|108366.8
2024-12-21T00:00:00+00:00,2024-12-21T23:59:59.999000+00:00,97261.8,bull,2024-12-17T00:00:00+00:00|108366.8
2024-12-22T00:00:00+00:00,2024-12-22T23:59:59.999000+00:00,95153.5,bull,2024-12-17T00:00:00+00:00|108366.8
2024-12-23T00:00:00+00:00,2024-12-23T23:59:59.999000+00:00,94861.1,bull,2024-12-17T00:00:00+00:00|108366.8
2024-12-24T00:00:00+00:00,2024-12-24T23:59:59.999000+00:00,98627.2,bull,2024-12-17T00:00:00+00:00|108366.8
2024-12-25T00:00:00+00:00,2024-12-25T23:59:59.999000+00:00,99379.7,bull,2024-12-17T00:00:00+00:00|108366.8
2024-12-26T00:00:00+00:00,2024-12-26T23:59:59.999000+00:00,95751.0,bull,2024-12-17T00:00:00+00:00|108366.8
2024-12-27T00:00:00+00:00,2024-12-27T23:59:59.999000+00:00,94258.9,bull,2024-12-17T00:00:00+00:00|108366.8
2024-12-28T00:00:00+00:00,2024-12-28T23:59:59.999000+00:00,95259.1,bull,2024-12-17T00:00:00+00:00|108366.8
2024-12-29T00:00:00+00:00,2024-12-29T23:59:59.999000+00:00,93700.0,bull,2024-12-17T00:00:00+00:00|108366.8
2024-12-30T00:00:00+00:00,2024-12-30T23:59:59.999000+00:00,92759.3,bull,2024-12-17T00:00:00+00:00|108366.8
2024-12-31T00:00:00+00:00,2024-12-31T23:59:59.999000+00:00,93548.9,bull,2024-12-17T00:00:00+00:00|108366.8
2025-01-01T00:00:00+00:00,2025-01-01T23:59:59.999000+00:00,94580.9,bull,2024-12-17T00:00:00+00:00|108366.8
2025-01-02T00:00:00+00:00,2025-01-02T23:59:59.999000+00:00,96967.5,bull,2024-12-17T00:00:00+00:00|108366.8
2025-01-03T00:00:00+00:00,2025-01-03T23:59:59.999000+00:00,98145.7,bull,2024-12-17T00:00:00+00:00|108366.8
2025-01-04T00:00:00+00:00,2025-01-04T23:59:59.999000+00:00,98173.2,bull,2024-12-17T00:00:00+00:00|108366.8
2025-01-05T00:00:00+00:00,2025-01-05T23:59:59.999000+00:00,98340.2,bull,2024-12-17T00:00:00+00:00|108366.8
2025-01-06T00:00:00+00:00,2025-01-06T23:59:59.999000+00:00,102180.4,bull,2024-12-17T00:00:00+00:00|108366.8
2025-01-07T00:00:00+00:00,2025-01-07T23:59:59.999000+00:00,96920.3,bull,2024-12-17T00:00:00+00:00|108366.8
2025-01-08T00:00:00+00:00,2025-01-08T23:59:59.999000+00:00,95014.1,bull,2024-12-17T00:00:00+00:00|108366.8
2025-01-09T00:00:00+00:00,2025-01-09T23:59:59.999000+00:00,92505.9,bull,2024-12-17T00:00:00+00:00|108366.8
2025-01-10T00:00:00+00:00,2025-01-10T23:59:59.999000+00:00,94675.5,bull,2024-12-17T00:00:00+00:00|108366.8
2025-01-11T00:00:00+00:00,2025-01-11T23:59:59.999000+00:00,94562.5,bull,2024-12-17T00:00:00+00:00|108366.8
2025-01-12T00:00:00+00:00,2025-01-12T23:59:59.999000+00:00,94499.9,bull,2024-12-17T00:00:00+00:00|108366.8
2025-01-13T00:00:00+00:00,2025-01-13T23:59:59.999000+00:00,94485.3,bull,2024-12-17T00:00:00+00:00|108366.8
2025-01-14T00:00:00+00:00,2025-01-14T23:59:59.999000+00:00,96514.9,bull,2024-12-17T00:00:00+00:00|108366.8
2025-01-15T00:00:00+00:00,2025-01-15T23:59:59.999000+00:00,100460.0,bull,2024-12-17T00:00:00+00:00|108366.8
2025-01-16T00:00:00+00:00,2025-01-16T23:59:59.999000+00:00,99937.4,bull,2024-12-17T00:00:00+00:00|108366.8
2025-01-17T00:00:00+00:00,2025-01-17T23:59:59.999000+00:00,104042.5,bull,2024-12-17T00:00:00+00:00|108366.8
2025-01-18T00:00:00+00:00,2025-01-18T23:59:59.999000+00:00,104524.3,bull,2024-12-17T00:00:00+00:00|108366.8
2025-01-19T00:00:00+00:00,2025-01-19T23:59:59.999000+00:00,101311.5,bull,2024-12-17T00:00:00+00:00|108366.8
2025-01-20T00:00:00+00:00,2025-01-20T23:59:59.999000+00:00,102247.6,bull,2025-01-20T00:00:00+00:00|110000.0
2025-01-21T00:00:00+00:00,2025-01-21T23:59:59.999000+00:00,106114.5,bull,2025-01-20T00:00:00+00:00|110000.0
2025-01-22T00:00:00+00:00,2025-01-22T23:59:59.999000+00:00,103664.9,bull,2025-01-20T00:00:00+00:00|110000.0
2025-01-23T00:00:00+00:00,2025-01-23T23:59:59.999000+00:00,103864.1,bull,2025-01-20T00:00:00+00:00|110000.0
2025-01-24T00:00:00+00:00,2025-01-24T23:59:59.999000+00:00,104808.1,bull,2025-01-20T00:00:00+00:00|110000.0
2025-01-25T00:00:00+00:00,2025-01-25T23:59:59.999000+00:00,104702.0,bull,2025-01-20T00:00:00+00:00|110000.0
2025-01-26T00:00:00+00:00,2025-01-26T23:59:59.999000+00:00,102560.1,bull,2025-01-20T00:00:00+00:00|110000.0
2025-01-27T00:00:00+00:00,2025-01-27T23:59:59.999000+00:00,102021.3,bull,2025-01-20T00:00:00+00:00|110000.0
2025-01-28T00:00:00+00:00,2025-01-28T23:59:59.999000+00:00,101279.6,bull,2025-01-20T00:00:00+00:00|110000.0
2025-01-29T00:00:00+00:00,2025-01-29T23:59:59.999000+00:00,103698.2,bull,2025-01-20T00:00:00+00:00|110000.0
2025-01-30T00:00:00+00:00,2025-01-30T23:59:59.999000+00:00,104676.9,bull,2025-01-20T00:00:00+00:00|110000.0
2025-01-31T00:00:00+00:00,2025-01-31T23:59:59.999000+00:00,102379.7,bull,2025-01-20T00:00:00+00:00|110000.0
2025-02-01T00:00:00+00:00,2025-02-01T23:59:59.999000+00:00,100603.6,bull,2025-01-20T00:00:00+00:00|110000.0
2025-02-02T00:00:00+00:00,2025-02-02T23:59:59.999000+00:00,97664.5,bull,2025-01-20T00:00:00+00:00|110000.0
2025-02-03T00:00:00+00:00,2025-02-03T23:59:59.999000+00:00,101293.7,bull,2025-01-20T00:00:00+00:00|110000.0
2025-02-04T00:00:00+00:00,2025-02-04T23:59:59.999000+00:00,97709.9,bull,2025-01-20T00:00:00+00:00|110000.0
2025-02-05T00:00:00+00:00,2025-02-05T23:59:59.999000+00:00,96553.2,bull,2025-01-20T00:00:00+00:00|110000.0
2025-02-06T00:00:00+00:00,2025-02-06T23:59:59.999000+00:00,96515.1,bull,2025-01-20T00:00:00+00:00|110000.0
2025-02-07T00:00:00+00:00,2025-02-07T23:59:59.999000+00:00,96454.5,bull,2025-01-20T00:00:00+00:00|110000.0
2025-02-08T00:00:00+00:00,2025-02-08T23:59:59.999000+00:00,96411.9,bull,2025-01-20T00:00:00+00:00|110000.0
2025-02-09T00:00:00+00:00,2025-02-09T23:59:59.999000+00:00,96423.6,bull,2025-01-20T00:00:00+00:00|110000.0
2025-02-10T00:00:00+00:00,2025-02-10T23:59:59.999000+00:00,97379.2,bull,2025-01-20T00:00:00+00:00|110000.0
2025-02-11T00:00:00+00:00,2025-02-11T23:59:59.999000+00:00,95731.4,bull,2025-01-20T00:00:00+00:00|110000.0
2025-02-12T00:00:00+00:00,2025-02-12T23:59:59.999000+00:00,97816.3,bull,2025-01-20T00:00:00+00:00|110000.0
2025-02-13T00:00:00+00:00,2025-02-13T23:59:59.999000+00:00,96560.6,bull,2025-01-20T00:00:00+00:00|110000.0
2025-02-14T00:00:00+00:00,2025-02-14T23:59:59.999000+00:00,97445.1,bull,2025-01-20T00:00:00+00:00|110000.0
2025-02-15T00:00:00+00:00,2025-02-15T23:59:59.999000+00:00,97538.0,bull,2025-01-20T00:00:00+00:00|110000.0
2025-02-16T00:00:00+00:00,2025-02-16T23:59:59.999000+00:00,96067.0,bull,2025-01-20T00:00:00+00:00|110000.0
2025-02-17T00:00:00+00:00,2025-02-17T23:59:59.999000+00:00,95743.2,bull,2025-01-20T00:00:00+00:00|110000.0
2025-02-18T00:00:00+00:00,2025-02-18T23:59:59.999000+00:00,95622.0,bull,2025-01-20T00:00:00+00:00|110000.0
2025-02-19T00:00:00+00:00,2025-02-19T23:59:59.999000+00:00,96598.0,bull,2025-01-20T00:00:00+00:00|110000.0
2025-02-20T00:00:00+00:00,2025-02-20T23:59:59.999000+00:00,98252.9,bull,2025-01-20T00:00:00+00:00|110000.0
2025-02-21T00:00:00+00:00,2025-02-21T23:59:59.999000+00:00,96127.9,bull,2025-01-20T00:00:00+00:00|110000.0
2025-02-22T00:00:00+00:00,2025-02-22T23:59:59.999000+00:00,96503.3,bull,2025-01-20T00:00:00+00:00|110000.0
2025-02-23T00:00:00+00:00,2025-02-23T23:59:59.999000+00:00,96218.4,bull,2025-01-20T00:00:00+00:00|110000.0
2025-02-24T00:00:00+00:00,2025-02-24T23:59:59.999000+00:00,91514.5,bull,2025-01-20T00:00:00+00:00|110000.0
2025-02-25T00:00:00+00:00,2025-02-25T23:59:59.999000+00:00,88639.1,bull,2025-01-20T00:00:00+00:00|110000.0
2025-02-26T00:00:00+00:00,2025-02-26T23:59:59.999000+00:00,84208.5,bull,2025-01-20T00:00:00+00:00|110000.0
2025-02-27T00:00:00+00:00,2025-02-27T23:59:59.999000+00:00,84668.1,bull,2025-01-20T00:00:00+00:00|110000.0
2025-02-28T00:00:00+00:00,2025-02-28T23:59:59.999000+00:00,84299.6,bull,2025-01-20T00:00:00+00:00|110000.0
2025-03-01T00:00:00+00:00,2025-03-01T23:59:59.999000+00:00,86007.7,bull,2025-01-20T00:00:00+00:00|110000.0
2025-03-02T00:00:00+00:00,2025-03-02T23:59:59.999000+00:00,94222.8,bull,2025-01-20T00:00:00+00:00|110000.0
2025-03-03T00:00:00+00:00,2025-03-03T23:59:59.999000+00:00,86192.7,bull,2025-01-20T00:00:00+00:00|110000.0
2025-03-04T00:00:00+00:00,2025-03-04T23:59:59.999000+00:00,87245.9,bull,2025-01-20T00:00:00+00:00|110000.0
2025-03-05T00:00:00+00:00,2025-03-05T23:59:59.999000+00:00,90566.1,bull,2025-01-20T00:00:00+00:00|110000.0
2025-03-06T00:00:00+00:00,2025-03-06T23:59:59.999000+00:00,89887.8,bull,2025-01-20T00:00:00+00:00|110000.0
2025-03-07T00:00:00+00:00,2025-03-07T23:59:59.999000+00:00,86753.8,bull,2025-01-20T00:00:00+00:00|110000.0
2025-03-08T00:00:00+00:00,2025-03-08T23:59:59.999000+00:00,86184.7,bull,2025-01-20T00:00:00+00:00|110000.0
2025-03-09T00:00:00+00:00,2025-03-09T23:59:59.999000+00:00,80688.8,bull,2025-01-20T00:00:00+00:00|110000.0
2025-03-10T00:00:00+00:00,2025-03-10T23:59:59.999000+00:00,78567.8,bull,2025-01-20T00:00:00+00:00|110000.0
2025-03-11T00:00:00+00:00,2025-03-11T23:59:59.999000+00:00,82896.0,bull,2025-01-20T00:00:00+00:00|110000.0
2025-03-12T00:00:00+00:00,2025-03-12T23:59:59.999000+00:00,83640.7,bull,2025-01-20T00:00:00+00:00|110000.0
2025-03-13T00:00:00+00:00,2025-03-13T23:59:59.999000+00:00,81085.4,bull,2025-01-20T00:00:00+00:00|110000.0
2025-03-14T00:00:00+00:00,2025-03-14T23:59:59.999000+00:00,83939.8,bull,2025-01-20T00:00:00+00:00|110000.0
2025-03-15T00:00:00+00:00,2025-03-15T23:59:59.999000+00:00,84302.9,bull,2025-01-20T00:00:00+00:00|110000.0
2025-03-16T00:00:00+00:00,2025-03-16T23:59:59.999000+00:00,82541.6,bull,2025-01-20T00:00:00+00:00|110000.0
2025-03-17T00:00:00+00:00,2025-03-17T23:59:59.999000+00:00,83962.9,bull,2025-01-20T00:00:00+00:00|110000.0
2025-03-18T00:00:00+00:00,2025-03-18T23:59:59.999000+00:00,82666.1,bull,2025-01-20T00:00:00+00:00|110000.0
2025-03-19T00:00:00+00:00,2025-03-19T23:59:59.999000+00:00,86809.8,bull,2025-01-20T00:00:00+00:00|110000.0
2025-03-20T00:00:00+00:00,2025-03-20T23:59:59.999000+00:00,84183.6,bull,2025-01-20T00:00:00+00:00|110000.0
2025-03-21T00:00:00+00:00,2025-03-21T23:59:59.999000+00:00,84050.3,bull,2025-01-20T00:00:00+00:00|110000.0
2025-03-22T00:00:00+00:00,2025-03-22T23:59:59.999000+00:00,83804.9,bull,2025-01-20T00:00:00+00:00|110000.0
2025-03-23T00:00:00+00:00,2025-03-23T23:59:59.999000+00:00,86044.2,bull,2025-01-20T00:00:00+00:00|110000.0
2025-03-24T00:00:00+00:00,2025-03-24T23:59:59.999000+00:00,87463.4,bull,2025-01-20T00:00:00+00:00|110000.0
2025-03-25T00:00:00+00:00,2025-03-25T23:59:59.999000+00:00,87369.8,bull,2025-01-20T00:00:00+00:00|110000.0
2025-03-26T00:00:00+00:00,2025-03-26T23:59:59.999000+00:00,86873.8,bull,2025-01-20T00:00:00+00:00|110000.0
2025-03-27T00:00:00+00:00,2025-03-27T23:59:59.999000+00:00,87191.2,bull,2025-01-20T00:00:00+00:00|110000.0
2025-03-28T00:00:00+00:00,2025-03-28T23:59:59.999000+00:00,84380.8,bull,2025-01-20T00:00:00+00:00|110000.0
2025-03-29T00:00:00+00:00,2025-03-29T23:59:59.999000+00:00,82604.7,bull,2025-01-20T00:00:00+00:00|110000.0
2025-03-30T00:00:00+00:00,2025-03-30T23:59:59.999000+00:00,82352.8,bull,2025-01-20T00:00:00+00:00|110000.0
2025-03-31T00:00:00+00:00,2025-03-31T23:59:59.999000+00:00,82517.5,bull,2025-01-20T00:00:00+00:00|110000.0
2025-04-01T00:00:00+00:00,2025-04-01T23:59:59.999000+00:00,85120.9,bull,2025-01-20T00:00:00+00:00|110000.0
2025-04-02T00:00:00+00:00,2025-04-02T23:59:59.999000+00:00,82485.1,bull,2025-01-20T00:00:00+00:00|110000.0
2025-04-03T00:00:00+00:00,2025-04-03T23:59:59.999000+00:00,83181.5,bull,2025-01-20T00:00:00+00:00|110000.0
2025-04-04T00:00:00+00:00,2025-04-04T23:59:59.999000+00:00,83861.3,bull,2025-01-20T00:00:00+00:00|110000.0
2025-04-05T00:00:00+00:00,2025-04-05T23:59:59.999000+00:00,83506.1,bull,2025-01-20T00:00:00+00:00|110000.0
2025-04-06T00:00:00+00:00,2025-04-06T23:59:59.999000+00:00,78390.0,bull,2025-01-20T00:00:00+00:00|110000.0
2025-04-07T00:00:00+00:00,2025-04-07T23:59:59.999000+00:00,79140.0,bull,2025-01-20T00:00:00+00:00|110000.0
2025-04-08T00:00:00+00:00,2025-04-08T23:59:59.999000+00:00,76297.9,bull,2025-01-20T00:00:00+00:00|110000.0
2025-04-09T00:00:00+00:00,2025-04-09T23:59:59.999000+00:00,82588.0,bull,2025-01-20T00:00:00+00:00|110000.0
2025-04-10T00:00:00+00:00,2025-04-10T23:59:59.999000+00:00,79560.2,bull,2025-01-20T00:00:00+00:00|110000.0
2025-04-11T00:00:00+00:00,2025-04-11T23:59:59.999000+00:00,83378.3,bull,2025-01-20T00:00:00+00:00|110000.0
2025-04-12T00:00:00+00:00,2025-04-12T23:59:59.999000+00:00,85237.8,bull,2025-01-20T00:00:00+00:00|110000.0
2025-04-13T00:00:00+00:00,2025-04-13T23:59:59.999000+00:00,83713.7,bull,2025-01-20T00:00:00+00:00|110000.0
2025-04-14T00:00:00+00:00,2025-04-14T23:59:59.999000+00:00,84553.9,bull,2025-01-20T00:00:00+00:00|110000.0
2025-04-15T00:00:00+00:00,2025-04-15T23:59:59.999000+00:00,83608.7,bull,2025-01-20T00:00:00+00:00|110000.0
2025-04-16T00:00:00+00:00,2025-04-16T23:59:59.999000+00:00,83990.0,bull,2025-01-20T00:00:00+00:00|110000.0
2025-04-17T00:00:00+00:00,2025-04-17T23:59:59.999000+00:00,84915.0,bull,2025-01-20T00:00:00+00:00|110000.0
2025-04-18T00:00:00+00:00,2025-04-18T23:59:59.999000+00:00,84421.0,bull,2025-01-20T00:00:00+00:00|110000.0
2025-04-19T00:00:00+00:00,2025-04-19T23:59:59.999000+00:00,85046.9,bull,2025-01-20T00:00:00+00:00|110000.0
2025-04-20T00:00:00+00:00,2025-04-20T23:59:59.999000+00:00,85138.8,bull,2025-01-20T00:00:00+00:00|110000.0
2025-04-21T00:00:00+00:00,2025-04-21T23:59:59.999000+00:00,87466.0,bull,2025-01-20T00:00:00+00:00|110000.0
2025-04-22T00:00:00+00:00,2025-04-22T23:59:59.999000+00:00,93404.9,bull,2025-01-20T00:00:00+00:00|110000.0
2025-04-23T00:00:00+00:00,2025-04-23T23:59:59.999000+00:00,93632.1,bull,2025-01-20T00:00:00+00:00|110000.0
2025-04-24T00:00:00+00:00,2025-04-24T23:59:59.999000+00:00,93931.6,bull,2025-01-20T00:00:00+00:00|110000.0
2025-04-25T00:00:00+00:00,2025-04-25T23:59:59.999000+00:00,94591.8,bull,2025-01-20T00:00:00+00:00|110000.0
2025-04-26T00:00:00+00:00,2025-04-26T23:59:59.999000+00:00,94575.7,bull,2025-01-20T00:00:00+00:00|110000.0
2025-04-27T00:00:00+00:00,2025-04-27T23:59:59.999000+00:00,93697.1,bull,2025-01-20T00:00:00+00:00|110000.0
2025-04-28T00:00:00+00:00,2025-04-28T23:59:59.999000+00:00,94969.0,bull,2025-01-20T00:00:00+00:00|110000.0
2025-04-29T00:00:00+00:00,2025-04-29T23:59:59.999000+00:00,94200.1,bull,2025-01-20T00:00:00+00:00|110000.0
2025-04-30T00:00:00+00:00,2025-04-30T23:59:59.999000+00:00,94125.1,bull,2025-01-20T00:00:00+00:00|110000.0
2025-05-01T00:00:00+00:00,2025-05-01T23:59:59.999000+00:00,96423.3,bull,2025-01-20T00:00:00+00:00|110000.0
2025-05-02T00:00:00+00:00,2025-05-02T23:59:59.999000+00:00,96831.2,bull,2025-01-20T00:00:00+00:00|110000.0
2025-05-03T00:00:00+00:00,2025-05-03T23:59:59.999000+00:00,95803.3,bull,2025-01-20T00:00:00+00:00|110000.0
2025-05-04T00:00:00+00:00,2025-05-04T23:59:59.999000+00:00,94230.2,bull,2025-01-20T00:00:00+00:00|110000.0
2025-05-05T00:00:00+00:00,2025-05-05T23:59:59.999000+00:00,94696.7,bull,2025-01-20T00:00:00+00:00|110000.0
2025-05-06T00:00:00+00:00,2025-05-06T23:59:59.999000+00:00,96798.9,bull,2025-01-20T00:00:00+00:00|110000.0
2025-05-07T00:00:00+00:00,2025-05-07T23:59:59.999000+00:00,96988.4,bull,2025-01-20T00:00:00+00:00|110000.0
2025-05-08T00:00:00+00:00,2025-05-08T23:59:59.999000+00:00,103228.1,bull,2025-01-20T00:00:00+00:00|110000.0
2025-05-09T00:00:00+00:00,2025-05-09T23:59:59.999000+00:00,102941.9,bull,2025-01-20T00:00:00+00:00|110000.0
2025-05-10T00:00:00+00:00,2025-05-10T23:59:59.999000+00:00,104788.8,bull,2025-01-20T00:00:00+00:00|110000.0
2025-05-11T00:00:00+00:00,2025-05-11T23:59:59.999000+00:00,104072.7,bull,2025-01-20T00:00:00+00:00|110000.0
2025-05-12T00:00:00+00:00,2025-05-12T23:59:59.999000+00:00,102739.3,bull,2025-01-20T00:00:00+00:00|110000.0
2025-05-13T00:00:00+00:00,2025-05-13T23:59:59.999000+00:00,104082.0,bull,2025-01-20T00:00:00+00:00|110000.0
2025-05-14T00:00:00+00:00,2025-05-14T23:59:59.999000+00:00,103458.1,bull,2025-01-20T00:00:00+00:00|110000.0
2025-05-15T00:00:00+00:00,2025-05-15T23:59:59.999000+00:00,103714.5,bull,2025-01-20T00:00:00+00:00|110000.0
2025-05-16T00:00:00+00:00,2025-05-16T23:59:59.999000+00:00,103412.2,bull,2025-01-20T00:00:00+00:00|110000.0
2025-05-17T00:00:00+00:00,2025-05-17T23:59:59.999000+00:00,103079.6,bull,2025-01-20T00:00:00+00:00|110000.0
2025-05-18T00:00:00+00:00,2025-05-18T23:59:59.999000+00:00,106407.6,bull,2025-01-20T00:00:00+00:00|110000.0
2025-05-19T00:00:00+00:00,2025-05-19T23:59:59.999000+00:00,105531.6,bull,2025-01-20T00:00:00+00:00|110000.0
2025-05-20T00:00:00+00:00,2025-05-20T23:59:59.999000+00:00,106800.1,bull,2025-01-20T00:00:00+00:00|110000.0
2025-05-21T00:00:00+00:00,2025-05-21T23:59:59.999000+00:00,109609.5,bull,2025-05-21T00:00:00+00:00|110830.0
2025-05-22T00:00:00+00:00,2025-05-22T23:59:59.999000+00:00,111662.7,bull,2025-05-22T00:00:00+00:00|111959.5
2025-05-23T00:00:00+00:00,2025-05-23T23:59:59.999000+00:00,107271.5,bull,2025-05-22T00:00:00+00:00|111959.5
2025-05-24T00:00:00+00:00,2025-05-24T23:59:59.999000+00:00,107698.9,bull,2025-05-22T00:00:00+00:00|111959.5
2025-05-25T00:00:00+00:00,2025-05-25T23:59:59.999000+00:00,108955.9,bull,2025-05-22T00:00:00+00:00|111959.5
2025-05-26T00:00:00+00:00,2025-05-26T23:59:59.999000+00:00,109386.8,bull,2025-05-22T00:00:00+00:00|111959.5
2025-05-27T00:00:00+00:00,2025-05-27T23:59:59.999000+00:00,108889.3,bull,2025-05-22T00:00:00+00:00|111959.5
2025-05-28T00:00:00+00:00,2025-05-28T23:59:59.999000+00:00,107723.1,bull,2025-05-22T00:00:00+00:00|111959.5
2025-05-29T00:00:00+00:00,2025-05-29T23:59:59.999000+00:00,105539.9,bull,2025-05-22T00:00:00+00:00|111959.5
2025-05-30T00:00:00+00:00,2025-05-30T23:59:59.999000+00:00,103950.0,bull,2025-05-22T00:00:00+00:00|111959.5
2025-05-31T00:00:00+00:00,2025-05-31T23:59:59.999000+00:00,104544.7,bull,2025-05-22T00:00:00+00:00|111959.5
2025-06-01T00:00:00+00:00,2025-06-01T23:59:59.999000+00:00,105583.3,bull,2025-05-22T00:00:00+00:00|111959.5
2025-06-02T00:00:00+00:00,2025-06-02T23:59:59.999000+00:00,105814.3,bull,2025-05-22T00:00:00+00:00|111959.5
2025-06-03T00:00:00+00:00,2025-06-03T23:59:59.999000+00:00,105330.1,bull,2025-05-22T00:00:00+00:00|111959.5
2025-06-04T00:00:00+00:00,2025-06-04T23:59:59.999000+00:00,104641.8,bull,2025-05-22T00:00:00+00:00|111959.5
2025-06-05T00:00:00+00:00,2025-06-05T23:59:59.999000+00:00,101458.6,bull,2025-05-22T00:00:00+00:00|111959.5
2025-06-06T00:00:00+00:00,2025-06-06T23:59:59.999000+00:00,104240.0,bull,2025-05-22T00:00:00+00:00|111959.5
2025-06-07T00:00:00+00:00,2025-06-07T23:59:59.999000+00:00,105507.5,bull,2025-05-22T00:00:00+00:00|111959.5
2025-06-08T00:00:00+00:00,2025-06-08T23:59:59.999000+00:00,105676.5,bull,2025-05-22T00:00:00+00:00|111959.5
2025-06-09T00:00:00+00:00,2025-06-09T23:59:59.999000+00:00,110227.9,bull,2025-05-22T00:00:00+00:00|111959.5
2025-06-10T00:00:00+00:00,2025-06-10T23:59:59.999000+00:00,110235.4,bull,2025-05-22T00:00:00+00:00|111959.5
2025-06-11T00:00:00+00:00,2025-06-11T23:59:59.999000+00:00,108600.0,bull,2025-05-22T00:00:00+00:00|111959.5
2025-06-12T00:00:00+00:00,2025-06-12T23:59:59.999000+00:00,105609.5,bull,2025-05-22T00:00:00+00:00|111959.5
2025-06-13T00:00:00+00:00,2025-06-13T23:59:59.999000+00:00,106027.3,bull,2025-05-22T00:00:00+00:00|111959.5
2025-06-14T00:00:00+00:00,2025-06-14T23:59:59.999000+00:00,105359.9,bull,2025-05-22T00:00:00+00:00|111959.5
2025-06-15T00:00:00+00:00,2025-06-15T23:59:59.999000+00:00,105534.6,bull,2025-05-22T00:00:00+00:00|111959.5
2025-06-16T00:00:00+00:00,2025-06-16T23:59:59.999000+00:00,106750.1,bull,2025-05-22T00:00:00+00:00|111959.5
2025-06-17T00:00:00+00:00,2025-06-17T23:59:59.999000+00:00,104508.0,bull,2025-05-22T00:00:00+00:00|111959.5
2025-06-18T00:00:00+00:00,2025-06-18T23:59:59.999000+00:00,104832.8,bull,2025-05-22T00:00:00+00:00|111959.5
2025-06-19T00:00:00+00:00,2025-06-19T23:59:59.999000+00:00,104607.1,bull,2025-05-22T00:00:00+00:00|111959.5
2025-06-20T00:00:00+00:00,2025-06-20T23:59:59.999000+00:00,103246.1,bull,2025-05-22T00:00:00+00:00|111959.5
2025-06-21T00:00:00+00:00,2025-06-21T23:59:59.999000+00:00,102079.8,bull,2025-05-22T00:00:00+00:00|111959.5
2025-06-22T00:00:00+00:00,2025-06-22T23:59:59.999000+00:00,100904.7,bull,2025-05-22T00:00:00+00:00|111959.5
2025-06-23T00:00:00+00:00,2025-06-23T23:59:59.999000+00:00,105290.9,bull,2025-05-22T00:00:00+00:00|111959.5
2025-06-24T00:00:00+00:00,2025-06-24T23:59:59.999000+00:00,106034.9,bull,2025-05-22T00:00:00+00:00|111959.5
2025-06-25T00:00:00+00:00,2025-06-25T23:59:59.999000+00:00,107280.0,bull,2025-05-22T00:00:00+00:00|111959.5
2025-06-26T00:00:00+00:00,2025-06-26T23:59:59.999000+00:00,106913.7,bull,2025-05-22T00:00:00+00:00|111959.5
2025-06-27T00:00:00+00:00,2025-06-27T23:59:59.999000+00:00,107010.7,bull,2025-05-22T00:00:00+00:00|111959.5
2025-06-28T00:00:00+00:00,2025-06-28T23:59:59.999000+00:00,107241.0,bull,2025-05-22T00:00:00+00:00|111959.5
2025-06-29T00:00:00+00:00,2025-06-29T23:59:59.999000+00:00,108309.8,bull,2025-05-22T00:00:00+00:00|111959.5
2025-06-30T00:00:00+00:00,2025-06-30T23:59:59.999000+00:00,107087.4,bull,2025-05-22T00:00:00+00:00|111959.5
2025-07-01T00:00:00+00:00,2025-07-01T23:59:59.999000+00:00,105637.9,bull,2025-05-22T00:00:00+00:00|111959.5
2025-07-02T00:00:00+00:00,2025-07-02T23:59:59.999000+00:00,108800.0,bull,2025-05-22T00:00:00+00:00|111959.5
2025-07-03T00:00:00+00:00,2025-07-03T23:59:59.999000+00:00,109545.2,bull,2025-05-22T00:00:00+00:00|111959.5
2025-07-04T00:00:00+00:00,2025-07-04T23:59:59.999000+00:00,107935.4,bull,2025-05-22T00:00:00+00:00|111959.5
2025-07-05T00:00:00+00:00,2025-07-05T23:59:59.999000+00:00,108153.4,bull,2025-05-22T00:00:00+00:00|111959.5
2025-07-06T00:00:00+00:00,2025-07-06T23:59:59.999000+00:00,109145.8,bull,2025-05-22T00:00:00+00:00|111959.5
2025-07-07T00:00:00+00:00,2025-07-07T23:59:59.999000+00:00,108203.9,bull,2025-05-22T00:00:00+00:00|111959.5
2025-07-08T00:00:00+00:00,2025-07-08T23:59:59.999000+00:00,108873.1,bull,2025-05-22T00:00:00+00:00|111959.5
2025-07-09T00:00:00+00:00,2025-07-09T23:59:59.999000+00:00,111199.9,bull,2025-07-09T00:00:00+00:00|112036.8
2025-07-10T00:00:00+00:00,2025-07-10T23:59:59.999000+00:00,115979.2,bull,2025-07-10T00:00:00+00:00|117500.0
2025-07-11T00:00:00+00:00,2025-07-11T23:59:59.999000+00:00,117500.0,bull,2025-07-11T00:00:00+00:00|118882.8
2025-07-12T00:00:00+00:00,2025-07-12T23:59:59.999000+00:00,117389.3,bull,2025-07-11T00:00:00+00:00|118882.8
2025-07-13T00:00:00+00:00,2025-07-13T23:59:59.999000+00:00,119038.3,bull,2025-07-13T00:00:00+00:00|119655.0
2025-07-14T00:00:00+00:00,2025-07-14T23:59:59.999000+00:00,119816.5,bull,2025-07-14T00:00:00+00:00|123300.0
2025-07-15T00:00:00+00:00,2025-07-15T23:59:59.999000+00:00,117738.5,bull,2025-07-14T00:00:00+00:00|123300.0
2025-07-16T00:00:00+00:00,2025-07-16T23:59:59.999000+00:00,118590.7,bull,2025-07-14T00:00:00+00:00|123300.0
2025-07-17T00:00:00+00:00,2025-07-17T23:59:59.999000+00:00,119176.6,bull,2025-07-14T00:00:00+00:00|123300.0
2025-07-18T00:00:00+00:00,2025-07-18T23:59:59.999000+00:00,117896.4,bull,2025-07-14T00:00:00+00:00|123300.0
2025-07-19T00:00:00+00:00,2025-07-19T23:59:59.999000+00:00,117814.4,bull,2025-07-14T00:00:00+00:00|123300.0
2025-07-20T00:00:00+00:00,2025-07-20T23:59:59.999000+00:00,117216.0,bull,2025-07-14T00:00:00+00:00|123300.0
2025-07-21T00:00:00+00:00,2025-07-21T23:59:59.999000+00:00,117330.2,bull,2025-07-14T00:00:00+00:00|123300.0
2025-07-22T00:00:00+00:00,2025-07-22T23:59:59.999000+00:00,119993.7,bull,2025-07-14T00:00:00+00:00|123300.0
2025-07-23T00:00:00+00:00,2025-07-23T23:59:59.999000+00:00,118713.5,bull,2025-07-14T00:00:00+00:00|123300.0
2025-07-24T00:00:00+00:00,2025-07-24T23:59:59.999000+00:00,118294.3,bull,2025-07-14T00:00:00+00:00|123300.0
2025-07-25T00:00:00+00:00,2025-07-25T23:59:59.999000+00:00,117583.5,bull,2025-07-14T00:00:00+00:00|123300.0
2025-07-26T00:00:00+00:00,2025-07-26T23:59:59.999000+00:00,117889.2,bull,2025-07-14T00:00:00+00:00|123300.0
2025-07-27T00:00:00+00:00,2025-07-27T23:59:59.999000+00:00,119423.4,bull,2025-07-14T00:00:00+00:00|123300.0
2025-07-28T00:00:00+00:00,2025-07-28T23:59:59.999000+00:00,118041.4,bull,2025-07-14T00:00:00+00:00|123300.0
2025-07-29T00:00:00+00:00,2025-07-29T23:59:59.999000+00:00,117897.0,bull,2025-07-14T00:00:00+00:00|123300.0
2025-07-30T00:00:00+00:00,2025-07-30T23:59:59.999000+00:00,117771.0,bull,2025-07-14T00:00:00+00:00|123300.0
2025-07-31T00:00:00+00:00,2025-07-31T23:59:59.999000+00:00,115697.3,bull,2025-07-14T00:00:00+00:00|123300.0
2025-08-01T00:00:00+00:00,2025-08-01T23:59:59.999000+00:00,113244.8,bull,2025-07-14T00:00:00+00:00|123300.0
2025-08-02T00:00:00+00:00,2025-08-02T23:59:59.999000+00:00,112508.8,bull,2025-07-14T00:00:00+00:00|123300.0
2025-08-03T00:00:00+00:00,2025-08-03T23:59:59.999000+00:00,114150.8,bull,2025-07-14T00:00:00+00:00|123300.0
2025-08-04T00:00:00+00:00,2025-08-04T23:59:59.999000+00:00,115002.1,bull,2025-07-14T00:00:00+00:00|123300.0
2025-08-05T00:00:00+00:00,2025-08-05T23:59:59.999000+00:00,114069.6,bull,2025-07-14T00:00:00+00:00|123300.0
2025-08-06T00:00:00+00:00,2025-08-06T23:59:59.999000+00:00,114941.0,bull,2025-07-14T00:00:00+00:00|123300.0
2025-08-07T00:00:00+00:00,2025-08-07T23:59:59.999000+00:00,117419.9,bull,2025-07-14T00:00:00+00:00|123300.0
2025-08-08T00:00:00+00:00,2025-08-08T23:59:59.999000+00:00,116628.2,bull,2025-07-14T00:00:00+00:00|123300.0
2025-08-09T00:00:00+00:00,2025-08-09T23:59:59.999000+00:00,116422.1,bull,2025-07-14T00:00:00+00:00|123300.0
2025-08-10T00:00:00+00:00,2025-08-10T23:59:59.999000+00:00,119255.3,bull,2025-07-14T00:00:00+00:00|123300.0
2025-08-11T00:00:00+00:00,2025-08-11T23:59:59.999000+00:00,118641.9,bull,2025-07-14T00:00:00+00:00|123300.0
2025-08-12T00:00:00+00:00,2025-08-12T23:59:59.999000+00:00,120081.0,bull,2025-07-14T00:00:00+00:00|123300.0
2025-08-13T00:00:00+00:00,2025-08-13T23:59:59.999000+00:00,123323.9,bull,2025-08-13T00:00:00+00:00|123715.9
2025-08-14T00:00:00+00:00,2025-08-14T23:59:59.999000+00:00,118242.2,bull,2025-08-14T00:00:00+00:00|124545.6
2025-08-15T00:00:00+00:00,2025-08-15T23:59:59.999000+00:00,117279.2,bull,2025-08-14T00:00:00+00:00|124545.6
2025-08-16T00:00:00+00:00,2025-08-16T23:59:59.999000+00:00,117329.7,bull,2025-08-14T00:00:00+00:00|124545.6
2025-08-17T00:00:00+00:00,2025-08-17T23:59:59.999000+00:00,117353.8,bull,2025-08-14T00:00:00+00:00|124545.6
2025-08-18T00:00:00+00:00,2025-08-18T23:59:59.999000+00:00,116183.6,bull,2025-08-14T00:00:00+00:00|124545.6
2025-08-19T00:00:00+00:00,2025-08-19T23:59:59.999000+00:00,112824.2,bull,2025-08-14T00:00:00+00:00|124545.6
2025-08-20T00:00:00+00:00,2025-08-20T23:59:59.999000+00:00,114220.5,bull,2025-08-14T00:00:00+00:00|124545.6
2025-08-21T00:00:00+00:00,2025-08-21T23:59:59.999000+00:00,112462.2,bull,2025-08-14T00:00:00+00:00|124545.6
2025-08-22T00:00:00+00:00,2025-08-22T23:59:59.999000+00:00,116897.5,bull,2025-08-14T00:00:00+00:00|124545.6
2025-08-23T00:00:00+00:00,2025-08-23T23:59:59.999000+00:00,115377.1,bull,2025-08-14T00:00:00+00:00|124545.6
2025-08-24T00:00:00+00:00,2025-08-24T23:59:59.999000+00:00,113446.3,bull,2025-08-14T00:00:00+00:00|124545.6
2025-08-25T00:00:00+00:00,2025-08-25T23:59:59.999000+00:00,110064.0,bull,2025-08-14T00:00:00+00:00|124545.6
2025-08-26T00:00:00+00:00,2025-08-26T23:59:59.999000+00:00,111709.9,bull,2025-08-14T00:00:00+00:00|124545.6
2025-08-27T00:00:00+00:00,2025-08-27T23:59:59.999000+00:00,111194.9,bull,2025-08-14T00:00:00+00:00|124545.6
2025-08-28T00:00:00+00:00,2025-08-28T23:59:59.999000+00:00,112507.3,bull,2025-08-14T00:00:00+00:00|124545.6
2025-08-29T00:00:00+00:00,2025-08-29T23:59:59.999000+00:00,108332.4,bull,2025-08-14T00:00:00+00:00|124545.6
2025-08-30T00:00:00+00:00,2025-08-30T23:59:59.999000+00:00,108757.9,bull,2025-08-14T00:00:00+00:00|124545.6
2025-08-31T00:00:00+00:00,2025-08-31T23:59:59.999000+00:00,108208.4,bull,2025-08-14T00:00:00+00:00|124545.6
2025-09-01T00:00:00+00:00,2025-09-01T23:59:59.999000+00:00,109187.9,bull,2025-08-14T00:00:00+00:00|124545.6
2025-09-02T00:00:00+00:00,2025-09-02T23:59:59.999000+00:00,111188.0,bull,2025-08-14T00:00:00+00:00|124545.6
2025-09-03T00:00:00+00:00,2025-09-03T23:59:59.999000+00:00,111659.8,bull,2025-08-14T00:00:00+00:00|124545.6
2025-09-04T00:00:00+00:00,2025-09-04T23:59:59.999000+00:00,110679.4,bull,2025-08-14T00:00:00+00:00|124545.6
2025-09-05T00:00:00+00:00,2025-09-05T23:59:59.999000+00:00,110614.9,bull,2025-08-14T00:00:00+00:00|124545.6
2025-09-06T00:00:00+00:00,2025-09-06T23:59:59.999000+00:00,110135.3,bull,2025-08-14T00:00:00+00:00|124545.6
2025-09-07T00:00:00+00:00,2025-09-07T23:59:59.999000+00:00,111076.0,bull,2025-08-14T00:00:00+00:00|124545.6
2025-09-08T00:00:00+00:00,2025-09-08T23:59:59.999000+00:00,112012.6,bull,2025-08-14T00:00:00+00:00|124545.6
2025-09-09T00:00:00+00:00,2025-09-09T23:59:59.999000+00:00,111499.9,bull,2025-08-14T00:00:00+00:00|124545.6
2025-09-10T00:00:00+00:00,2025-09-10T23:59:59.999000+00:00,113896.8,bull,2025-08-14T00:00:00+00:00|124545.6
2025-09-11T00:00:00+00:00,2025-09-11T23:59:59.999000+00:00,115427.0,bull,2025-08-14T00:00:00+00:00|124545.6
2025-09-12T00:00:00+00:00,2025-09-12T23:59:59.999000+00:00,115978.4,bull,2025-08-14T00:00:00+00:00|124545.6
2025-09-13T00:00:00+00:00,2025-09-13T23:59:59.999000+00:00,115862.7,bull,2025-08-14T00:00:00+00:00|124545.6
2025-09-14T00:00:00+00:00,2025-09-14T23:59:59.999000+00:00,115210.0,bull,2025-08-14T00:00:00+00:00|124545.6
2025-09-15T00:00:00+00:00,2025-09-15T23:59:59.999000+00:00,115300.6,bull,2025-08-14T00:00:00+00:00|124545.6
2025-09-16T00:00:00+00:00,2025-09-16T23:59:59.999000+00:00,116747.3,bull,2025-08-14T00:00:00+00:00|124545.6
2025-09-17T00:00:00+00:00,2025-09-17T23:59:59.999000+00:00,116402.5,bull,2025-08-14T00:00:00+00:00|124545.6
2025-09-18T00:00:00+00:00,2025-09-18T23:59:59.999000+00:00,117017.1,bull,2025-08-14T00:00:00+00:00|124545.6
2025-09-19T00:00:00+00:00,2025-09-19T23:59:59.999000+00:00,115569.5,bull,2025-08-14T00:00:00+00:00|124545.6
2025-09-20T00:00:00+00:00,2025-09-20T23:59:59.999000+00:00,115624.9,bull,2025-08-14T00:00:00+00:00|124545.6
2025-09-21T00:00:00+00:00,2025-09-21T23:59:59.999000+00:00,115183.9,bull,2025-08-14T00:00:00+00:00|124545.6
2025-09-22T00:00:00+00:00,2025-09-22T23:59:59.999000+00:00,112604.7,bull,2025-08-14T00:00:00+00:00|124545.6
2025-09-23T00:00:00+00:00,2025-09-23T23:59:59.999000+00:00,111947.0,bull,2025-08-14T00:00:00+00:00|124545.6
2025-09-24T00:00:00+00:00,2025-09-24T23:59:59.999000+00:00,113254.0,bull,2025-08-14T00:00:00+00:00|124545.6
2025-09-25T00:00:00+00:00,2025-09-25T23:59:59.999000+00:00,108934.5,bull,2025-08-14T00:00:00+00:00|124545.6
2025-09-26T00:00:00+00:00,2025-09-26T23:59:59.999000+00:00,109588.5,bull,2025-08-14T00:00:00+00:00|124545.6
2025-09-27T00:00:00+00:00,2025-09-27T23:59:59.999000+00:00,109577.3,bull,2025-08-14T00:00:00+00:00|124545.6
2025-09-28T00:00:00+00:00,2025-09-28T23:59:59.999000+00:00,112119.6,bull,2025-08-14T00:00:00+00:00|124545.6
2025-09-29T00:00:00+00:00,2025-09-29T23:59:59.999000+00:00,114257.1,bull,2025-08-14T00:00:00+00:00|124545.6
2025-09-30T00:00:00+00:00,2025-09-30T23:59:59.999000+00:00,113988.8,bull,2025-08-14T00:00:00+00:00|124545.6
2025-10-01T00:00:00+00:00,2025-10-01T23:59:59.999000+00:00,118552.4,bull,2025-08-14T00:00:00+00:00|124545.6
2025-10-02T00:00:00+00:00,2025-10-02T23:59:59.999000+00:00,120481.3,bull,2025-08-14T00:00:00+00:00|124545.6
2025-10-03T00:00:00+00:00,2025-10-03T23:59:59.999000+00:00,122182.7,bull,2025-08-14T00:00:00+00:00|124545.6
2025-10-04T00:00:00+00:00,2025-10-04T23:59:59.999000+00:00,122343.2,bull,2025-08-14T00:00:00+00:00|124545.6
2025-10-05T00:00:00+00:00,2025-10-05T23:59:59.999000+00:00,123426.7,bull,2025-10-05T00:00:00+00:00|125877.3
2025-10-06T00:00:00+00:00,2025-10-06T23:59:59.999000+00:00,124628.5,bull,2025-10-06T00:00:00+00:00|126208.5
2025-10-07T00:00:00+00:00,2025-10-07T23:59:59.999000+00:00,121286.5,bull,2025-10-06T00:00:00+00:00|126208.5
2025-10-08T00:00:00+00:00,2025-10-08T23:59:59.999000+00:00,123237.5,bull,2025-10-06T00:00:00+00:00|126208.5
2025-10-09T00:00:00+00:00,2025-10-09T23:59:59.999000+00:00,121579.3,bull,2025-10-06T00:00:00+00:00|126208.5
2025-10-10T00:00:00+00:00,2025-10-10T23:59:59.999000+00:00,112714.9,bull,2025-10-06T00:00:00+00:00|126208.5
2025-10-11T00:00:00+00:00,2025-10-11T23:59:59.999000+00:00,110579.1,bull,2025-10-06T00:00:00+00:00|126208.5
2025-10-12T00:00:00+00:00,2025-10-12T23:59:59.999000+00:00,114894.4,bull,2025-10-06T00:00:00+00:00|126208.5
2025-10-13T00:00:00+00:00,2025-10-13T23:59:59.999000+00:00,115111.9,bull,2025-10-06T00:00:00+00:00|126208.5
2025-10-14T00:00:00+00:00,2025-10-14T23:59:59.999000+00:00,112983.8,bull,2025-10-06T00:00:00+00:00|126208.5
2025-10-15T00:00:00+00:00,2025-10-15T23:59:59.999000+00:00,110699.0,bull,2025-10-06T00:00:00+00:00|126208.5
2025-10-16T00:00:00+00:00,2025-10-16T23:59:59.999000+00:00,108129.4,bull,2025-10-06T00:00:00+00:00|126208.5
2025-10-17T00:00:00+00:00,2025-10-17T23:59:59.999000+00:00,106378.6,bull,2025-10-06T00:00:00+00:00|126208.5
2025-10-18T00:00:00+00:00,2025-10-18T23:59:59.999000+00:00,107117.5,bull,2025-10-06T00:00:00+00:00|126208.5
2025-10-19T00:00:00+00:00,2025-10-19T23:59:59.999000+00:00,108586.2,bull,2025-10-06T00:00:00+00:00|126208.5
2025-10-20T00:00:00+00:00,2025-10-20T23:59:59.999000+00:00,110469.9,bull,2025-10-06T00:00:00+00:00|126208.5
2025-10-21T00:00:00+00:00,2025-10-21T23:59:59.999000+00:00,108253.7,bull,2025-10-06T00:00:00+00:00|126208.5
2025-10-22T00:00:00+00:00,2025-10-22T23:59:59.999000+00:00,107532.0,bull,2025-10-06T00:00:00+00:00|126208.5
2025-10-23T00:00:00+00:00,2025-10-23T23:59:59.999000+00:00,110025.9,bull,2025-10-06T00:00:00+00:00|126208.5
2025-10-24T00:00:00+00:00,2025-10-24T23:59:59.999000+00:00,110965.4,bull,2025-10-06T00:00:00+00:00|126208.5
2025-10-25T00:00:00+00:00,2025-10-25T23:59:59.999000+00:00,111589.4,bull,2025-10-06T00:00:00+00:00|126208.5
2025-10-26T00:00:00+00:00,2025-10-26T23:59:59.999000+00:00,114497.8,bull,2025-10-06T00:00:00+00:00|126208.5
2025-10-27T00:00:00+00:00,2025-10-27T23:59:59.999000+00:00,114064.1,bull,2025-10-06T00:00:00+00:00|126208.5
2025-10-28T00:00:00+00:00,2025-10-28T23:59:59.999000+00:00,112833.5,bull,2025-10-06T00:00:00+00:00|126208.5
2025-10-29T00:00:00+00:00,2025-10-29T23:59:59.999000+00:00,109985.6,bull,2025-10-06T00:00:00+00:00|126208.5
2025-10-30T00:00:00+00:00,2025-10-30T23:59:59.999000+00:00,108263.5,bull,2025-10-06T00:00:00+00:00|126208.5
2025-10-31T00:00:00+00:00,2025-10-31T23:59:59.999000+00:00,109557.3,bull,2025-10-06T00:00:00+00:00|126208.5
2025-11-01T00:00:00+00:00,2025-11-01T23:59:59.999000+00:00,110047.2,bull,2025-10-06T00:00:00+00:00|126208.5
2025-11-02T00:00:00+00:00,2025-11-02T23:59:59.999000+00:00,110494.9,bull,2025-10-06T00:00:00+00:00|126208.5
2025-11-03T00:00:00+00:00,2025-11-03T23:59:59.999000+00:00,106544.0,bull,2025-10-06T00:00:00+00:00|126208.5
2025-11-04T00:00:00+00:00,2025-11-04T23:59:59.999000+00:00,101450.3,bull,2025-10-06T00:00:00+00:00|126208.5
2025-11-05T00:00:00+00:00,2025-11-05T23:59:59.999000+00:00,103837.0,bull,2025-10-06T00:00:00+00:00|126208.5
2025-11-06T00:00:00+00:00,2025-11-06T23:59:59.999000+00:00,101305.6,bull,2025-10-06T00:00:00+00:00|126208.5
2025-11-07T00:00:00+00:00,2025-11-07T23:59:59.999000+00:00,103305.2,bull,2025-10-06T00:00:00+00:00|126208.5
2025-11-08T00:00:00+00:00,2025-11-08T23:59:59.999000+00:00,102269.3,bull,2025-10-06T00:00:00+00:00|126208.5
2025-11-09T00:00:00+00:00,2025-11-09T23:59:59.999000+00:00,104670.6,bull,2025-10-06T00:00:00+00:00|126208.5
2025-11-10T00:00:00+00:00,2025-11-10T23:59:59.999000+00:00,105966.3,bull,2025-10-06T00:00:00+00:00|126208.5
2025-11-11T00:00:00+00:00,2025-11-11T23:59:59.999000+00:00,103005.8,bull,2025-10-06T00:00:00+00:00|126208.5
2025-11-12T00:00:00+00:00,2025-11-12T23:59:59.999000+00:00,101605.8,bull,2025-10-06T00:00:00+00:00|126208.5
2025-11-13T00:00:00+00:00,2025-11-13T23:59:59.999000+00:00,99654.3,bull,2025-10-06T00:00:00+00:00|126208.5
2025-11-14T00:00:00+00:00,2025-11-14T23:59:59.999000+00:00,94544.9,bull,2025-10-06T00:00:00+00:00|126208.5
2025-11-15T00:00:00+00:00,2025-11-15T23:59:59.999000+00:00,95560.3,bull,2025-10-06T00:00:00+00:00|126208.5
2025-11-16T00:00:00+00:00,2025-11-16T23:59:59.999000+00:00,94221.7,bull,2025-10-06T00:00:00+00:00|126208.5
2025-11-17T00:00:00+00:00,2025-11-17T23:59:59.999000+00:00,92169.7,bull,2025-10-06T00:00:00+00:00|126208.5
2025-11-18T00:00:00+00:00,2025-11-18T23:59:59.999000+00:00,92916.9,bull,2025-10-06T00:00:00+00:00|126208.5
2025-11-19T00:00:00+00:00,2025-11-19T23:59:59.999000+00:00,91508.9,bull,2025-10-06T00:00:00+00:00|126208.5
2025-11-20T00:00:00+00:00,2025-11-20T23:59:59.999000+00:00,86601.3,bull,2025-10-06T00:00:00+00:00|126208.5
2025-11-21T00:00:00+00:00,2025-11-21T23:59:59.999000+00:00,85093.5,bull,2025-10-06T00:00:00+00:00|126208.5
2025-11-22T00:00:00+00:00,2025-11-22T23:59:59.999000+00:00,84689.4,bull,2025-10-06T00:00:00+00:00|126208.5
2025-11-23T00:00:00+00:00,2025-11-23T23:59:59.999000+00:00,86807.7,bull,2025-10-06T00:00:00+00:00|126208.5
2025-11-24T00:00:00+00:00,2025-11-24T23:59:59.999000+00:00,88247.1,bull,2025-10-06T00:00:00+00:00|126208.5
2025-11-25T00:00:00+00:00,2025-11-25T23:59:59.999000+00:00,87324.1,bull,2025-10-06T00:00:00+00:00|126208.5
2025-11-26T00:00:00+00:00,2025-11-26T23:59:59.999000+00:00,90438.1,bull,2025-10-06T00:00:00+00:00|126208.5
2025-11-27T00:00:00+00:00,2025-11-27T23:59:59.999000+00:00,91292.2,bull,2025-10-06T00:00:00+00:00|126208.5
2025-11-28T00:00:00+00:00,2025-11-28T23:59:59.999000+00:00,90847.8,bull,2025-10-06T00:00:00+00:00|126208.5
2025-11-29T00:00:00+00:00,2025-11-29T23:59:59.999000+00:00,90765.0,bull,2025-10-06T00:00:00+00:00|126208.5
2025-11-30T00:00:00+00:00,2025-11-30T23:59:59.999000+00:00,90320.6,bull,2025-10-06T00:00:00+00:00|126208.5
2025-12-01T00:00:00+00:00,2025-12-01T23:59:59.999000+00:00,86241.6,bull,2025-10-06T00:00:00+00:00|126208.5
2025-12-02T00:00:00+00:00,2025-12-02T23:59:59.999000+00:00,91249.1,bull,2025-10-06T00:00:00+00:00|126208.5
2025-12-03T00:00:00+00:00,2025-12-03T23:59:59.999000+00:00,93376.7,bull,2025-10-06T00:00:00+00:00|126208.5
2025-12-04T00:00:00+00:00,2025-12-04T23:59:59.999000+00:00,92034.7,bull,2025-10-06T00:00:00+00:00|126208.5
2025-12-05T00:00:00+00:00,2025-12-05T23:59:59.999000+00:00,89288.5,bull,2025-10-06T00:00:00+00:00|126208.5
2025-12-06T00:00:00+00:00,2025-12-06T23:59:59.999000+00:00,89197.1,bull,2025-10-06T00:00:00+00:00|126208.5
2025-12-07T00:00:00+00:00,2025-12-07T23:59:59.999000+00:00,90345.4,bull,2025-10-06T00:00:00+00:00|126208.5
2025-12-08T00:00:00+00:00,2025-12-08T23:59:59.999000+00:00,90610.8,bull,2025-10-06T00:00:00+00:00|126208.5
2025-12-09T00:00:00+00:00,2025-12-09T23:59:59.999000+00:00,92638.4,bull,2025-10-06T00:00:00+00:00|126208.5
2025-12-10T00:00:00+00:00,2025-12-10T23:59:59.999000+00:00,91977.5,bull,2025-10-06T00:00:00+00:00|126208.5
2025-12-11T00:00:00+00:00,2025-12-11T23:59:59.999000+00:00,92477.5,bull,2025-10-06T00:00:00+00:00|126208.5
2025-12-12T00:00:00+00:00,2025-12-12T23:59:59.999000+00:00,90229.6,bull,2025-10-06T00:00:00+00:00|126208.5
2025-12-13T00:00:00+00:00,2025-12-13T23:59:59.999000+00:00,90191.3,bull,2025-10-06T00:00:00+00:00|126208.5
2025-12-14T00:00:00+00:00,2025-12-14T23:59:59.999000+00:00,88118.8,bull,2025-10-06T00:00:00+00:00|126208.5
2025-12-15T00:00:00+00:00,2025-12-15T23:59:59.999000+00:00,86389.9,bull,2025-10-06T00:00:00+00:00|126208.5
2025-12-16T00:00:00+00:00,2025-12-16T23:59:59.999000+00:00,87826.3,bull,2025-10-06T00:00:00+00:00|126208.5
2025-12-17T00:00:00+00:00,2025-12-17T23:59:59.999000+00:00,86201.6,bull,2025-10-06T00:00:00+00:00|126208.5
2025-12-18T00:00:00+00:00,2025-12-18T23:59:59.999000+00:00,85469.7,bull,2025-10-06T00:00:00+00:00|126208.5
2025-12-19T00:00:00+00:00,2025-12-19T23:59:59.999000+00:00,88100.0,bull,2025-10-06T00:00:00+00:00|126208.5
2025-12-20T00:00:00+00:00,2025-12-20T23:59:59.999000+00:00,88320.8,bull,2025-10-06T00:00:00+00:00|126208.5
2025-12-21T00:00:00+00:00,2025-12-21T23:59:59.999000+00:00,88621.3,bull,2025-10-06T00:00:00+00:00|126208.5
2025-12-22T00:00:00+00:00,2025-12-22T23:59:59.999000+00:00,88581.5,bull,2025-10-06T00:00:00+00:00|126208.5
2025-12-23T00:00:00+00:00,2025-12-23T23:59:59.999000+00:00,87463.0,bull,2025-10-06T00:00:00+00:00|126208.5
2025-12-24T00:00:00+00:00,2025-12-24T23:59:59.999000+00:00,87627.3,bull,2025-10-06T00:00:00+00:00|126208.5
2025-12-25T00:00:00+00:00,2025-12-25T23:59:59.999000+00:00,87182.8,bull,2025-10-06T00:00:00+00:00|126208.5
2025-12-26T00:00:00+00:00,2025-12-26T23:59:59.999000+00:00,87318.2,bull,2025-10-06T00:00:00+00:00|126208.5
2025-12-27T00:00:00+00:00,2025-12-27T23:59:59.999000+00:00,87829.4,bull,2025-10-06T00:00:00+00:00|126208.5
2025-12-28T00:00:00+00:00,2025-12-28T23:59:59.999000+00:00,87920.5,bull,2025-10-06T00:00:00+00:00|126208.5
2025-12-29T00:00:00+00:00,2025-12-29T23:59:59.999000+00:00,87203.3,bull,2025-10-06T00:00:00+00:00|126208.5
2025-12-30T00:00:00+00:00,2025-12-30T23:59:59.999000+00:00,88455.3,bull,2025-10-06T00:00:00+00:00|126208.5
2025-12-31T00:00:00+00:00,2025-12-31T23:59:59.999000+00:00,87608.2,bull,2025-10-06T00:00:00+00:00|126208.5
2026-01-01T00:00:00+00:00,2026-01-01T23:59:59.999000+00:00,88800.0,bull,2025-10-06T00:00:00+00:00|126208.5
2026-01-02T00:00:00+00:00,2026-01-02T23:59:59.999000+00:00,89951.4,bull,2025-10-06T00:00:00+00:00|126208.5
2026-01-03T00:00:00+00:00,2026-01-03T23:59:59.999000+00:00,90595.8,bull,2025-10-06T00:00:00+00:00|126208.5
2026-01-04T00:00:00+00:00,2026-01-04T23:59:59.999000+00:00,91497.1,bull,2025-10-06T00:00:00+00:00|126208.5
2026-01-05T00:00:00+00:00,2026-01-05T23:59:59.999000+00:00,93822.4,bull,2025-10-06T00:00:00+00:00|126208.5
2026-01-06T00:00:00+00:00,2026-01-06T23:59:59.999000+00:00,93708.0,bull,2025-10-06T00:00:00+00:00|126208.5
2026-01-07T00:00:00+00:00,2026-01-07T23:59:59.999000+00:00,91328.0,bull,2025-10-06T00:00:00+00:00|126208.5
2026-01-08T00:00:00+00:00,2026-01-08T23:59:59.999000+00:00,91059.8,bull,2025-10-06T00:00:00+00:00|126208.5
2026-01-09T00:00:00+00:00,2026-01-09T23:59:59.999000+00:00,90603.6,bull,2025-10-06T00:00:00+00:00|126208.5
2026-01-10T00:00:00+00:00,2026-01-10T23:59:59.999000+00:00,90469.6,bull,2025-10-06T00:00:00+00:00|126208.5
2026-01-11T00:00:00+00:00,2026-01-11T23:59:59.999000+00:00,90964.4,bull,2025-10-06T00:00:00+00:00|126208.5
2026-01-12T00:00:00+00:00,2026-01-12T23:59:59.999000+00:00,91252.6,bull,2025-10-06T00:00:00+00:00|126208.5
2026-01-13T00:00:00+00:00,2026-01-13T23:59:59.999000+00:00,95375.2,bull,2025-10-06T00:00:00+00:00|126208.5
2026-01-14T00:00:00+00:00,2026-01-14T23:59:59.999000+00:00,96907.9,bull,2025-10-06T00:00:00+00:00|126208.5
2026-01-15T00:00:00+00:00,2026-01-15T23:59:59.999000+00:00,95567.3,bull,2025-10-06T00:00:00+00:00|126208.5
2026-01-16T00:00:00+00:00,2026-01-16T23:59:59.999000+00:00,95503.7,bull,2025-10-06T00:00:00+00:00|126208.5
2026-01-17T00:00:00+00:00,2026-01-17T23:59:59.999000+00:00,95107.9,bull,2025-10-06T00:00:00+00:00|126208.5
2026-01-18T00:00:00+00:00,2026-01-18T23:59:59.999000+00:00,93614.0,bull,2025-10-06T00:00:00+00:00|126208.5
2026-01-19T00:00:00+00:00,2026-01-19T23:59:59.999000+00:00,92589.6,bull,2025-10-06T00:00:00+00:00|126208.5
2026-01-20T00:00:00+00:00,2026-01-20T23:59:59.999000+00:00,88390.6,bull,2025-10-06T00:00:00+00:00|126208.5
2026-01-21T00:00:00+00:00,2026-01-21T23:59:59.999000+00:00,89411.4,bull,2025-10-06T00:00:00+00:00|126208.5
2026-01-22T00:00:00+00:00,2026-01-22T23:59:59.999000+00:00,89518.5,bull,2025-10-06T00:00:00+00:00|126208.5
2026-01-23T00:00:00+00:00,2026-01-23T23:59:59.999000+00:00,89558.7,bull,2025-10-06T00:00:00+00:00|126208.5
2026-01-24T00:00:00+00:00,2026-01-24T23:59:59.999000+00:00,89180.7,bull,2025-10-06T00:00:00+00:00|126208.5
2026-01-25T00:00:00+00:00,2026-01-25T23:59:59.999000+00:00,86628.9,bull,2025-10-06T00:00:00+00:00|126208.5
2026-01-26T00:00:00+00:00,2026-01-26T23:59:59.999000+00:00,88300.6,bull,2025-10-06T00:00:00+00:00|126208.5
2026-01-27T00:00:00+00:00,2026-01-27T23:59:59.999000+00:00,89197.8,bull,2025-10-06T00:00:00+00:00|126208.5
2026-01-28T00:00:00+00:00,2026-01-28T23:59:59.999000+00:00,89261.7,bull,2025-10-06T00:00:00+00:00|126208.5
2026-01-29T00:00:00+00:00,2026-01-29T23:59:59.999000+00:00,84604.7,bull,2025-10-06T00:00:00+00:00|126208.5
2026-01-30T00:00:00+00:00,2026-01-30T23:59:59.999000+00:00,84211.4,bull,2025-10-06T00:00:00+00:00|126208.5
2026-01-31T00:00:00+00:00,2026-01-31T23:59:59.999000+00:00,78706.8,bear,2026-01-31T00:00:00+00:00|75500.0
2026-02-01T00:00:00+00:00,2026-02-01T23:59:59.999000+00:00,76931.5,bear,2026-01-31T00:00:00+00:00|75500.0
2026-02-02T00:00:00+00:00,2026-02-02T23:59:59.999000+00:00,78692.5,bear,2026-02-02T00:00:00+00:00|74555.0
2026-02-03T00:00:00+00:00,2026-02-03T23:59:59.999000+00:00,75732.4,bear,2026-02-03T00:00:00+00:00|72889.2
2026-02-04T00:00:00+00:00,2026-02-04T23:59:59.999000+00:00,73137.4,bear,2026-02-04T00:00:00+00:00|71838.0
2026-02-05T00:00:00+00:00,2026-02-05T23:59:59.999000+00:00,62868.1,bear,2026-02-05T00:00:00+00:00|62233.3
2026-02-06T00:00:00+00:00,2026-02-06T23:59:59.999000+00:00,70544.5,bear,2026-02-06T00:00:00+00:00|59800.0
2026-02-07T00:00:00+00:00,2026-02-07T23:59:59.999000+00:00,69254.2,bear,2026-02-06T00:00:00+00:00|59800.0
2026-02-08T00:00:00+00:00,2026-02-08T23:59:59.999000+00:00,70288.1,bear,2026-02-06T00:00:00+00:00|59800.0
2026-02-09T00:00:00+00:00,2026-02-09T23:59:59.999000+00:00,70110.5,bear,2026-02-06T00:00:00+00:00|59800.0
2026-02-10T00:00:00+00:00,2026-02-10T23:59:59.999000+00:00,68805.3,bear,2026-02-06T00:00:00+00:00|59800.0
2026-02-11T00:00:00+00:00,2026-02-11T23:59:59.999000+00:00,67054.4,bear,2026-02-06T00:00:00+00:00|59800.0
2026-02-12T00:00:00+00:00,2026-02-12T23:59:59.999000+00:00,66243.1,bear,2026-02-06T00:00:00+00:00|59800.0
2026-02-13T00:00:00+00:00,2026-02-13T23:59:59.999000+00:00,68821.5,bear,2026-02-06T00:00:00+00:00|59800.0
2026-02-14T00:00:00+00:00,2026-02-14T23:59:59.999000+00:00,69795.4,bear,2026-02-06T00:00:00+00:00|59800.0
2026-02-15T00:00:00+00:00,2026-02-15T23:59:59.999000+00:00,68796.9,bear,2026-02-06T00:00:00+00:00|59800.0
2026-02-16T00:00:00+00:00,2026-02-16T23:59:59.999000+00:00,68862.5,bear,2026-02-06T00:00:00+00:00|59800.0
2026-02-17T00:00:00+00:00,2026-02-17T23:59:59.999000+00:00,67475.9,bear,2026-02-06T00:00:00+00:00|59800.0
2026-02-18T00:00:00+00:00,2026-02-18T23:59:59.999000+00:00,66422.8,bear,2026-02-06T00:00:00+00:00|59800.0
2026-02-19T00:00:00+00:00,2026-02-19T23:59:59.999000+00:00,66974.0,bear,2026-02-06T00:00:00+00:00|59800.0
2026-02-20T00:00:00+00:00,2026-02-20T23:59:59.999000+00:00,67979.3,bear,2026-02-06T00:00:00+00:00|59800.0
2026-02-21T00:00:00+00:00,2026-02-21T23:59:59.999000+00:00,67933.1,bear,2026-02-06T00:00:00+00:00|59800.0
2026-02-22T00:00:00+00:00,2026-02-22T23:59:59.999000+00:00,67613.5,bear,2026-02-06T00:00:00+00:00|59800.0
2026-02-23T00:00:00+00:00,2026-02-23T23:59:59.999000+00:00,64625.8,bear,2026-02-06T00:00:00+00:00|59800.0
2026-02-24T00:00:00+00:00,2026-02-24T23:59:59.999000+00:00,64031.3,bear,2026-02-06T00:00:00+00:00|59800.0
2026-02-25T00:00:00+00:00,2026-02-25T23:59:59.999000+00:00,67952.5,bear,2026-02-06T00:00:00+00:00|59800.0
2026-02-26T00:00:00+00:00,2026-02-26T23:59:59.999000+00:00,67448.2,bear,2026-02-06T00:00:00+00:00|59800.0
2026-02-27T00:00:00+00:00,2026-02-27T23:59:59.999000+00:00,65836.0,bear,2026-02-06T00:00:00+00:00|59800.0
2026-02-28T00:00:00+00:00,2026-02-28T23:59:59.999000+00:00,66937.1,bear,2026-02-06T00:00:00+00:00|59800.0
2026-03-01T00:00:00+00:00,2026-03-01T23:59:59.999000+00:00,65750.0,bear,2026-02-06T00:00:00+00:00|59800.0
2026-03-02T00:00:00+00:00,2026-03-02T23:59:59.999000+00:00,68801.8,bear,2026-02-06T00:00:00+00:00|59800.0
2026-03-03T00:00:00+00:00,2026-03-03T23:59:59.999000+00:00,68295.3,bear,2026-02-06T00:00:00+00:00|59800.0
2026-03-04T00:00:00+00:00,2026-03-04T23:59:59.999000+00:00,72641.4,bear,2026-02-06T00:00:00+00:00|59800.0
2026-03-05T00:00:00+00:00,2026-03-05T23:59:59.999000+00:00,70854.8,bear,2026-02-06T00:00:00+00:00|59800.0
2026-03-06T00:00:00+00:00,2026-03-06T23:59:59.999000+00:00,68083.0,bear,2026-02-06T00:00:00+00:00|59800.0
2026-03-07T00:00:00+00:00,2026-03-07T23:59:59.999000+00:00,67232.1,bear,2026-02-06T00:00:00+00:00|59800.0
2026-03-08T00:00:00+00:00,2026-03-08T23:59:59.999000+00:00,65934.3,bear,2026-02-06T00:00:00+00:00|59800.0
2026-03-09T00:00:00+00:00,2026-03-09T23:59:59.999000+00:00,68394.1,bear,2026-02-06T00:00:00+00:00|59800.0
2026-03-10T00:00:00+00:00,2026-03-10T23:59:59.999000+00:00,69901.9,bear,2026-02-06T00:00:00+00:00|59800.0
2026-03-11T00:00:00+00:00,2026-03-11T23:59:59.999000+00:00,70150.0,bear,2026-02-06T00:00:00+00:00|59800.0
2026-03-12T00:00:00+00:00,2026-03-12T23:59:59.999000+00:00,70480.1,bear,2026-02-06T00:00:00+00:00|59800.0
2026-03-13T00:00:00+00:00,2026-03-13T23:59:59.999000+00:00,70895.5,bear,2026-02-06T00:00:00+00:00|59800.0
2026-03-14T00:00:00+00:00,2026-03-14T23:59:59.999000+00:00,71174.4,bear,2026-02-06T00:00:00+00:00|59800.0
2026-03-15T00:00:00+00:00,2026-03-15T23:59:59.999000+00:00,72778.9,bear,2026-02-06T00:00:00+00:00|59800.0
2026-03-16T00:00:00+00:00,2026-03-16T23:59:59.999000+00:00,74846.4,bear,2026-02-06T00:00:00+00:00|59800.0
2026-03-17T00:00:00+00:00,2026-03-17T23:59:59.999000+00:00,73872.4,bear,2026-02-06T00:00:00+00:00|59800.0
2026-03-18T00:00:00+00:00,2026-03-18T23:59:59.999000+00:00,71202.9,bear,2026-02-06T00:00:00+00:00|59800.0
2026-03-19T00:00:00+00:00,2026-03-19T23:59:59.999000+00:00,69887.4,bear,2026-02-06T00:00:00+00:00|59800.0
2026-03-20T00:00:00+00:00,2026-03-20T23:59:59.999000+00:00,70472.7,bear,2026-02-06T00:00:00+00:00|59800.0
2026-03-21T00:00:00+00:00,2026-03-21T23:59:59.999000+00:00,68881.5,bear,2026-02-06T00:00:00+00:00|59800.0
2026-03-22T00:00:00+00:00,2026-03-22T23:59:59.999000+00:00,67830.6,bear,2026-02-06T00:00:00+00:00|59800.0
2026-03-23T00:00:00+00:00,2026-03-23T23:59:59.999000+00:00,70865.9,bear,2026-02-06T00:00:00+00:00|59800.0
2026-03-24T00:00:00+00:00,2026-03-24T23:59:59.999000+00:00,70523.9,bear,2026-02-06T00:00:00+00:00|59800.0
2026-03-25T00:00:00+00:00,2026-03-25T23:59:59.999000+00:00,71297.5,bear,2026-02-06T00:00:00+00:00|59800.0
2026-03-26T00:00:00+00:00,2026-03-26T23:59:59.999000+00:00,68788.0,bear,2026-02-06T00:00:00+00:00|59800.0
2026-03-27T00:00:00+00:00,2026-03-27T23:59:59.999000+00:00,66364.2,bear,2026-02-06T00:00:00+00:00|59800.0
2026-03-28T00:00:00+00:00,2026-03-28T23:59:59.999000+00:00,66334.8,bear,2026-02-06T00:00:00+00:00|59800.0
2026-03-29T00:00:00+00:00,2026-03-29T23:59:59.999000+00:00,65977.9,bear,2026-02-06T00:00:00+00:00|59800.0
2026-03-30T00:00:00+00:00,2026-03-30T23:59:59.999000+00:00,66764.4,bear,2026-02-06T00:00:00+00:00|59800.0
2026-03-31T00:00:00+00:00,2026-03-31T23:59:59.999000+00:00,68241.5,bear,2026-02-06T00:00:00+00:00|59800.0
2026-04-01T00:00:00+00:00,2026-04-01T23:59:59.999000+00:00,68086.5,bear,2026-02-06T00:00:00+00:00|59800.0
2026-04-02T00:00:00+00:00,2026-04-02T23:59:59.999000+00:00,66868.5,bear,2026-02-06T00:00:00+00:00|59800.0
2026-04-03T00:00:00+00:00,2026-04-03T23:59:59.999000+00:00,66930.0,bear,2026-02-06T00:00:00+00:00|59800.0
2026-04-04T00:00:00+00:00,2026-04-04T23:59:59.999000+00:00,67271.0,bear,2026-02-06T00:00:00+00:00|59800.0
2026-04-05T00:00:00+00:00,2026-04-05T23:59:59.999000+00:00,68997.9,bear,2026-02-06T00:00:00+00:00|59800.0
2026-04-06T00:00:00+00:00,2026-04-06T23:59:59.999000+00:00,68817.9,bear,2026-02-06T00:00:00+00:00|59800.0
2026-04-07T00:00:00+00:00,2026-04-07T23:59:59.999000+00:00,71890.2,bear,2026-02-06T00:00:00+00:00|59800.0
2026-04-08T00:00:00+00:00,2026-04-08T23:59:59.999000+00:00,71038.1,bear,2026-02-06T00:00:00+00:00|59800.0
2026-04-09T00:00:00+00:00,2026-04-09T23:59:59.999000+00:00,71750.4,bear,2026-02-06T00:00:00+00:00|59800.0
2026-04-10T00:00:00+00:00,2026-04-10T23:59:59.999000+00:00,72917.4,bear,2026-02-06T00:00:00+00:00|59800.0
2026-04-11T00:00:00+00:00,2026-04-11T23:59:59.999000+00:00,73013.4,bear,2026-02-06T00:00:00+00:00|59800.0
2026-04-12T00:00:00+00:00,2026-04-12T23:59:59.999000+00:00,70711.1,bear,2026-02-06T00:00:00+00:00|59800.0
2026-04-13T00:00:00+00:00,2026-04-13T23:59:59.999000+00:00,74385.0,bear,2026-02-06T00:00:00+00:00|59800.0
2026-04-14T00:00:00+00:00,2026-04-14T23:59:59.999000+00:00,74106.9,bear,2026-02-06T00:00:00+00:00|59800.0
2026-04-15T00:00:00+00:00,2026-04-15T23:59:59.999000+00:00,74776.2,bear,2026-02-06T00:00:00+00:00|59800.0
2026-04-16T00:00:00+00:00,2026-04-16T23:59:59.999000+00:00,75106.8,bear,2026-02-06T00:00:00+00:00|59800.0
2026-04-17T00:00:00+00:00,2026-04-17T23:59:59.999000+00:00,77030.6,bear,2026-02-06T00:00:00+00:00|59800.0
2026-04-18T00:00:00+00:00,2026-04-18T23:59:59.999000+00:00,75653.8,bear,2026-02-06T00:00:00+00:00|59800.0
2026-04-19T00:00:00+00:00,2026-04-19T23:59:59.999000+00:00,73758.4,bear,2026-02-06T00:00:00+00:00|59800.0
2026-04-20T00:00:00+00:00,2026-04-20T23:59:59.999000+00:00,75790.1,bear,2026-02-06T00:00:00+00:00|59800.0
2026-04-21T00:00:00+00:00,2026-04-21T23:59:59.999000+00:00,76288.2,bear,2026-02-06T00:00:00+00:00|59800.0
2026-04-22T00:00:00+00:00,2026-04-22T23:59:59.999000+00:00,78139.8,bear,2026-02-06T00:00:00+00:00|59800.0
2026-04-23T00:00:00+00:00,2026-04-23T23:59:59.999000+00:00,78216.8,bear,2026-02-06T00:00:00+00:00|59800.0
2026-04-24T00:00:00+00:00,2026-04-24T23:59:59.999000+00:00,77395.4,bear,2026-02-06T00:00:00+00:00|59800.0
2026-04-25T00:00:00+00:00,2026-04-25T23:59:59.999000+00:00,77585.0,bear,2026-02-06T00:00:00+00:00|59800.0
2026-04-26T00:00:00+00:00,2026-04-26T23:59:59.999000+00:00,78613.5,bear,2026-02-06T00:00:00+00:00|59800.0
2026-04-27T00:00:00+00:00,2026-04-27T23:59:59.999000+00:00,77331.2,bear,2026-02-06T00:00:00+00:00|59800.0
2026-04-28T00:00:00+00:00,2026-04-28T23:59:59.999000+00:00,76298.1,bear,2026-02-06T00:00:00+00:00|59800.0
2026-04-29T00:00:00+00:00,2026-04-29T23:59:59.999000+00:00,75749.9,bear,2026-02-06T00:00:00+00:00|59800.0
2026-04-30T00:00:00+00:00,2026-04-30T23:59:59.999000+00:00,76305.4,bear,2026-02-06T00:00:00+00:00|59800.0
2026-05-01T00:00:00+00:00,2026-05-01T23:59:59.999000+00:00,78192.0,bear,2026-02-06T00:00:00+00:00|59800.0
2026-05-02T00:00:00+00:00,2026-05-02T23:59:59.999000+00:00,78652.9,bear,2026-02-06T00:00:00+00:00|59800.0
2026-05-03T00:00:00+00:00,2026-05-03T23:59:59.999000+00:00,78529.0,bear,2026-02-06T00:00:00+00:00|59800.0
2026-05-04T00:00:00+00:00,2026-05-04T23:59:59.999000+00:00,79826.1,bear,2026-02-06T00:00:00+00:00|59800.0
2026-05-05T00:00:00+00:00,2026-05-05T23:59:59.999000+00:00,80861.9,bear,2026-02-06T00:00:00+00:00|59800.0
2026-05-06T00:00:00+00:00,2026-05-06T23:59:59.999000+00:00,81390.1,bear,2026-02-06T00:00:00+00:00|59800.0
2026-05-07T00:00:00+00:00,2026-05-07T23:59:59.999000+00:00,79969.4,bear,2026-02-06T00:00:00+00:00|59800.0
2026-05-08T00:00:00+00:00,2026-05-08T23:59:59.999000+00:00,80155.2,bear,2026-02-06T00:00:00+00:00|59800.0
2026-05-09T00:00:00+00:00,2026-05-09T23:59:59.999000+00:00,80634.0,bear,2026-02-06T00:00:00+00:00|59800.0
2026-05-10T00:00:00+00:00,2026-05-10T23:59:59.999000+00:00,82177.7,bear,2026-02-06T00:00:00+00:00|59800.0
2026-05-11T00:00:00+00:00,2026-05-11T23:59:59.999000+00:00,81699.1,bear,2026-02-06T00:00:00+00:00|59800.0
2026-05-12T00:00:00+00:00,2026-05-12T23:59:59.999000+00:00,80461.0,bear,2026-02-06T00:00:00+00:00|59800.0
2026-05-13T00:00:00+00:00,2026-05-13T23:59:59.999000+00:00,79288.3,bear,2026-02-06T00:00:00+00:00|59800.0
2026-05-14T00:00:00+00:00,2026-05-14T23:59:59.999000+00:00,81048.9,bear,2026-02-06T00:00:00+00:00|59800.0
2026-05-15T00:00:00+00:00,2026-05-15T23:59:59.999000+00:00,79074.0,bear,2026-02-06T00:00:00+00:00|59800.0
2026-05-16T00:00:00+00:00,2026-05-16T23:59:59.999000+00:00,78104.2,bear,2026-02-06T00:00:00+00:00|59800.0
2026-05-17T00:00:00+00:00,2026-05-17T23:59:59.999000+00:00,77430.4,bear,2026-02-06T00:00:00+00:00|59800.0
2026-05-18T00:00:00+00:00,2026-05-18T23:59:59.999000+00:00,76963.2,bear,2026-02-06T00:00:00+00:00|59800.0
2026-05-19T00:00:00+00:00,2026-05-19T23:59:59.999000+00:00,76799.9,bear,2026-02-06T00:00:00+00:00|59800.0
2026-05-20T00:00:00+00:00,2026-05-20T23:59:59.999000+00:00,77510.3,bear,2026-02-06T00:00:00+00:00|59800.0
2026-05-21T00:00:00+00:00,2026-05-21T23:59:59.999000+00:00,77586.2,bear,2026-02-06T00:00:00+00:00|59800.0
2026-05-22T00:00:00+00:00,2026-05-22T23:59:59.999000+00:00,75513.1,bear,2026-02-06T00:00:00+00:00|59800.0
2026-05-23T00:00:00+00:00,2026-05-23T23:59:59.999000+00:00,76715.2,bear,2026-02-06T00:00:00+00:00|59800.0
2026-05-24T00:00:00+00:00,2026-05-24T23:59:59.999000+00:00,77030.3,bear,2026-02-06T00:00:00+00:00|59800.0
2026-05-25T00:00:00+00:00,2026-05-25T23:59:59.999000+00:00,77281.5,bear,2026-02-06T00:00:00+00:00|59800.0
2026-05-26T00:00:00+00:00,2026-05-26T23:59:59.999000+00:00,75905.5,bear,2026-02-06T00:00:00+00:00|59800.0
2026-05-27T00:00:00+00:00,2026-05-27T23:59:59.999000+00:00,74418.1,bear,2026-02-06T00:00:00+00:00|59800.0
2026-05-28T00:00:00+00:00,2026-05-28T23:59:59.999000+00:00,73591.4,bear,2026-02-06T00:00:00+00:00|59800.0
2026-05-29T00:00:00+00:00,2026-05-29T23:59:59.999000+00:00,73428.2,bear,2026-02-06T00:00:00+00:00|59800.0
2026-05-30T00:00:00+00:00,2026-05-30T23:59:59.999000+00:00,73856.8,bear,2026-02-06T00:00:00+00:00|59800.0
2026-05-31T00:00:00+00:00,2026-05-31T23:59:59.999000+00:00,73653.2,bear,2026-02-06T00:00:00+00:00|59800.0
2026-06-01T00:00:00+00:00,2026-06-01T23:59:59.999000+00:00,71391.5,bear,2026-02-06T00:00:00+00:00|59800.0
2026-06-02T00:00:00+00:00,2026-06-02T23:59:59.999000+00:00,66730.0,bear,2026-02-06T00:00:00+00:00|59800.0
2026-06-03T00:00:00+00:00,2026-06-03T23:59:59.999000+00:00,64117.7,bear,2026-02-06T00:00:00+00:00|59800.0
2026-06-04T00:00:00+00:00,2026-06-04T23:59:59.999000+00:00,63853.4,bear,2026-02-06T00:00:00+00:00|59800.0
2026-06-05T00:00:00+00:00,2026-06-05T23:59:59.999000+00:00,61022.0,bear,2026-06-05T00:00:00+00:00|59080.0
2026-06-06T00:00:00+00:00,2026-06-06T23:59:59.999000+00:00,60849.7,bear,2026-06-05T00:00:00+00:00|59080.0
2026-06-07T00:00:00+00:00,2026-06-07T23:59:59.999000+00:00,63298.5,bear,2026-06-05T00:00:00+00:00|59080.0
2026-06-08T00:00:00+00:00,2026-06-08T23:59:59.999000+00:00,63057.9,bear,2026-06-05T00:00:00+00:00|59080.0
2026-06-09T00:00:00+00:00,2026-06-09T23:59:59.999000+00:00,61695.0,bear,2026-06-05T00:00:00+00:00|59080.0
2026-06-10T00:00:00+00:00,2026-06-10T23:59:59.999000+00:00,61483.7,bear,2026-06-05T00:00:00+00:00|59080.0
2026-06-11T00:00:00+00:00,2026-06-11T23:59:59.999000+00:00,63597.9,bear,2026-06-05T00:00:00+00:00|59080.0
2026-06-12T00:00:00+00:00,2026-06-12T23:59:59.999000+00:00,63547.0,bear,2026-06-05T00:00:00+00:00|59080.0
2026-06-13T00:00:00+00:00,2026-06-13T23:59:59.999000+00:00,64418.2,bear,2026-06-05T00:00:00+00:00|59080.0
2026-06-14T00:00:00+00:00,2026-06-14T23:59:59.999000+00:00,65702.1,bear,2026-06-05T00:00:00+00:00|59080.0
2026-06-15T00:00:00+00:00,2026-06-15T23:59:59.999000+00:00,66285.9,bear,2026-06-05T00:00:00+00:00|59080.0
2026-06-16T00:00:00+00:00,2026-06-16T23:59:59.999000+00:00,65644.8,bear,2026-06-05T00:00:00+00:00|59080.0
2026-06-17T00:00:00+00:00,2026-06-17T23:59:59.999000+00:00,64472.9,bear,2026-06-05T00:00:00+00:00|59080.0
2026-06-18T00:00:00+00:00,2026-06-18T23:59:59.999000+00:00,62924.1,bear,2026-06-05T00:00:00+00:00|59080.0
2026-06-19T00:00:00+00:00,2026-06-19T23:59:59.999000+00:00,63512.6,bear,2026-06-05T00:00:00+00:00|59080.0
2026-06-20T00:00:00+00:00,2026-06-20T23:59:59.999000+00:00,64270.0,bear,2026-06-05T00:00:00+00:00|59080.0
2026-06-21T00:00:00+00:00,2026-06-21T23:59:59.999000+00:00,63287.1,bear,2026-06-05T00:00:00+00:00|59080.0
2026-06-22T00:00:00+00:00,2026-06-22T23:59:59.999000+00:00,63990.2,bear,2026-06-05T00:00:00+00:00|59080.0
2026-06-23T00:00:00+00:00,2026-06-23T23:59:59.999000+00:00,62696.7,bear,2026-06-05T00:00:00+00:00|59080.0
2026-06-24T00:00:00+00:00,2026-06-24T23:59:59.999000+00:00,61051.2,bear,2026-06-24T00:00:00+00:00|59060.0
2026-06-25T00:00:00+00:00,2026-06-25T23:59:59.999000+00:00,59771.9,bear,2026-06-25T00:00:00+00:00|58030.0
2026-06-26T00:00:00+00:00,2026-06-26T23:59:59.999000+00:00,60072.0,bear,2026-06-25T00:00:00+00:00|58030.0
2026-06-27T00:00:00+00:00,2026-06-27T23:59:59.999000+00:00,60000.3,bear,2026-06-25T00:00:00+00:00|58030.0
2026-06-28T00:00:00+00:00,2026-06-28T23:59:59.999000+00:00,59550.2,bear,2026-06-25T00:00:00+00:00|58030.0
2026-06-29T00:00:00+00:00,2026-06-29T23:59:59.999000+00:00,60224.7,bear,2026-06-25T00:00:00+00:00|58030.0
2026-06-30T00:00:00+00:00,2026-06-30T23:59:59.999000+00:00,58605.4,bear,2026-06-25T00:00:00+00:00|58030.0
2026-07-01T00:00:00+00:00,2026-07-01T23:59:59.999000+00:00,59999.6,bear,2026-07-01T00:00:00+00:00|57758.6
2026-07-02T00:00:00+00:00,2026-07-02T23:59:59.999000+00:00,61540.6,bear,2026-07-01T00:00:00+00:00|57758.6
2026-07-03T00:00:00+00:00,2026-07-03T23:59:59.999000+00:00,62565.5,bear,2026-07-01T00:00:00+00:00|57758.6
2026-07-04T00:00:00+00:00,2026-07-04T23:59:59.999000+00:00,63114.8,bear,2026-07-01T00:00:00+00:00|57758.6
2026-07-05T00:00:00+00:00,2026-07-05T23:59:59.999000+00:00,63617.1,bear,2026-07-01T00:00:00+00:00|57758.6
2026-07-06T00:00:00+00:00,2026-07-06T23:59:59.999000+00:00,64023.6,bear,2026-07-01T00:00:00+00:00|57758.6
2026-07-07T00:00:00+00:00,2026-07-07T23:59:59.999000+00:00,63482.1,bear,2026-07-01T00:00:00+00:00|57758.6
