event_id,touch_source_role,touch_source_type,touch_source_granularity,market,trade_date,candidate_window_start,candidate_window_end,candidate_window_kind,event_time,native_sequence_id,price,price_units,quantity,first_trade_id,last_trade_id,underlying_trade_count,source_origin,source_archive_path,source_sha256
E00210,primary_fallback,trades,raw_trade,futures,2019-10-23,2019-10-23T16:00:00+00:00,2019-10-23T16:05:00+00:00,canonical_5m,2019-10-23T16:02:26.497000+00:00,3271921,7172.76,717276,36.301,3271921,3271921,1,raw_fallback_missing_local_aggtrades,/Users/yeshevika/Documents/Codex/2026-08-16/files-pasted-by-the-user-read/work/candle and tick data/futures/ticks/official_daily_raw_trades_zip/2019/10.2019/BTCUSDT-trades-2019-10-23.zip,b28d77faa956f4d11228c97be85e3e75506106207cd2653148533c6a6ee0c69b
E00210,primary_fallback,trades,raw_trade,futures,2019-10-23,2019-10-23T16:00:00+00:00,2019-10-23T16:05:00+00:00,canonical_5m,2019-10-23T16:02:26.497000+00:00,3271922,7172.76,717276,3.0,3271922,3271922,1,raw_fallback_missing_local_aggtrades,/Users/yeshevika/Documents/Codex/2026-08-16/files-pasted-by-the-user-read/work/candle and tick data/futures/ticks/official_daily_raw_trades_zip/2019/10.2019/BTCUSDT-trades-2019-10-23.zip,b28d77faa956f4d11228c97be85e3e75506106207cd2653148533c6a6ee0c69b
E00210,primary_fallback,trades,raw_trade,futures,2019-10-23,2019-10-23T16:00:00+00:00,2019-10-23T16:05:00+00:00,canonical_5m,2019-10-23T16:02:26.497000+00:00,3271923,7172.76,717276,3.0,3271923,3271923,1,raw_fallback_missing_local_aggtrades,/Users/yeshevika/Documents/Codex/2026-08-16/files-pasted-by-the-user-read/work/candle and tick data/futures/ticks/official_daily_raw_trades_zip/2019/10.2019/BTCUSDT-trades-2019-10-23.zip,b28d77faa956f4d11228c97be85e3e75506106207cd2653148533c6a6ee0c69b
E00210,primary_fallback,trades,raw_trade,futures,2019-10-23,2019-10-23T16:00:00+00:00,2019-10-23T16:05:00+00:00,canonical_5m,2019-10-23T16:02:26.497000+00:00,3271924,7172.76,717276,0.5,3271924,3271924,1,raw_fallback_missing_local_aggtrades,/Users/yeshevika/Documents/Codex/2026-08-16/files-pasted-by-the-user-read/work/candle and tick data/futures/ticks/official_daily_raw_trades_zip/2019/10.2019/BTCUSDT-trades-2019-10-23.zip,b28d77faa956f4d11228c97be85e3e75506106207cd2653148533c6a6ee0c69b
E00211,primary_fallback,trades,raw_trade,futures,2019-10-26,2019-10-26T01:40:00+00:00,2019-10-26T01:45:00+00:00,canonical_5m,2019-10-26T01:44:42.128000+00:00,3868470,10408.48,1040848,0.621,3868470,3868470,1,raw_fallback_missing_local_aggtrades,/Users/yeshevika/Documents/Codex/2026-08-16/files-pasted-by-the-user-read/work/candle and tick data/futures/ticks/official_daily_raw_trades_zip/2019/10.2019/BTCUSDT-trades-2019-10-26.zip,bd97db9aac995d30f50808c67163c22b7b609ceb7188f9edb6148a27eb1d6fdf
E00211,primary_fallback,trades,raw_trade,futures,2019-10-26,2019-10-26T01:40:00+00:00,2019-10-26T01:45:00+00:00,canonical_5m,2019-10-26T01:44:42.181000+00:00,3868475,10408.48,1040848,0.998,3868475,3868475,1,raw_fallback_missing_local_aggtrades,/Users/yeshevika/Documents/Codex/2026-08-16/files-pasted-by-the-user-read/work/candle and tick data/futures/ticks/official_daily_raw_trades_zip/2019/10.2019/BTCUSDT-trades-2019-10-26.zip,bd97db9aac995d30f50808c67163c22b7b609ceb7188f9edb6148a27eb1d6fdf
E00227,primary_fallback,trades,raw_trade,futures,2019-11-25,2019-11-25T05:35:00+00:00,2019-11-25T05:40:00+00:00,canonical_5m,2019-11-25T05:35:53.444000+00:00,13065430,6510.19,651019,3.038,13065430,13065430,1,raw_fallback_missing_local_aggtrades,/Users/yeshevika/Documents/Codex/2026-08-16/files-pasted-by-the-user-read/work/candle and tick data/futures/ticks/official_daily_raw_trades_zip/2019/11.2019/BTCUSDT-trades-2019-11-25.zip,e760bb60ca87eab9917c71cf52d9e5bdfa3b89797a10bda20f6999795c0e12a8
E00228,primary_fallback,trades,raw_trade,futures,2019-11-29,2019-11-29T16:00:00+00:00,2019-11-29T16:05:00+00:00,canonical_5m,2019-11-29T16:01:16.887000+00:00,15868378,7850.0,785000,0.001,15868378,15868378,1,raw_fallback_missing_local_aggtrades,/Users/yeshevika/Documents/Codex/2026-08-16/files-pasted-by-the-user-read/work/candle and tick data/futures/ticks/official_daily_raw_trades_zip/2019/11.2019/BTCUSDT-trades-2019-11-29.zip,2c958d1775b0b6b59b2f9b7bdbbf1360cecf1026d8d6759a506932ed90610d05
E00228,primary_fallback,trades,raw_trade,futures,2019-11-29,2019-11-29T16:00:00+00:00,2019-11-29T16:05:00+00:00,canonical_5m,2019-11-29T16:01:16.887000+00:00,15868379,7850.0,785000,0.015,15868379,15868379,1,raw_fallback_missing_local_aggtrades,/Users/yeshevika/Documents/Codex/2026-08-16/files-pasted-by-the-user-read/work/candle and tick data/futures/ticks/official_daily_raw_trades_zip/2019/11.2019/BTCUSDT-trades-2019-11-29.zip,2c958d1775b0b6b59b2f9b7bdbbf1360cecf1026d8d6759a506932ed90610d05
E00228,primary_fallback,trades,raw_trade,futures,2019-11-29,2019-11-29T16:00:00+00:00,2019-11-29T16:05:00+00:00,canonical_5m,2019-11-29T16:01:16.887000+00:00,15868380,7850.0,785000,0.01,15868380,15868380,1,raw_fallback_missing_local_aggtrades,/Users/yeshevika/Documents/Codex/2026-08-16/files-pasted-by-the-user-read/work/candle and tick data/futures/ticks/official_daily_raw_trades_zip/2019/11.2019/BTCUSDT-trades-2019-11-29.zip,2c958d1775b0b6b59b2f9b7bdbbf1360cecf1026d8d6759a506932ed90610d05
E00228,primary_fallback,trades,raw_trade,futures,2019-11-29,2019-11-29T16:00:00+00:00,2019-11-29T16:05:00+00:00,canonical_5m,2019-11-29T16:01:16.887000+00:00,15868381,7850.0,785000,0.05,15868381,15868381,1,raw_fallback_missing_local_aggtrades,/Users/yeshevika/Documents/Codex/2026-08-16/files-pasted-by-the-user-read/work/candle and tick data/futures/ticks/official_daily_raw_trades_zip/2019/11.2019/BTCUSDT-trades-2019-11-29.zip,2c958d1775b0b6b59b2f9b7bdbbf1360cecf1026d8d6759a506932ed90610d05
E00228,primary_fallback,trades,raw_trade,futures,2019-11-29,2019-11-29T16:00:00+00:00,2019-11-29T16:05:00+00:00,canonical_5m,2019-11-29T16:01:16.887000+00:00,15868382,7850.0,785000,0.02,15868382,15868382,1,raw_fallback_missing_local_aggtrades,/Users/yeshevika/Documents/Codex/2026-08-16/files-pasted-by-the-user-read/work/candle and tick data/futures/ticks/official_daily_raw_trades_zip/2019/11.2019/BTCUSDT-trades-2019-11-29.zip,2c958d1775b0b6b59b2f9b7bdbbf1360cecf1026d8d6759a506932ed90610d05
E00228,primary_fallback,trades,raw_trade,futures,2019-11-29,2019-11-29T16:00:00+00:00,2019-11-29T16:05:00+00:00,canonical_5m,2019-11-29T16:01:16.887000+00:00,15868383,7850.0,785000,0.239,15868383,15868383,1,raw_fallback_missing_local_aggtrades,/Users/yeshevika/Documents/Codex/2026-08-16/files-pasted-by-the-user-read/work/candle and tick data/futures/ticks/official_daily_raw_trades_zip/2019/11.2019/BTCUSDT-trades-2019-11-29.zip,2c958d1775b0b6b59b2f9b7bdbbf1360cecf1026d8d6759a506932ed90610d05
E00228,primary_fallback,trades,raw_trade,futures,2019-11-29,2019-11-29T16:00:00+00:00,2019-11-29T16:05:00+00:00,canonical_5m,2019-11-29T16:01:16.887000+00:00,15868384,7850.0,785000,0.1,15868384,15868384,1,raw_fallback_missing_local_aggtrades,/Users/yeshevika/Documents/Codex/2026-08-16/files-pasted-by-the-user-read/work/candle and tick data/futures/ticks/official_daily_raw_trades_zip/2019/11.2019/BTCUSDT-trades-2019-11-29.zip,2c958d1775b0b6b59b2f9b7bdbbf1360cecf1026d8d6759a506932ed90610d05
E00228,primary_fallback,trades,raw_trade,futures,2019-11-29,2019-11-29T16:00:00+00:00,2019-11-29T16:05:00+00:00,canonical_5m,2019-11-29T16:01:16.887000+00:00,15868385,7850.0,785000,0.05,15868385,15868385,1,raw_fallback_missing_local_aggtrades,/Users/yeshevika/Documents/Codex/2026-08-16/files-pasted-by-the-user-read/work/candle and tick data/futures/ticks/official_daily_raw_trades_zip/2019/11.2019/BTCUSDT-trades-2019-11-29.zip,2c958d1775b0b6b59b2f9b7bdbbf1360cecf1026d8d6759a506932ed90610d05
E00228,primary_fallback,trades,raw_trade,futures,2019-11-29,2019-11-29T16:00:00+00:00,2019-11-29T16:05:00+00:00,canonical_5m,2019-11-29T16:01:16.887000+00:00,15868386,7850.0,785000,3.0,15868386,15868386,1,raw_fallback_missing_local_aggtrades,/Users/yeshevika/Documents/Codex/2026-08-16/files-pasted-by-the-user-read/work/candle and tick data/futures/ticks/official_daily_raw_trades_zip/2019/11.2019/BTCUSDT-trades-2019-11-29.zip,2c958d1775b0b6b59b2f9b7bdbbf1360cecf1026d8d6759a506932ed90610d05
E00228,primary_fallback,trades,raw_trade,futures,2019-11-29,2019-11-29T16:00:00+00:00,2019-11-29T16:05:00+00:00,canonical_5m,2019-11-29T16:01:16.887000+00:00,15868387,7850.0,785000,2.0,15868387,15868387,1,raw_fallback_missing_local_aggtrades,/Users/yeshevika/Documents/Codex/2026-08-16/files-pasted-by-the-user-read/work/candle and tick data/futures/ticks/official_daily_raw_trades_zip/2019/11.2019/BTCUSDT-trades-2019-11-29.zip,2c958d1775b0b6b59b2f9b7bdbbf1360cecf1026d8d6759a506932ed90610d05
E00228,primary_fallback,trades,raw_trade,futures,2019-11-29,2019-11-29T16:00:00+00:00,2019-11-29T16:05:00+00:00,canonical_5m,2019-11-29T16:01:16.888000+00:00,15868388,7850.0,785000,0.03,15868388,15868388,1,raw_fallback_missing_local_aggtrades,/Users/yeshevika/Documents/Codex/2026-08-16/files-pasted-by-the-user-read/work/candle and tick data/futures/ticks/official_daily_raw_trades_zip/2019/11.2019/BTCUSDT-trades-2019-11-29.zip,2c958d1775b0b6b59b2f9b7bdbbf1360cecf1026d8d6759a506932ed90610d05
E00228,primary_fallback,trades,raw_trade,futures,2019-11-29,2019-11-29T16:00:00+00:00,2019-11-29T16:05:00+00:00,canonical_5m,2019-11-29T16:01:16.888000+00:00,15868389,7850.0,785000,0.6,15868389,15868389,1,raw_fallback_missing_local_aggtrades,/Users/yeshevika/Documents/Codex/2026-08-16/files-pasted-by-the-user-read/work/candle and tick data/futures/ticks/official_daily_raw_trades_zip/2019/11.2019/BTCUSDT-trades-2019-11-29.zip,2c958d1775b0b6b59b2f9b7bdbbf1360cecf1026d8d6759a506932ed90610d05
E00228,primary_fallback,trades,raw_trade,futures,2019-11-29,2019-11-29T16:00:00+00:00,2019-11-29T16:05:00+00:00,canonical_5m,2019-11-29T16:01:16.888000+00:00,15868390,7850.0,785000,0.783,15868390,15868390,1,raw_fallback_missing_local_aggtrades,/Users/yeshevika/Documents/Codex/2026-08-16/files-pasted-by-the-user-read/work/candle and tick data/futures/ticks/official_daily_raw_trades_zip/2019/11.2019/BTCUSDT-trades-2019-11-29.zip,2c958d1775b0b6b59b2f9b7bdbbf1360cecf1026d8d6759a506932ed90610d05
E00228,primary_fallback,trades,raw_trade,futures,2019-11-29,2019-11-29T16:00:00+00:00,2019-11-29T16:05:00+00:00,canonical_5m,2019-11-29T16:01:16.888000+00:00,15868391,7850.0,785000,0.35,15868391,15868391,1,raw_fallback_missing_local_aggtrades,/Users/yeshevika/Documents/Codex/2026-08-16/files-pasted-by-the-user-read/work/candle and tick data/futures/ticks/official_daily_raw_trades_zip/2019/11.2019/BTCUSDT-trades-2019-11-29.zip,2c958d1775b0b6b59b2f9b7bdbbf1360cecf1026d8d6759a506932ed90610d05
E00228,primary_fallback,trades,raw_trade,futures,2019-11-29,2019-11-29T16:00:00+00:00,2019-11-29T16:05:00+00:00,canonical_5m,2019-11-29T16:01:16.888000+00:00,15868392,7850.0,785000,1.0,15868392,15868392,1,raw_fallback_missing_local_aggtrades,/Users/yeshevika/Documents/Codex/2026-08-16/files-pasted-by-the-user-read/work/candle and tick data/futures/ticks/official_daily_raw_trades_zip/2019/11.2019/BTCUSDT-trades-2019-11-29.zip,2c958d1775b0b6b59b2f9b7bdbbf1360cecf1026d8d6759a506932ed90610d05
E00228,primary_fallback,trades,raw_trade,futures,2019-11-29,2019-11-29T16:00:00+00:00,2019-11-29T16:05:00+00:00,canonical_5m,2019-11-29T16:01:16.888000+00:00,15868393,7850.0,785000,2.0,15868393,15868393,1,raw_fallback_missing_local_aggtrades,/Users/yeshevika/Documents/Codex/2026-08-16/files-pasted-by-the-user-read/work/candle and tick data/futures/ticks/official_daily_raw_trades_zip/2019/11.2019/BTCUSDT-trades-2019-11-29.zip,2c958d1775b0b6b59b2f9b7bdbbf1360cecf1026d8d6759a506932ed90610d05
E00228,primary_fallback,trades,raw_trade,futures,2019-11-29,2019-11-29T16:00:00+00:00,2019-11-29T16:05:00+00:00,canonical_5m,2019-11-29T16:01:16.888000+00:00,15868394,7850.0,785000,1.2,15868394,15868394,1,raw_fallback_missing_local_aggtrades,/Users/yeshevika/Documents/Codex/2026-08-16/files-pasted-by-the-user-read/work/candle and tick data/futures/ticks/official_daily_raw_trades_zip/2019/11.2019/BTCUSDT-trades-2019-11-29.zip,2c958d1775b0b6b59b2f9b7bdbbf1360cecf1026d8d6759a506932ed90610d05
E00228,primary_fallback,trades,raw_trade,futures,2019-11-29,2019-11-29T16:00:00+00:00,2019-11-29T16:05:00+00:00,canonical_5m,2019-11-29T16:01:16.888000+00:00,15868395,7850.0,785000,2.0,15868395,15868395,1,raw_fallback_missing_local_aggtrades,/Users/yeshevika/Documents/Codex/2026-08-16/files-pasted-by-the-user-read/work/candle and tick data/futures/ticks/official_daily_raw_trades_zip/2019/11.2019/BTCUSDT-trades-2019-11-29.zip,2c958d1775b0b6b59b2f9b7bdbbf1360cecf1026d8d6759a506932ed90610d05
E00228,primary_fallback,trades,raw_trade,futures,2019-11-29,2019-11-29T16:00:00+00:00,2019-11-29T16:05:00+00:00,canonical_5m,2019-11-29T16:01:16.889000+00:00,15868396,7850.0,785000,2.088,15868396,15868396,1,raw_fallback_missing_local_aggtrades,/Users/yeshevika/Documents/Codex/2026-08-16/files-pasted-by-the-user-read/work/candle and tick data/futures/ticks/official_daily_raw_trades_zip/2019/11.2019/BTCUSDT-trades-2019-11-29.zip,2c958d1775b0b6b59b2f9b7bdbbf1360cecf1026d8d6759a506932ed90610d05
E00228,primary_fallback,trades,raw_trade,futures,2019-11-29,2019-11-29T16:00:00+00:00,2019-11-29T16:05:00+00:00,canonical_5m,2019-11-29T16:01:16.889000+00:00,15868397,7850.0,785000,0.01,15868397,15868397,1,raw_fallback_missing_local_aggtrades,/Users/yeshevika/Documents/Codex/2026-08-16/files-pasted-by-the-user-read/work/candle and tick data/futures/ticks/official_daily_raw_trades_zip/2019/11.2019/BTCUSDT-trades-2019-11-29.zip,2c958d1775b0b6b59b2f9b7bdbbf1360cecf1026d8d6759a506932ed90610d05
E00228,primary_fallback,trades,raw_trade,futures,2019-11-29,2019-11-29T16:00:00+00:00,2019-11-29T16:05:00+00:00,canonical_5m,2019-11-29T16:01:16.889000+00:00,15868398,7850.0,785000,0.01,15868398,15868398,1,raw_fallback_missing_local_aggtrades,/Users/yeshevika/Documents/Codex/2026-08-16/files-pasted-by-the-user-read/work/candle and tick data/futures/ticks/official_daily_raw_trades_zip/2019/11.2019/BTCUSDT-trades-2019-11-29.zip,2c958d1775b0b6b59b2f9b7bdbbf1360cecf1026d8d6759a506932ed90610d05
E00228,primary_fallback,trades,raw_trade,futures,2019-11-29,2019-11-29T16:00:00+00:00,2019-11-29T16:05:00+00:00,canonical_5m,2019-11-29T16:01:16.889000+00:00,15868399,7850.0,785000,0.001,15868399,15868399,1,raw_fallback_missing_local_aggtrades,/Users/yeshevika/Documents/Codex/2026-08-16/files-pasted-by-the-user-read/work/candle and tick data/futures/ticks/official_daily_raw_trades_zip/2019/11.2019/BTCUSDT-trades-2019-11-29.zip,2c958d1775b0b6b59b2f9b7bdbbf1360cecf1026d8d6759a506932ed90610d05
E00228,primary_fallback,trades,raw_trade,futures,2019-11-29,2019-11-29T16:00:00+00:00,2019-11-29T16:05:00+00:00,canonical_5m,2019-11-29T16:01:16.889000+00:00,15868400,7850.0,785000,0.2,15868400,15868400,1,raw_fallback_missing_local_aggtrades,/Users/yeshevika/Documents/Codex/2026-08-16/files-pasted-by-the-user-read/work/candle and tick data/futures/ticks/official_daily_raw_trades_zip/2019/11.2019/BTCUSDT-trades-2019-11-29.zip,2c958d1775b0b6b59b2f9b7bdbbf1360cecf1026d8d6759a506932ed90610d05
E00228,primary_fallback,trades,raw_trade,futures,2019-11-29,2019-11-29T16:00:00+00:00,2019-11-29T16:05:00+00:00,canonical_5m,2019-11-29T16:01:16.889000+00:00,15868401,7850.0,785000,0.15,15868401,15868401,1,raw_fallback_missing_local_aggtrades,/Users/yeshevika/Documents/Codex/2026-08-16/files-pasted-by-the-user-read/work/candle and tick data/futures/ticks/official_daily_raw_trades_zip/2019/11.2019/BTCUSDT-trades-2019-11-29.zip,2c958d1775b0b6b59b2f9b7bdbbf1360cecf1026d8d6759a506932ed90610d05
E00228,primary_fallback,trades,raw_trade,futures,2019-11-29,2019-11-29T16:00:00+00:00,2019-11-29T16:05:00+00:00,canonical_5m,2019-11-29T16:01:16.889000+00:00,15868402,7850.0,785000,0.1,15868402,15868402,1,raw_fallback_missing_local_aggtrades,/Users/yeshevika/Documents/Codex/2026-08-16/files-pasted-by-the-user-read/work/candle and tick data/futures/ticks/official_daily_raw_trades_zip/2019/11.2019/BTCUSDT-trades-2019-11-29.zip,2c958d1775b0b6b59b2f9b7bdbbf1360cecf1026d8d6759a506932ed90610d05
E00228,primary_fallback,trades,raw_trade,futures,2019-11-29,2019-11-29T16:00:00+00:00,2019-11-29T16:05:00+00:00,canonical_5m,2019-11-29T16:01:16.889000+00:00,15868403,7850.0,785000,1.0,15868403,15868403,1,raw_fallback_missing_local_aggtrades,/Users/yeshevika/Documents/Codex/2026-08-16/files-pasted-by-the-user-read/work/candle and tick data/futures/ticks/official_daily_raw_trades_zip/2019/11.2019/BTCUSDT-trades-2019-11-29.zip,2c958d1775b0b6b59b2f9b7bdbbf1360cecf1026d8d6759a506932ed90610d05
E00228,primary_fallback,trades,raw_trade,futures,2019-11-29,2019-11-29T16:00:00+00:00,2019-11-29T16:05:00+00:00,canonical_5m,2019-11-29T16:01:16.889000+00:00,15868404,7850.0,785000,1.441,15868404,15868404,1,raw_fallback_missing_local_aggtrades,/Users/yeshevika/Documents/Codex/2026-08-16/files-pasted-by-the-user-read/work/candle and tick data/futures/ticks/official_daily_raw_trades_zip/2019/11.2019/BTCUSDT-trades-2019-11-29.zip,2c958d1775b0b6b59b2f9b7bdbbf1360cecf1026d8d6759a506932ed90610d05
E00228,primary_fallback,trades,raw_trade,futures,2019-11-29,2019-11-29T16:00:00+00:00,2019-11-29T16:05:00+00:00,canonical_5m,2019-11-29T16:01:16.889000+00:00,15868405,7850.0,785000,0.559,15868405,15868405,1,raw_fallback_missing_local_aggtrades,/Users/yeshevika/Documents/Codex/2026-08-16/files-pasted-by-the-user-read/work/candle and tick data/futures/ticks/official_daily_raw_trades_zip/2019/11.2019/BTCUSDT-trades-2019-11-29.zip,2c958d1775b0b6b59b2f9b7bdbbf1360cecf1026d8d6759a506932ed90610d05
E00228,primary_fallback,trades,raw_trade,futures,2019-11-29,2019-11-29T16:00:00+00:00,2019-11-29T16:05:00+00:00,canonical_5m,2019-11-29T16:01:16.889000+00:00,15868406,7850.0,785000,0.1,15868406,15868406,1,raw_fallback_missing_local_aggtrades,/Users/yeshevika/Documents/Codex/2026-08-16/files-pasted-by-the-user-read/work/candle and tick data/futures/ticks/official_daily_raw_trades_zip/2019/11.2019/BTCUSDT-trades-2019-11-29.zip,2c958d1775b0b6b59b2f9b7bdbbf1360cecf1026d8d6759a506932ed90610d05
E00228,primary_fallback,trades,raw_trade,futures,2019-11-29,2019-11-29T16:00:00+00:00,2019-11-29T16:05:00+00:00,canonical_5m,2019-11-29T16:01:16.889000+00:00,15868407,7850.0,785000,0.25,15868407,15868407,1,raw_fallback_missing_local_aggtrades,/Users/yeshevika/Documents/Codex/2026-08-16/files-pasted-by-the-user-read/work/candle and tick data/futures/ticks/official_daily_raw_trades_zip/2019/11.2019/BTCUSDT-trades-2019-11-29.zip,2c958d1775b0b6b59b2f9b7bdbbf1360cecf1026d8d6759a506932ed90610d05
E00228,primary_fallback,trades,raw_trade,futures,2019-11-29,2019-11-29T16:00:00+00:00,2019-11-29T16:05:00+00:00,canonical_5m,2019-11-29T16:01:16.889000+00:00,15868408,7850.0,785000,0.3,15868408,15868408,1,raw_fallback_missing_local_aggtrades,/Users/yeshevika/Documents/Codex/2026-08-16/files-pasted-by-the-user-read/work/candle and tick data/futures/ticks/official_daily_raw_trades_zip/2019/11.2019/BTCUSDT-trades-2019-11-29.zip,2c958d1775b0b6b59b2f9b7bdbbf1360cecf1026d8d6759a506932ed90610d05
E00228,primary_fallback,trades,raw_trade,futures,2019-11-29,2019-11-29T16:00:00+00:00,2019-11-29T16:05:00+00:00,canonical_5m,2019-11-29T16:01:16.889000+00:00,15868409,7850.0,785000,0.041,15868409,15868409,1,raw_fallback_missing_local_aggtrades,/Users/yeshevika/Documents/Codex/2026-08-16/files-pasted-by-the-user-read/work/candle and tick data/futures/ticks/official_daily_raw_trades_zip/2019/11.2019/BTCUSDT-trades-2019-11-29.zip,2c958d1775b0b6b59b2f9b7bdbbf1360cecf1026d8d6759a506932ed90610d05
E00228,primary_fallback,trades,raw_trade,futures,2019-11-29,2019-11-29T16:00:00+00:00,2019-11-29T16:05:00+00:00,canonical_5m,2019-11-29T16:01:16.889000+00:00,15868410,7850.0,785000,2.75,15868410,15868410,1,raw_fallback_missing_local_aggtrades,/Users/yeshevika/Documents/Codex/2026-08-16/files-pasted-by-the-user-read/work/candle and tick data/futures/ticks/official_daily_raw_trades_zip/2019/11.2019/BTCUSDT-trades-2019-11-29.zip,2c958d1775b0b6b59b2f9b7bdbbf1360cecf1026d8d6759a506932ed90610d05
E00228,primary_fallback,trades,raw_trade,futures,2019-11-29,2019-11-29T16:00:00+00:00,2019-11-29T16:05:00+00:00,canonical_5m,2019-11-29T16:01:16.890000+00:00,15868411,7850.0,785000,0.554,15868411,15868411,1,raw_fallback_missing_local_aggtrades,/Users/yeshevika/Documents/Codex/2026-08-16/files-pasted-by-the-user-read/work/candle and tick data/futures/ticks/official_daily_raw_trades_zip/2019/11.2019/BTCUSDT-trades-2019-11-29.zip,2c958d1775b0b6b59b2f9b7bdbbf1360cecf1026d8d6759a506932ed90610d05
E00228,primary_fallback,trades,raw_trade,futures,2019-11-29,2019-11-29T16:00:00+00:00,2019-11-29T16:05:00+00:00,canonical_5m,2019-11-29T16:01:16.890000+00:00,15868412,7850.0,785000,1.696,15868412,15868412,1,raw_fallback_missing_local_aggtrades,/Users/yeshevika/Documents/Codex/2026-08-16/files-pasted-by-the-user-read/work/candle and tick data/futures/ticks/official_daily_raw_trades_zip/2019/11.2019/BTCUSDT-trades-2019-11-29.zip,2c958d1775b0b6b59b2f9b7bdbbf1360cecf1026d8d6759a506932ed90610d05
E00228,primary_fallback,trades,raw_trade,futures,2019-11-29,2019-11-29T16:00:00+00:00,2019-11-29T16:05:00+00:00,canonical_5m,2019-11-29T16:01:16.890000+00:00,15868413,7850.0,785000,0.024,15868413,15868413,1,raw_fallback_missing_local_aggtrades,/Users/yeshevika/Documents/Codex/2026-08-16/files-pasted-by-the-user-read/work/candle and tick data/futures/ticks/official_daily_raw_trades_zip/2019/11.2019/BTCUSDT-trades-2019-11-29.zip,2c958d1775b0b6b59b2f9b7bdbbf1360cecf1026d8d6759a506932ed90610d05
E00228,primary_fallback,trades,raw_trade,futures,2019-11-29,2019-11-29T16:00:00+00:00,2019-11-29T16:05:00+00:00,canonical_5m,2019-11-29T16:01:16.890000+00:00,15868414,7850.0,785000,0.01,15868414,15868414,1,raw_fallback_missing_local_aggtrades,/Users/yeshevika/Documents/Codex/2026-08-16/files-pasted-by-the-user-read/work/candle and tick data/futures/ticks/official_daily_raw_trades_zip/2019/11.2019/BTCUSDT-trades-2019-11-29.zip,2c958d1775b0b6b59b2f9b7bdbbf1360cecf1026d8d6759a506932ed90610d05
E00228,primary_fallback,trades,raw_trade,futures,2019-11-29,2019-11-29T16:00:00+00:00,2019-11-29T16:05:00+00:00,canonical_5m,2019-11-29T16:01:16.890000+00:00,15868415,7850.0,785000,0.27,15868415,15868415,1,raw_fallback_missing_local_aggtrades,/Users/yeshevika/Documents/Codex/2026-08-16/files-pasted-by-the-user-read/work/candle and tick data/futures/ticks/official_daily_raw_trades_zip/2019/11.2019/BTCUSDT-trades-2019-11-29.zip,2c958d1775b0b6b59b2f9b7bdbbf1360cecf1026d8d6759a506932ed90610d05
E00228,primary_fallback,trades,raw_trade,futures,2019-11-29,2019-11-29T16:00:00+00:00,2019-11-29T16:05:00+00:00,canonical_5m,2019-11-29T16:01:16.904000+00:00,15868416,7850.0,785000,0.03,15868416,15868416,1,raw_fallback_missing_local_aggtrades,/Users/yeshevika/Documents/Codex/2026-08-16/files-pasted-by-the-user-read/work/candle and tick data/futures/ticks/official_daily_raw_trades_zip/2019/11.2019/BTCUSDT-trades-2019-11-29.zip,2c958d1775b0b6b59b2f9b7bdbbf1360cecf1026d8d6759a506932ed90610d05
E00228,primary_fallback,trades,raw_trade,futures,2019-11-29,2019-11-29T16:00:00+00:00,2019-11-29T16:05:00+00:00,canonical_5m,2019-11-29T16:01:16.904000+00:00,15868417,7850.0,785000,0.023,15868417,15868417,1,raw_fallback_missing_local_aggtrades,/Users/yeshevika/Documents/Codex/2026-08-16/files-pasted-by-the-user-read/work/candle and tick data/futures/ticks/official_daily_raw_trades_zip/2019/11.2019/BTCUSDT-trades-2019-11-29.zip,2c958d1775b0b6b59b2f9b7bdbbf1360cecf1026d8d6759a506932ed90610d05
E00228,primary_fallback,trades,raw_trade,futures,2019-11-29,2019-11-29T16:00:00+00:00,2019-11-29T16:05:00+00:00,canonical_5m,2019-11-29T16:01:16.904000+00:00,15868418,7850.0,785000,0.01,15868418,15868418,1,raw_fallback_missing_local_aggtrades,/Users/yeshevika/Documents/Codex/2026-08-16/files-pasted-by-the-user-read/work/candle and tick data/futures/ticks/official_daily_raw_trades_zip/2019/11.2019/BTCUSDT-trades-2019-11-29.zip,2c958d1775b0b6b59b2f9b7bdbbf1360cecf1026d8d6759a506932ed90610d05
E00228,primary_fallback,trades,raw_trade,futures,2019-11-29,2019-11-29T16:00:00+00:00,2019-11-29T16:05:00+00:00,canonical_5m,2019-11-29T16:01:16.904000+00:00,15868419,7850.0,785000,0.02,15868419,15868419,1,raw_fallback_missing_local_aggtrades,/Users/yeshevika/Documents/Codex/2026-08-16/files-pasted-by-the-user-read/work/candle and tick data/futures/ticks/official_daily_raw_trades_zip/2019/11.2019/BTCUSDT-trades-2019-11-29.zip,2c958d1775b0b6b59b2f9b7bdbbf1360cecf1026d8d6759a506932ed90610d05
E00228,primary_fallback,trades,raw_trade,futures,2019-11-29,2019-11-29T16:00:00+00:00,2019-11-29T16:05:00+00:00,canonical_5m,2019-11-29T16:01:16.904000+00:00,15868420,7850.0,785000,0.01,15868420,15868420,1,raw_fallback_missing_local_aggtrades,/Users/yeshevika/Documents/Codex/2026-08-16/files-pasted-by-the-user-read/work/candle and tick data/futures/ticks/official_daily_raw_trades_zip/2019/11.2019/BTCUSDT-trades-2019-11-29.zip,2c958d1775b0b6b59b2f9b7bdbbf1360cecf1026d8d6759a506932ed90610d05
E00228,primary_fallback,trades,raw_trade,futures,2019-11-29,2019-11-29T16:00:00+00:00,2019-11-29T16:05:00+00:00,canonical_5m,2019-11-29T16:01:16.904000+00:00,15868421,7850.0,785000,1.204,15868421,15868421,1,raw_fallback_missing_local_aggtrades,/Users/yeshevika/Documents/Codex/2026-08-16/files-pasted-by-the-user-read/work/candle and tick data/futures/ticks/official_daily_raw_trades_zip/2019/11.2019/BTCUSDT-trades-2019-11-29.zip,2c958d1775b0b6b59b2f9b7bdbbf1360cecf1026d8d6759a506932ed90610d05
E00228,primary_fallback,trades,raw_trade,futures,2019-11-29,2019-11-29T16:00:00+00:00,2019-11-29T16:05:00+00:00,canonical_5m,2019-11-29T16:01:16.990000+00:00,15868423,7850.0,785000,0.6,15868423,15868423,1,raw_fallback_missing_local_aggtrades,/Users/yeshevika/Documents/Codex/2026-08-16/files-pasted-by-the-user-read/work/candle and tick data/futures/ticks/official_daily_raw_trades_zip/2019/11.2019/BTCUSDT-trades-2019-11-29.zip,2c958d1775b0b6b59b2f9b7bdbbf1360cecf1026d8d6759a506932ed90610d05
E00228,primary_fallback,trades,raw_trade,futures,2019-11-29,2019-11-29T16:00:00+00:00,2019-11-29T16:05:00+00:00,canonical_5m,2019-11-29T16:01:17.020000+00:00,15868424,7850.0,785000,0.739,15868424,15868424,1,raw_fallback_missing_local_aggtrades,/Users/yeshevika/Documents/Codex/2026-08-16/files-pasted-by-the-user-read/work/candle and tick data/futures/ticks/official_daily_raw_trades_zip/2019/11.2019/BTCUSDT-trades-2019-11-29.zip,2c958d1775b0b6b59b2f9b7bdbbf1360cecf1026d8d6759a506932ed90610d05
E00228,primary_fallback,trades,raw_trade,futures,2019-11-29,2019-11-29T16:00:00+00:00,2019-11-29T16:05:00+00:00,canonical_5m,2019-11-29T16:01:17.020000+00:00,15868425,7850.0,785000,0.15,15868425,15868425,1,raw_fallback_missing_local_aggtrades,/Users/yeshevika/Documents/Codex/2026-08-16/files-pasted-by-the-user-read/work/candle and tick data/futures/ticks/official_daily_raw_trades_zip/2019/11.2019/BTCUSDT-trades-2019-11-29.zip,2c958d1775b0b6b59b2f9b7bdbbf1360cecf1026d8d6759a506932ed90610d05
E00228,primary_fallback,trades,raw_trade,futures,2019-11-29,2019-11-29T16:00:00+00:00,2019-11-29T16:05:00+00:00,canonical_5m,2019-11-29T16:01:17.020000+00:00,15868426,7850.0,785000,0.7,15868426,15868426,1,raw_fallback_missing_local_aggtrades,/Users/yeshevika/Documents/Codex/2026-08-16/files-pasted-by-the-user-read/work/candle and tick data/futures/ticks/official_daily_raw_trades_zip/2019/11.2019/BTCUSDT-trades-2019-11-29.zip,2c958d1775b0b6b59b2f9b7bdbbf1360cecf1026d8d6759a506932ed90610d05
E00228,primary_fallback,trades,raw_trade,futures,2019-11-29,2019-11-29T16:00:00+00:00,2019-11-29T16:05:00+00:00,canonical_5m,2019-11-29T16:01:17.023000+00:00,15868427,7850.0,785000,1.329,15868427,15868427,1,raw_fallback_missing_local_aggtrades,/Users/yeshevika/Documents/Codex/2026-08-16/files-pasted-by-the-user-read/work/candle and tick data/futures/ticks/official_daily_raw_trades_zip/2019/11.2019/BTCUSDT-trades-2019-11-29.zip,2c958d1775b0b6b59b2f9b7bdbbf1360cecf1026d8d6759a506932ed90610d05
E00228,primary_fallback,trades,raw_trade,futures,2019-11-29,2019-11-29T16:00:00+00:00,2019-11-29T16:05:00+00:00,canonical_5m,2019-11-29T16:01:17.026000+00:00,15868428,7850.0,785000,0.001,15868428,15868428,1,raw_fallback_missing_local_aggtrades,/Users/yeshevika/Documents/Codex/2026-08-16/files-pasted-by-the-user-read/work/candle and tick data/futures/ticks/official_daily_raw_trades_zip/2019/11.2019/BTCUSDT-trades-2019-11-29.zip,2c958d1775b0b6b59b2f9b7bdbbf1360cecf1026d8d6759a506932ed90610d05
E00228,primary_fallback,trades,raw_trade,futures,2019-11-29,2019-11-29T16:00:00+00:00,2019-11-29T16:05:00+00:00,canonical_5m,2019-11-29T16:01:17.029000+00:00,15868429,7850.0,785000,0.148,15868429,15868429,1,raw_fallback_missing_local_aggtrades,/Users/yeshevika/Documents/Codex/2026-08-16/files-pasted-by-the-user-read/work/candle and tick data/futures/ticks/official_daily_raw_trades_zip/2019/11.2019/BTCUSDT-trades-2019-11-29.zip,2c958d1775b0b6b59b2f9b7bdbbf1360cecf1026d8d6759a506932ed90610d05
E00228,primary_fallback,trades,raw_trade,futures,2019-11-29,2019-11-29T16:00:00+00:00,2019-11-29T16:05:00+00:00,canonical_5m,2019-11-29T16:01:17.033000+00:00,15868430,7850.0,785000,0.494,15868430,15868430,1,raw_fallback_missing_local_aggtrades,/Users/yeshevika/Documents/Codex/2026-08-16/files-pasted-by-the-user-read/work/candle and tick data/futures/ticks/official_daily_raw_trades_zip/2019/11.2019/BTCUSDT-trades-2019-11-29.zip,2c958d1775b0b6b59b2f9b7bdbbf1360cecf1026d8d6759a506932ed90610d05
E00228,primary_fallback,trades,raw_trade,futures,2019-11-29,2019-11-29T16:00:00+00:00,2019-11-29T16:05:00+00:00,canonical_5m,2019-11-29T16:01:17.037000+00:00,15868431,7850.0,785000,0.015,15868431,15868431,1,raw_fallback_missing_local_aggtrades,/Users/yeshevika/Documents/Codex/2026-08-16/files-pasted-by-the-user-read/work/candle and tick data/futures/ticks/official_daily_raw_trades_zip/2019/11.2019/BTCUSDT-trades-2019-11-29.zip,2c958d1775b0b6b59b2f9b7bdbbf1360cecf1026d8d6759a506932ed90610d05
E00228,primary_fallback,trades,raw_trade,futures,2019-11-29,2019-11-29T16:00:00+00:00,2019-11-29T16:05:00+00:00,canonical_5m,2019-11-29T16:01:17.038000+00:00,15868432,7850.0,785000,0.005,15868432,15868432,1,raw_fallback_missing_local_aggtrades,/Users/yeshevika/Documents/Codex/2026-08-16/files-pasted-by-the-user-read/work/candle and tick data/futures/ticks/official_daily_raw_trades_zip/2019/11.2019/BTCUSDT-trades-2019-11-29.zip,2c958d1775b0b6b59b2f9b7bdbbf1360cecf1026d8d6759a506932ed90610d05
E00228,primary_fallback,trades,raw_trade,futures,2019-11-29,2019-11-29T16:00:00+00:00,2019-11-29T16:05:00+00:00,canonical_5m,2019-11-29T16:01:17.040000+00:00,15868433,7850.0,785000,0.395,15868433,15868433,1,raw_fallback_missing_local_aggtrades,/Users/yeshevika/Documents/Codex/2026-08-16/files-pasted-by-the-user-read/work/candle and tick data/futures/ticks/official_daily_raw_trades_zip/2019/11.2019/BTCUSDT-trades-2019-11-29.zip,2c958d1775b0b6b59b2f9b7bdbbf1360cecf1026d8d6759a506932ed90610d05
E00228,primary_fallback,trades,raw_trade,futures,2019-11-29,2019-11-29T16:00:00+00:00,2019-11-29T16:05:00+00:00,canonical_5m,2019-11-29T16:01:17.063000+00:00,15868441,7850.0,785000,0.001,15868441,15868441,1,raw_fallback_missing_local_aggtrades,/Users/yeshevika/Documents/Codex/2026-08-16/files-pasted-by-the-user-read/work/candle and tick data/futures/ticks/official_daily_raw_trades_zip/2019/11.2019/BTCUSDT-trades-2019-11-29.zip,2c958d1775b0b6b59b2f9b7bdbbf1360cecf1026d8d6759a506932ed90610d05
E00228,primary_fallback,trades,raw_trade,futures,2019-11-29,2019-11-29T16:00:00+00:00,2019-11-29T16:05:00+00:00,canonical_5m,2019-11-29T16:01:17.184000+00:00,15868443,7850.0,785000,0.958,15868443,15868443,1,raw_fallback_missing_local_aggtrades,/Users/yeshevika/Documents/Codex/2026-08-16/files-pasted-by-the-user-read/work/candle and tick data/futures/ticks/official_daily_raw_trades_zip/2019/11.2019/BTCUSDT-trades-2019-11-29.zip,2c958d1775b0b6b59b2f9b7bdbbf1360cecf1026d8d6759a506932ed90610d05
E00228,primary_fallback,trades,raw_trade,futures,2019-11-29,2019-11-29T16:00:00+00:00,2019-11-29T16:05:00+00:00,canonical_5m,2019-11-29T16:01:17.185000+00:00,15868444,7850.0,785000,0.8,15868444,15868444,1,raw_fallback_missing_local_aggtrades,/Users/yeshevika/Documents/Codex/2026-08-16/files-pasted-by-the-user-read/work/candle and tick data/futures/ticks/official_daily_raw_trades_zip/2019/11.2019/BTCUSDT-trades-2019-11-29.zip,2c958d1775b0b6b59b2f9b7bdbbf1360cecf1026d8d6759a506932ed90610d05
E00228,primary_fallback,trades,raw_trade,futures,2019-11-29,2019-11-29T16:00:00+00:00,2019-11-29T16:05:00+00:00,canonical_5m,2019-11-29T16:01:17.192000+00:00,15868445,7850.0,785000,0.5,15868445,15868445,1,raw_fallback_missing_local_aggtrades,/Users/yeshevika/Documents/Codex/2026-08-16/files-pasted-by-the-user-read/work/candle and tick data/futures/ticks/official_daily_raw_trades_zip/2019/11.2019/BTCUSDT-trades-2019-11-29.zip,2c958d1775b0b6b59b2f9b7bdbbf1360cecf1026d8d6759a506932ed90610d05
E00228,primary_fallback,trades,raw_trade,futures,2019-11-29,2019-11-29T16:00:00+00:00,2019-11-29T16:05:00+00:00,canonical_5m,2019-11-29T16:01:17.279000+00:00,15868447,7850.0,785000,10.536,15868447,15868447,1,raw_fallback_missing_local_aggtrades,/Users/yeshevika/Documents/Codex/2026-08-16/files-pasted-by-the-user-read/work/candle and tick data/futures/ticks/official_daily_raw_trades_zip/2019/11.2019/BTCUSDT-trades-2019-11-29.zip,2c958d1775b0b6b59b2f9b7bdbbf1360cecf1026d8d6759a506932ed90610d05
E00228,primary_fallback,trades,raw_trade,futures,2019-11-29,2019-11-29T16:00:00+00:00,2019-11-29T16:05:00+00:00,canonical_5m,2019-11-29T16:01:17.290000+00:00,15868448,7850.0,785000,0.1,15868448,15868448,1,raw_fallback_missing_local_aggtrades,/Users/yeshevika/Documents/Codex/2026-08-16/files-pasted-by-the-user-read/work/candle and tick data/futures/ticks/official_daily_raw_trades_zip/2019/11.2019/BTCUSDT-trades-2019-11-29.zip,2c958d1775b0b6b59b2f9b7bdbbf1360cecf1026d8d6759a506932ed90610d05
E00228,primary_fallback,trades,raw_trade,futures,2019-11-29,2019-11-29T16:00:00+00:00,2019-11-29T16:05:00+00:00,canonical_5m,2019-11-29T16:01:17.304000+00:00,15868449,7850.0,785000,6.369,15868449,15868449,1,raw_fallback_missing_local_aggtrades,/Users/yeshevika/Documents/Codex/2026-08-16/files-pasted-by-the-user-read/work/candle and tick data/futures/ticks/official_daily_raw_trades_zip/2019/11.2019/BTCUSDT-trades-2019-11-29.zip,2c958d1775b0b6b59b2f9b7bdbbf1360cecf1026d8d6759a506932ed90610d05
E00228,primary_fallback,trades,raw_trade,futures,2019-11-29,2019-11-29T16:00:00+00:00,2019-11-29T16:05:00+00:00,canonical_5m,2019-11-29T16:01:18.102000+00:00,15868488,7850.0,785000,7.64,15868488,15868488,1,raw_fallback_missing_local_aggtrades,/Users/yeshevika/Documents/Codex/2026-08-16/files-pasted-by-the-user-read/work/candle and tick data/futures/ticks/official_daily_raw_trades_zip/2019/11.2019/BTCUSDT-trades-2019-11-29.zip,2c958d1775b0b6b59b2f9b7bdbbf1360cecf1026d8d6759a506932ed90610d05
E00228,primary_fallback,trades,raw_trade,futures,2019-11-29,2019-11-29T16:00:00+00:00,2019-11-29T16:05:00+00:00,canonical_5m,2019-11-29T16:01:18.359000+00:00,15868498,7850.0,785000,7.686,15868498,15868498,1,raw_fallback_missing_local_aggtrades,/Users/yeshevika/Documents/Codex/2026-08-16/files-pasted-by-the-user-read/work/candle and tick data/futures/ticks/official_daily_raw_trades_zip/2019/11.2019/BTCUSDT-trades-2019-11-29.zip,2c958d1775b0b6b59b2f9b7bdbbf1360cecf1026d8d6759a506932ed90610d05
E00228,primary_fallback,trades,raw_trade,futures,2019-11-29,2019-11-29T16:00:00+00:00,2019-11-29T16:05:00+00:00,canonical_5m,2019-11-29T16:01:18.734000+00:00,15868509,7850.0,785000,3.096,15868509,15868509,1,raw_fallback_missing_local_aggtrades,/Users/yeshevika/Documents/Codex/2026-08-16/files-pasted-by-the-user-read/work/candle and tick data/futures/ticks/official_daily_raw_trades_zip/2019/11.2019/BTCUSDT-trades-2019-11-29.zip,2c958d1775b0b6b59b2f9b7bdbbf1360cecf1026d8d6759a506932ed90610d05
E00232,primary,aggTrades,agg_trade,futures,2020-01-03,2020-01-03T02:00:00+00:00,2020-01-03T02:05:00+00:00,canonical_5m,2020-01-03T02:02:11.066000+00:00,18622389,6863.44,686344,3.215,25597766,25597766,1,legacy_local_daily_aggtrades,/Users/yeshevika/Documents/Codex/2026-05-30/sfp-vah-val-poc-cvd-one/tick data/2020/01.2020/BTCUSDT-aggTrades-2020-01-03.zip,cc460dea3e91365b90f0bd295660d7a780c47ee68cf504045dbc3394316ee71f
E00233,primary,aggTrades,agg_trade,futures,2020-02-13,2020-02-13T13:45:00+00:00,2020-02-13T13:50:00+00:00,canonical_5m,2020-02-13T13:49:01.626000+00:00,28662915,10540.00,1054000,0.325,39476791,39476792,2,legacy_local_daily_aggtrades,/Users/yeshevika/Documents/Codex/2026-05-30/sfp-vah-val-poc-cvd-one/tick data/2020/02.2020/BTCUSDT-aggTrades-2020-02-13.zip,92fffdb34b0e1cff726aec2780417cb7ebd97c6ecdeaaef8bc23f8e90a15510c
E00233,primary,aggTrades,agg_trade,futures,2020-02-13,2020-02-13T13:45:00+00:00,2020-02-13T13:50:00+00:00,canonical_5m,2020-02-13T13:49:01.664000+00:00,28662919,10540.00,1054000,4.847,39476797,39476802,6,legacy_local_daily_aggtrades,/Users/yeshevika/Documents/Codex/2026-05-30/sfp-vah-val-poc-cvd-one/tick data/2020/02.2020/BTCUSDT-aggTrades-2020-02-13.zip,92fffdb34b0e1cff726aec2780417cb7ebd97c6ecdeaaef8bc23f8e90a15510c
E00241,primary,aggTrades,agg_trade,futures,2020-03-12,2020-03-12T23:45:00+00:00,2020-03-12T23:50:00+00:00,canonical_5m,2020-03-12T23:47:51.100000+00:00,37021594,4347.00,434700,2.508,50702669,50702670,2,legacy_local_daily_aggtrades,/Users/yeshevika/Documents/Codex/2026-05-30/sfp-vah-val-poc-cvd-one/tick data/2020/03.2020/BTCUSDT-aggTrades-2020-03-12.zip,4b77e99007793cb14990091d2bf8b177ab7afb6317bf57583543a0958db1c415
E00241,primary,aggTrades,agg_trade,futures,2020-03-12,2020-03-12T23:45:00+00:00,2020-03-12T23:50:00+00:00,canonical_5m,2020-03-12T23:47:51.130000+00:00,37021597,4347.00,434700,0.200,50702674,50702674,1,legacy_local_daily_aggtrades,/Users/yeshevika/Documents/Codex/2026-05-30/sfp-vah-val-poc-cvd-one/tick data/2020/03.2020/BTCUSDT-aggTrades-2020-03-12.zip,4b77e99007793cb14990091d2bf8b177ab7afb6317bf57583543a0958db1c415
E00246,primary,aggTrades,agg_trade,futures,2020-03-19,2020-03-19T22:50:00+00:00,2020-03-19T22:55:00+00:00,canonical_5m,2020-03-19T22:51:03.540000+00:00,43925810,6400.00,640000,66.375,59287685,59287805,121,legacy_local_daily_aggtrades,/Users/yeshevika/Documents/Codex/2026-05-30/sfp-vah-val-poc-cvd-one/tick data/2020/03.2020/BTCUSDT-aggTrades-2020-03-19.zip,f2c8e8c2276a05ad204ee9da10cb56abd207df827b357532f7c2758269666da5
E00246,primary,aggTrades,agg_trade,futures,2020-03-19,2020-03-19T22:50:00+00:00,2020-03-19T22:55:00+00:00,canonical_5m,2020-03-19T22:51:03.543000+00:00,43925812,6400.00,640000,0.155,59287816,59287816,1,legacy_local_daily_aggtrades,/Users/yeshevika/Documents/Codex/2026-05-30/sfp-vah-val-poc-cvd-one/tick data/2020/03.2020/BTCUSDT-aggTrades-2020-03-19.zip,f2c8e8c2276a05ad204ee9da10cb56abd207df827b357532f7c2758269666da5
E00246,primary,aggTrades,agg_trade,futures,2020-03-19,2020-03-19T22:50:00+00:00,2020-03-19T22:55:00+00:00,canonical_5m,2020-03-19T22:51:03.630000+00:00,43925817,6400.00,640000,3.999,59287821,59287828,8,legacy_local_daily_aggtrades,/Users/yeshevika/Documents/Codex/2026-05-30/sfp-vah-val-poc-cvd-one/tick data/2020/03.2020/BTCUSDT-aggTrades-2020-03-19.zip,f2c8e8c2276a05ad204ee9da10cb56abd207df827b357532f7c2758269666da5
E00246,primary,aggTrades,agg_trade,futures,2020-03-19,2020-03-19T22:50:00+00:00,2020-03-19T22:55:00+00:00,canonical_5m,2020-03-19T22:51:03.645000+00:00,43925819,6400.00,640000,0.124,59287830,59287831,2,legacy_local_daily_aggtrades,/Users/yeshevika/Documents/Codex/2026-05-30/sfp-vah-val-poc-cvd-one/tick data/2020/03.2020/BTCUSDT-aggTrades-2020-03-19.zip,f2c8e8c2276a05ad204ee9da10cb56abd207df827b357532f7c2758269666da5
E00246,primary,aggTrades,agg_trade,futures,2020-03-19,2020-03-19T22:50:00+00:00,2020-03-19T22:55:00+00:00,canonical_5m,2020-03-19T22:51:03.650000+00:00,43925821,6400.00,640000,2.366,59287834,59287839,6,legacy_local_daily_aggtrades,/Users/yeshevika/Documents/Codex/2026-05-30/sfp-vah-val-poc-cvd-one/tick data/2020/03.2020/BTCUSDT-aggTrades-2020-03-19.zip,f2c8e8c2276a05ad204ee9da10cb56abd207df827b357532f7c2758269666da5
E00248,primary,aggTrades,agg_trade,futures,2020-03-20,2020-03-20T20:30:00+00:00,2020-03-20T20:35:00+00:00,canonical_5m,2020-03-20T20:31:52.341000+00:00,44782381,5650.00,565000,4.845,60371905,60371921,17,legacy_local_daily_aggtrades,/Users/yeshevika/Documents/Codex/2026-05-30/sfp-vah-val-poc-cvd-one/tick data/2020/03.2020/BTCUSDT-aggTrades-2020-03-20.zip,ff6307034d242d1883d10b6f22667c4b8150cbd014beb57c527f61f2df738b9a
E00248,primary,aggTrades,agg_trade,futures,2020-03-20,2020-03-20T20:30:00+00:00,2020-03-20T20:35:00+00:00,canonical_5m,2020-03-20T20:31:52.411000+00:00,44782388,5650.00,565000,1.000,60371929,60371929,1,legacy_local_daily_aggtrades,/Users/yeshevika/Documents/Codex/2026-05-30/sfp-vah-val-poc-cvd-one/tick data/2020/03.2020/BTCUSDT-aggTrades-2020-03-20.zip,ff6307034d242d1883d10b6f22667c4b8150cbd014beb57c527f61f2df738b9a
E00248,primary,aggTrades,agg_trade,futures,2020-03-20,2020-03-20T20:30:00+00:00,2020-03-20T20:35:00+00:00,canonical_5m,2020-03-20T20:31:52.517000+00:00,44782398,5650.00,565000,4.941,60371939,60371940,2,legacy_local_daily_aggtrades,/Users/yeshevika/Documents/Codex/2026-05-30/sfp-vah-val-poc-cvd-one/tick data/2020/03.2020/BTCUSDT-aggTrades-2020-03-20.zip,ff6307034d242d1883d10b6f22667c4b8150cbd014beb57c527f61f2df738b9a
E00248,primary,aggTrades,agg_trade,futures,2020-03-20,2020-03-20T20:30:00+00:00,2020-03-20T20:35:00+00:00,canonical_5m,2020-03-20T20:31:53.185000+00:00,44782443,5650.00,565000,1.616,60372001,60372001,1,legacy_local_daily_aggtrades,/Users/yeshevika/Documents/Codex/2026-05-30/sfp-vah-val-poc-cvd-one/tick data/2020/03.2020/BTCUSDT-aggTrades-2020-03-20.zip,ff6307034d242d1883d10b6f22667c4b8150cbd014beb57c527f61f2df738b9a
E00248,primary,aggTrades,agg_trade,futures,2020-03-20,2020-03-20T20:30:00+00:00,2020-03-20T20:35:00+00:00,canonical_5m,2020-03-20T20:31:53.200000+00:00,44782446,5650.00,565000,0.100,60372004,60372004,1,legacy_local_daily_aggtrades,/Users/yeshevika/Documents/Codex/2026-05-30/sfp-vah-val-poc-cvd-one/tick data/2020/03.2020/BTCUSDT-aggTrades-2020-03-20.zip,ff6307034d242d1883d10b6f22667c4b8150cbd014beb57c527f61f2df738b9a
E00252,primary,aggTrades,agg_trade,futures,2020-05-07,2020-05-07T23:45:00+00:00,2020-05-07T23:50:00+00:00,canonical_5m,2020-05-07T23:46:39.569000+00:00,81435425,10080.00,1008000,47.046,112234840,112234878,39,legacy_local_daily_aggtrades,/Users/yeshevika/Documents/Codex/2026-05-30/sfp-vah-val-poc-cvd-one/tick data/2020/05.2020/BTCUSDT-aggTrades-2020-05-07.zip,22f6b01f42aa79abe55e7d03199ba809c7a4bded7a722b201276c1f3eef154d2
E00252,primary,aggTrades,agg_trade,futures,2020-05-07,2020-05-07T23:45:00+00:00,2020-05-07T23:50:00+00:00,canonical_5m,2020-05-07T23:46:39.570000+00:00,81435428,10080.00,1008000,1.260,112234884,112234892,9,legacy_local_daily_aggtrades,/Users/yeshevika/Documents/Codex/2026-05-30/sfp-vah-val-poc-cvd-one/tick data/2020/05.2020/BTCUSDT-aggTrades-2020-05-07.zip,22f6b01f42aa79abe55e7d03199ba809c7a4bded7a722b201276c1f3eef154d2
E00252,primary,aggTrades,agg_trade,futures,2020-05-07,2020-05-07T23:45:00+00:00,2020-05-07T23:50:00+00:00,canonical_5m,2020-05-07T23:46:39.659000+00:00,81435433,10080.00,1008000,4.314,112234904,112234908,5,legacy_local_daily_aggtrades,/Users/yeshevika/Documents/Codex/2026-05-30/sfp-vah-val-poc-cvd-one/tick data/2020/05.2020/BTCUSDT-aggTrades-2020-05-07.zip,22f6b01f42aa79abe55e7d03199ba809c7a4bded7a722b201276c1f3eef154d2
E00252,primary,aggTrades,agg_trade,futures,2020-05-07,2020-05-07T23:45:00+00:00,2020-05-07T23:50:00+00:00,canonical_5m,2020-05-07T23:46:39.714000+00:00,81435436,10080.00,1008000,0.030,112234911,112234911,1,legacy_local_daily_aggtrades,/Users/yeshevika/Documents/Codex/2026-05-30/sfp-vah-val-poc-cvd-one/tick data/2020/05.2020/BTCUSDT-aggTrades-2020-05-07.zip,22f6b01f42aa79abe55e7d03199ba809c7a4bded7a722b201276c1f3eef154d2
E00252,primary,aggTrades,agg_trade,futures,2020-05-07,2020-05-07T23:45:00+00:00,2020-05-07T23:50:00+00:00,canonical_5m,2020-05-07T23:46:39.742000+00:00,81435440,10080.00,1008000,0.030,112234915,112234915,1,legacy_local_daily_aggtrades,/Users/yeshevika/Documents/Codex/2026-05-30/sfp-vah-val-poc-cvd-one/tick data/2020/05.2020/BTCUSDT-aggTrades-2020-05-07.zip,22f6b01f42aa79abe55e7d03199ba809c7a4bded7a722b201276c1f3eef154d2
E00254,primary,aggTrades,agg_trade,futures,2020-05-11,2020-05-11T18:15:00+00:00,2020-05-11T18:20:00+00:00,canonical_5m,2020-05-11T18:18:05.592000+00:00,85819809,8151.12,815112,0.582,118511432,118511432,1,legacy_local_daily_aggtrades,/Users/yeshevika/Documents/Codex/2026-05-30/sfp-vah-val-poc-cvd-one/tick data/2020/05.2020/BTCUSDT-aggTrades-2020-05-11.zip,6ffea51f7d4082ad6bd19f6929fe759ba01ca53c3b8c3b470fe025ef7c3573e8
E00255,primary,aggTrades,agg_trade,futures,2020-08-17,2020-08-17T16:00:00+00:00,2020-08-17T16:05:00+00:00,canonical_5m,2020-08-17T16:01:35.464000+00:00,130971747,12499.42,1249942,0.655,187148740,187148740,1,legacy_local_daily_aggtrades,/Users/yeshevika/Documents/Codex/2026-05-30/sfp-vah-val-poc-cvd-one/tick data/2020/08.2020/BTCUSDT-aggTrades-2020-08-17.zip,6ea37540fafa8f18eafcb49a32604f9106cd0c0ab3aacca7bb600dad989b5d69
E00258,primary,aggTrades,agg_trade,futures,2020-09-05,2020-09-05T18:50:00+00:00,2020-09-05T18:55:00+00:00,canonical_5m,2020-09-05T18:54:56.074000+00:00,139287636,9808.58,980858,0.444,201509538,201509538,1,legacy_local_daily_aggtrades,/Users/yeshevika/Documents/Codex/2026-05-30/sfp-vah-val-poc-cvd-one/tick data/2020/09.2020/BTCUSDT-aggTrades-2020-09-05.zip,07c7c087d488729c45d796b3fbee990f54ac285a36a6fcb702afcaed4dc0e18a
E00258,primary,aggTrades,agg_trade,futures,2020-09-05,2020-09-05T18:50:00+00:00,2020-09-05T18:55:00+00:00,canonical_5m,2020-09-05T18:54:56.077000+00:00,139287646,9808.58,980858,0.600,201509551,201509551,1,legacy_local_daily_aggtrades,/Users/yeshevika/Documents/Codex/2026-05-30/sfp-vah-val-poc-cvd-one/tick data/2020/09.2020/BTCUSDT-aggTrades-2020-09-05.zip,07c7c087d488729c45d796b3fbee990f54ac285a36a6fcb702afcaed4dc0e18a
E00258,primary,aggTrades,agg_trade,futures,2020-09-05,2020-09-05T18:50:00+00:00,2020-09-05T18:55:00+00:00,canonical_5m,2020-09-05T18:54:56.096000+00:00,139287653,9808.58,980858,0.932,201509562,201509562,1,legacy_local_daily_aggtrades,/Users/yeshevika/Documents/Codex/2026-05-30/sfp-vah-val-poc-cvd-one/tick data/2020/09.2020/BTCUSDT-aggTrades-2020-09-05.zip,07c7c087d488729c45d796b3fbee990f54ac285a36a6fcb702afcaed4dc0e18a
E00259,primary,aggTrades,agg_trade,futures,2020-11-25,2020-11-25T13:50:00+00:00,2020-11-25T13:55:00+00:00,canonical_5m,2020-11-25T13:50:27.195000+00:00,185485059,19554.19,1955419,0.507,285545881,285545882,2,legacy_local_daily_aggtrades,/Users/yeshevika/Documents/Codex/2026-05-30/sfp-vah-val-poc-cvd-one/tick data/2020/11.2020/BTCUSDT-aggTrades-2020-11-25.zip,01de523c22e2592614be56cde170cea1ee08700a0fc3bd91c6a684d7bb02bb50
E00259,primary,aggTrades,agg_trade,futures,2020-11-25,2020-11-25T13:50:00+00:00,2020-11-25T13:55:00+00:00,canonical_5m,2020-11-25T13:50:30.404000+00:00,185485113,19554.19,1955419,0.036,285545967,285545967,1,legacy_local_daily_aggtrades,/Users/yeshevika/Documents/Codex/2026-05-30/sfp-vah-val-poc-cvd-one/tick data/2020/11.2020/BTCUSDT-aggTrades-2020-11-25.zip,01de523c22e2592614be56cde170cea1ee08700a0fc3bd91c6a684d7bb02bb50
E00262,primary,aggTrades,agg_trade,futures,2020-11-27,2020-11-27T15:55:00+00:00,2020-11-27T16:00:00+00:00,canonical_5m,2020-11-27T15:59:35.280000+00:00,189146906,16444.83,1644483,0.088,291305836,291305836,1,legacy_local_daily_aggtrades,/Users/yeshevika/Documents/Codex/2026-05-30/sfp-vah-val-poc-cvd-one/tick data/2020/11.2020/BTCUSDT-aggTrades-2020-11-27.zip,24b85917101c0b97ee26b7c127c42954c71e9ae07b582abb355868ab2ed23d3a
E00276,primary,aggTrades,agg_trade,futures,2021-01-03,2021-01-03T07:45:00+00:00,2021-01-03T07:50:00+00:00,canonical_5m,2021-01-03T07:48:58.903000+00:00,229747271,34832.25,3483225,0.626,358563281,358563282,2,legacy_local_daily_aggtrades,/Users/yeshevika/Documents/Codex/2026-05-30/sfp-vah-val-poc-cvd-one/tick data/2021/01.2021/BTCUSDT-aggTrades-2021-01-03.zip,730903eaf5676d21ddc5153cbd73a0c33eb5e7603afa1f6bae95000229e6f632
E00276,primary,aggTrades,agg_trade,futures,2021-01-03,2021-01-03T07:45:00+00:00,2021-01-03T07:50:00+00:00,canonical_5m,2021-01-03T07:48:58.940000+00:00,229747277,34832.25,3483225,0.212,358563292,358563294,3,legacy_local_daily_aggtrades,/Users/yeshevika/Documents/Codex/2026-05-30/sfp-vah-val-poc-cvd-one/tick data/2021/01.2021/BTCUSDT-aggTrades-2021-01-03.zip,730903eaf5676d21ddc5153cbd73a0c33eb5e7603afa1f6bae95000229e6f632
E00276,primary,aggTrades,agg_trade,futures,2021-01-03,2021-01-03T07:45:00+00:00,2021-01-03T07:50:00+00:00,canonical_5m,2021-01-03T07:48:58.965000+00:00,229747282,34832.25,3483225,0.003,358563299,358563299,1,legacy_local_daily_aggtrades,/Users/yeshevika/Documents/Codex/2026-05-30/sfp-vah-val-poc-cvd-one/tick data/2021/01.2021/BTCUSDT-aggTrades-2021-01-03.zip,730903eaf5676d21ddc5153cbd73a0c33eb5e7603afa1f6bae95000229e6f632
E00276,primary,aggTrades,agg_trade,futures,2021-01-03,2021-01-03T07:45:00+00:00,2021-01-03T07:50:00+00:00,canonical_5m,2021-01-03T07:48:59.630000+00:00,229747364,34832.25,3483225,0.143,358563412,358563412,1,legacy_local_daily_aggtrades,/Users/yeshevika/Documents/Codex/2026-05-30/sfp-vah-val-poc-cvd-one/tick data/2021/01.2021/BTCUSDT-aggTrades-2021-01-03.zip,730903eaf5676d21ddc5153cbd73a0c33eb5e7603afa1f6bae95000229e6f632
E00276,primary,aggTrades,agg_trade,futures,2021-01-03,2021-01-03T07:45:00+00:00,2021-01-03T07:50:00+00:00,canonical_5m,2021-01-03T07:48:59.768000+00:00,229747368,34832.25,3483225,0.002,358563416,358563416,1,legacy_local_daily_aggtrades,/Users/yeshevika/Documents/Codex/2026-05-30/sfp-vah-val-poc-cvd-one/tick data/2021/01.2021/BTCUSDT-aggTrades-2021-01-03.zip,730903eaf5676d21ddc5153cbd73a0c33eb5e7603afa1f6bae95000229e6f632
E00279,primary,aggTrades,agg_trade,futures,2021-01-05,2021-01-05T06:10:00+00:00,2021-01-05T06:15:00+00:00,canonical_5m,2021-01-05T06:13:48.320000+00:00,234228914,29900.00,2990000,30.121,365322487,365322528,42,legacy_local_daily_aggtrades,/Users/yeshevika/Documents/Codex/2026-05-30/sfp-vah-val-poc-cvd-one/tick data/2021/01.2021/BTCUSDT-aggTrades-2021-01-05.zip,67636158ffcbe61d6a3a243e4df4c830d2cc6faa850a0904548625e9fa626eea
E00279,primary,aggTrades,agg_trade,futures,2021-01-05,2021-01-05T06:10:00+00:00,2021-01-05T06:15:00+00:00,canonical_5m,2021-01-05T06:13:50.362000+00:00,234229463,29900.00,2990000,2.051,365323327,365323327,1,legacy_local_daily_aggtrades,/Users/yeshevika/Documents/Codex/2026-05-30/sfp-vah-val-poc-cvd-one/tick data/2021/01.2021/BTCUSDT-aggTrades-2021-01-05.zip,67636158ffcbe61d6a3a243e4df4c830d2cc6faa850a0904548625e9fa626eea
E00279,primary,aggTrades,agg_trade,futures,2021-01-05,2021-01-05T06:10:00+00:00,2021-01-05T06:15:00+00:00,canonical_5m,2021-01-05T06:13:50.368000+00:00,234229469,29900.00,2990000,1.777,365323334,365323334,1,legacy_local_daily_aggtrades,/Users/yeshevika/Documents/Codex/2026-05-30/sfp-vah-val-poc-cvd-one/tick data/2021/01.2021/BTCUSDT-aggTrades-2021-01-05.zip,67636158ffcbe61d6a3a243e4df4c830d2cc6faa850a0904548625e9fa626eea
E00279,primary,aggTrades,agg_trade,futures,2021-01-05,2021-01-05T06:10:00+00:00,2021-01-05T06:15:00+00:00,canonical_5m,2021-01-05T06:13:50.458000+00:00,234229497,29900.00,2990000,7.278,365323372,365323372,1,legacy_local_daily_aggtrades,/Users/yeshevika/Documents/Codex/2026-05-30/sfp-vah-val-poc-cvd-one/tick data/2021/01.2021/BTCUSDT-aggTrades-2021-01-05.zip,67636158ffcbe61d6a3a243e4df4c830d2cc6faa850a0904548625e9fa626eea
E00279,primary,aggTrades,agg_trade,futures,2021-01-05,2021-01-05T06:10:00+00:00,2021-01-05T06:15:00+00:00,canonical_5m,2021-01-05T06:13:50.712000+00:00,234229533,29900.00,2990000,2.251,365323413,365323413,1,legacy_local_daily_aggtrades,/Users/yeshevika/Documents/Codex/2026-05-30/sfp-vah-val-poc-cvd-one/tick data/2021/01.2021/BTCUSDT-aggTrades-2021-01-05.zip,67636158ffcbe61d6a3a243e4df4c830d2cc6faa850a0904548625e9fa626eea
E00279,primary,aggTrades,agg_trade,futures,2021-01-05,2021-01-05T06:10:00+00:00,2021-01-05T06:15:00+00:00,canonical_5m,2021-01-05T06:13:50.716000+00:00,234229536,29900.00,2990000,0.159,365323416,365323416,1,legacy_local_daily_aggtrades,/Users/yeshevika/Documents/Codex/2026-05-30/sfp-vah-val-poc-cvd-one/tick data/2021/01.2021/BTCUSDT-aggTrades-2021-01-05.zip,67636158ffcbe61d6a3a243e4df4c830d2cc6faa850a0904548625e9fa626eea
E00279,primary,aggTrades,agg_trade,futures,2021-01-05,2021-01-05T06:10:00+00:00,2021-01-05T06:15:00+00:00,canonical_5m,2021-01-05T06:13:50.810000+00:00,234229558,29900.00,2990000,1.176,365323446,365323446,1,legacy_local_daily_aggtrades,/Users/yeshevika/Documents/Codex/2026-05-30/sfp-vah-val-poc-cvd-one/tick data/2021/01.2021/BTCUSDT-aggTrades-2021-01-05.zip,67636158ffcbe61d6a3a243e4df4c830d2cc6faa850a0904548625e9fa626eea
E00279,primary,aggTrades,agg_trade,futures,2021-01-05,2021-01-05T06:10:00+00:00,2021-01-05T06:15:00+00:00,canonical_5m,2021-01-05T06:13:51.023000+00:00,234229610,29900.00,2990000,0.046,365323554,365323555,2,legacy_local_daily_aggtrades,/Users/yeshevika/Documents/Codex/2026-05-30/sfp-vah-val-poc-cvd-one/tick data/2021/01.2021/BTCUSDT-aggTrades-2021-01-05.zip,67636158ffcbe61d6a3a243e4df4c830d2cc6faa850a0904548625e9fa626eea
E00279,primary,aggTrades,agg_trade,futures,2021-01-05,2021-01-05T06:10:00+00:00,2021-01-05T06:15:00+00:00,canonical_5m,2021-01-05T06:13:51.023000+00:00,234229615,29900.00,2990000,0.205,365323567,365323568,2,legacy_local_daily_aggtrades,/Users/yeshevika/Documents/Codex/2026-05-30/sfp-vah-val-poc-cvd-one/tick data/2021/01.2021/BTCUSDT-aggTrades-2021-01-05.zip,67636158ffcbe61d6a3a243e4df4c830d2cc6faa850a0904548625e9fa626eea
E00279,primary,aggTrades,agg_trade,futures,2021-01-05,2021-01-05T06:10:00+00:00,2021-01-05T06:15:00+00:00,canonical_5m,2021-01-05T06:13:51.036000+00:00,234229619,29900.00,2990000,0.381,365323572,365323572,1,legacy_local_daily_aggtrades,/Users/yeshevika/Documents/Codex/2026-05-30/sfp-vah-val-poc-cvd-one/tick data/2021/01.2021/BTCUSDT-aggTrades-2021-01-05.zip,67636158ffcbe61d6a3a243e4df4c830d2cc6faa850a0904548625e9fa626eea
E00279,primary,aggTrades,agg_trade,futures,2021-01-05,2021-01-05T06:10:00+00:00,2021-01-05T06:15:00+00:00,canonical_5m,2021-01-05T06:13:51.038000+00:00,234229621,29900.00,2990000,0.900,365323574,365323574,1,legacy_local_daily_aggtrades,/Users/yeshevika/Documents/Codex/2026-05-30/sfp-vah-val-poc-cvd-one/tick data/2021/01.2021/BTCUSDT-aggTrades-2021-01-05.zip,67636158ffcbe61d6a3a243e4df4c830d2cc6faa850a0904548625e9fa626eea
E00279,primary,aggTrades,agg_trade,futures,2021-01-05,2021-01-05T06:10:00+00:00,2021-01-05T06:15:00+00:00,canonical_5m,2021-01-05T06:13:51.089000+00:00,234229634,29900.00,2990000,1.772,365323593,365323594,2,legacy_local_daily_aggtrades,/Users/yeshevika/Documents/Codex/2026-05-30/sfp-vah-val-poc-cvd-one/tick data/2021/01.2021/BTCUSDT-aggTrades-2021-01-05.zip,67636158ffcbe61d6a3a243e4df4c830d2cc6faa850a0904548625e9fa626eea
E00279,primary,aggTrades,agg_trade,futures,2021-01-05,2021-01-05T06:10:00+00:00,2021-01-05T06:15:00+00:00,canonical_5m,2021-01-05T06:13:51.152000+00:00,234229652,29900.00,2990000,0.611,365323617,365323617,1,legacy_local_daily_aggtrades,/Users/yeshevika/Documents/Codex/2026-05-30/sfp-vah-val-poc-cvd-one/tick data/2021/01.2021/BTCUSDT-aggTrades-2021-01-05.zip,67636158ffcbe61d6a3a243e4df4c830d2cc6faa850a0904548625e9fa626eea
E00279,primary,aggTrades,agg_trade,futures,2021-01-05,2021-01-05T06:10:00+00:00,2021-01-05T06:15:00+00:00,canonical_5m,2021-01-05T06:13:51.234000+00:00,234229671,29900.00,2990000,1.086,365323640,365323642,3,legacy_local_daily_aggtrades,/Users/yeshevika/Documents/Codex/2026-05-30/sfp-vah-val-poc-cvd-one/tick data/2021/01.2021/BTCUSDT-aggTrades-2021-01-05.zip,67636158ffcbe61d6a3a243e4df4c830d2cc6faa850a0904548625e9fa626eea
E00279,primary,aggTrades,agg_trade,futures,2021-01-05,2021-01-05T06:10:00+00:00,2021-01-05T06:15:00+00:00,canonical_5m,2021-01-05T06:13:51.277000+00:00,234229678,29900.00,2990000,0.017,365323650,365323650,1,legacy_local_daily_aggtrades,/Users/yeshevika/Documents/Codex/2026-05-30/sfp-vah-val-poc-cvd-one/tick data/2021/01.2021/BTCUSDT-aggTrades-2021-01-05.zip,67636158ffcbe61d6a3a243e4df4c830d2cc6faa850a0904548625e9fa626eea
E00279,primary,aggTrades,agg_trade,futures,2021-01-05,2021-01-05T06:10:00+00:00,2021-01-05T06:15:00+00:00,canonical_5m,2021-01-05T06:13:51.307000+00:00,234229681,29900.00,2990000,0.007,365323653,365323653,1,legacy_local_daily_aggtrades,/Users/yeshevika/Documents/Codex/2026-05-30/sfp-vah-val-poc-cvd-one/tick data/2021/01.2021/BTCUSDT-aggTrades-2021-01-05.zip,67636158ffcbe61d6a3a243e4df4c830d2cc6faa850a0904548625e9fa626eea
E00279,primary,aggTrades,agg_trade,futures,2021-01-05,2021-01-05T06:10:00+00:00,2021-01-05T06:15:00+00:00,canonical_5m,2021-01-05T06:13:51.392000+00:00,234229732,29900.00,2990000,0.508,365323724,365323724,1,legacy_local_daily_aggtrades,/Users/yeshevika/Documents/Codex/2026-05-30/sfp-vah-val-poc-cvd-one/tick data/2021/01.2021/BTCUSDT-aggTrades-2021-01-05.zip,67636158ffcbe61d6a3a243e4df4c830d2cc6faa850a0904548625e9fa626eea
E00279,primary,aggTrades,agg_trade,futures,2021-01-05,2021-01-05T06:10:00+00:00,2021-01-05T06:15:00+00:00,canonical_5m,2021-01-05T06:13:51.400000+00:00,234229736,29900.00,2990000,0.032,365323731,365323731,1,legacy_local_daily_aggtrades,/Users/yeshevika/Documents/Codex/2026-05-30/sfp-vah-val-poc-cvd-one/tick data/2021/01.2021/BTCUSDT-aggTrades-2021-01-05.zip,67636158ffcbe61d6a3a243e4df4c830d2cc6faa850a0904548625e9fa626eea
E00282,primary,aggTrades,agg_trade,futures,2021-01-08,2021-01-08T15:10:00+00:00,2021-01-08T15:15:00+00:00,canonical_5m,2021-01-08T15:10:05.369000+00:00,242222201,42125.51,4212551,1.085,377259988,377259992,5,legacy_local_daily_aggtrades,/Users/yeshevika/Documents/Codex/2026-05-30/sfp-vah-val-poc-cvd-one/tick data/2021/01.2021/BTCUSDT-aggTrades-2021-01-08.zip,7e8ee66a367235742161650300cca4e1846b6b61627b5b33e5f9df1907ab94fa
E00285,primary,aggTrades,agg_trade,futures,2021-01-13,2021-01-13T00:55:00+00:00,2021-01-13T01:00:00+00:00,canonical_5m,2021-01-13T00:59:52.760000+00:00,255744629,32420.00,3242000,0.318,397225628,397225630,3,legacy_local_daily_aggtrades,/Users/yeshevika/Documents/Codex/2026-05-30/sfp-vah-val-poc-cvd-one/tick data/2021/01.2021/BTCUSDT-aggTrades-2021-01-13.zip,cbdee298cfc57432f53f5641390fc964a2543238eb0dd785f3c11d1299fea40f
E00285,primary,aggTrades,agg_trade,futures,2021-01-13,2021-01-13T00:55:00+00:00,2021-01-13T01:00:00+00:00,canonical_5m,2021-01-13T00:59:52.932000+00:00,255744640,32420.00,3242000,0.015,397225641,397225642,2,legacy_local_daily_aggtrades,/Users/yeshevika/Documents/Codex/2026-05-30/sfp-vah-val-poc-cvd-one/tick data/2021/01.2021/BTCUSDT-aggTrades-2021-01-13.zip,cbdee298cfc57432f53f5641390fc964a2543238eb0dd785f3c11d1299fea40f
E00286,primary,aggTrades,agg_trade,futures,2021-01-14,2021-01-14T15:35:00+00:00,2021-01-14T15:40:00+00:00,canonical_5m,2021-01-14T15:35:05.078000+00:00,259557522,40189.39,4018939,0.984,403032216,403032216,1,legacy_local_daily_aggtrades,/Users/yeshevika/Documents/Codex/2026-05-30/sfp-vah-val-poc-cvd-one/tick data/2021/01.2021/BTCUSDT-aggTrades-2021-01-14.zip,1f0627c32f70170a30ce38e8c68a7be62f2fd09a9c48324761ede4e5d29c3383
E00289,primary,aggTrades,agg_trade,futures,2021-01-22,2021-01-22T01:15:00+00:00,2021-01-22T01:20:00+00:00,canonical_5m,2021-01-22T01:18:51.851000+00:00,275377439,28880.00,2888000,2.395,427706427,427706435,9,legacy_local_daily_aggtrades,/Users/yeshevika/Documents/Codex/2026-05-30/sfp-vah-val-poc-cvd-one/tick data/2021/01.2021/BTCUSDT-aggTrades-2021-01-22.zip,a351d40ae2c187e0e90a63578135dfd99e31a4156761ff7a5953cabbbd9eb7f6
E00289,primary,aggTrades,agg_trade,futures,2021-01-22,2021-01-22T01:15:00+00:00,2021-01-22T01:20:00+00:00,canonical_5m,2021-01-22T01:18:51.895000+00:00,275377464,28880.00,2888000,0.757,427706464,427706465,2,legacy_local_daily_aggtrades,/Users/yeshevika/Documents/Codex/2026-05-30/sfp-vah-val-poc-cvd-one/tick data/2021/01.2021/BTCUSDT-aggTrades-2021-01-22.zip,a351d40ae2c187e0e90a63578135dfd99e31a4156761ff7a5953cabbbd9eb7f6
E00289,primary,aggTrades,agg_trade,futures,2021-01-22,2021-01-22T01:15:00+00:00,2021-01-22T01:20:00+00:00,canonical_5m,2021-01-22T01:18:52.085000+00:00,275377483,28880.00,2888000,0.355,427706487,427706492,6,legacy_local_daily_aggtrades,/Users/yeshevika/Documents/Codex/2026-05-30/sfp-vah-val-poc-cvd-one/tick data/2021/01.2021/BTCUSDT-aggTrades-2021-01-22.zip,a351d40ae2c187e0e90a63578135dfd99e31a4156761ff7a5953cabbbd9eb7f6
E00289,primary,aggTrades,agg_trade,futures,2021-01-22,2021-01-22T01:15:00+00:00,2021-01-22T01:20:00+00:00,canonical_5m,2021-01-22T01:18:52.170000+00:00,275377494,28880.00,2888000,0.016,427706505,427706505,1,legacy_local_daily_aggtrades,/Users/yeshevika/Documents/Codex/2026-05-30/sfp-vah-val-poc-cvd-one/tick data/2021/01.2021/BTCUSDT-aggTrades-2021-01-22.zip,a351d40ae2c187e0e90a63578135dfd99e31a4156761ff7a5953cabbbd9eb7f6
E00289,primary,aggTrades,agg_trade,futures,2021-01-22,2021-01-22T01:15:00+00:00,2021-01-22T01:20:00+00:00,canonical_5m,2021-01-22T01:18:52.614000+00:00,275377526,28880.00,2888000,0.845,427706545,427706545,1,legacy_local_daily_aggtrades,/Users/yeshevika/Documents/Codex/2026-05-30/sfp-vah-val-poc-cvd-one/tick data/2021/01.2021/BTCUSDT-aggTrades-2021-01-22.zip,a351d40ae2c187e0e90a63578135dfd99e31a4156761ff7a5953cabbbd9eb7f6
E00289,primary,aggTrades,agg_trade,futures,2021-01-22,2021-01-22T01:15:00+00:00,2021-01-22T01:20:00+00:00,canonical_5m,2021-01-22T01:18:52.639000+00:00,275377531,28880.00,2888000,0.019,427706551,427706551,1,legacy_local_daily_aggtrades,/Users/yeshevika/Documents/Codex/2026-05-30/sfp-vah-val-poc-cvd-one/tick data/2021/01.2021/BTCUSDT-aggTrades-2021-01-22.zip,a351d40ae2c187e0e90a63578135dfd99e31a4156761ff7a5953cabbbd9eb7f6
E00289,primary,aggTrades,agg_trade,futures,2021-01-22,2021-01-22T01:15:00+00:00,2021-01-22T01:20:00+00:00,canonical_5m,2021-01-22T01:18:52.737000+00:00,275377536,28880.00,2888000,0.144,427706558,427706560,3,legacy_local_daily_aggtrades,/Users/yeshevika/Documents/Codex/2026-05-30/sfp-vah-val-poc-cvd-one/tick data/2021/01.2021/BTCUSDT-aggTrades-2021-01-22.zip,a351d40ae2c187e0e90a63578135dfd99e31a4156761ff7a5953cabbbd9eb7f6
E00290,primary,aggTrades,agg_trade,futures,2021-01-29,2021-01-29T13:55:00+00:00,2021-01-29T14:00:00+00:00,canonical_5m,2021-01-29T13:57:20.069000+00:00,290385152,38641.10,3864110,4.190,452025363,452025401,39,legacy_local_daily_aggtrades,/Users/yeshevika/Documents/Codex/2026-05-30/sfp-vah-val-poc-cvd-one/tick data/2021/01.2021/BTCUSDT-aggTrades-2021-01-29.zip,749644c78e9e7f210ea79c6fc8a2a686864ba147139deddec10802c5aab6c7bd
E00290,primary,aggTrades,agg_trade,futures,2021-01-29,2021-01-29T13:55:00+00:00,2021-01-29T14:00:00+00:00,canonical_5m,2021-01-29T13:57:20.071000+00:00,290385273,38641.10,3864110,0.126,452025630,452025630,1,legacy_local_daily_aggtrades,/Users/yeshevika/Documents/Codex/2026-05-30/sfp-vah-val-poc-cvd-one/tick data/2021/01.2021/BTCUSDT-aggTrades-2021-01-29.zip,749644c78e9e7f210ea79c6fc8a2a686864ba147139deddec10802c5aab6c7bd
E00293,primary,aggTrades,agg_trade,futures,2021-01-31,2021-01-31T18:00:00+00:00,2021-01-31T18:05:00+00:00,canonical_5m,2021-01-31T18:00:19.412000+00:00,294552079,32193.04,3219304,3.637,458822566,458822570,5,legacy_local_daily_aggtrades,/Users/yeshevika/Documents/Codex/2026-05-30/sfp-vah-val-poc-cvd-one/tick data/2021/01.2021/BTCUSDT-aggTrades-2021-01-31.zip,ee3f2d401583d75941aa6488c451c8868ab7648e198b0bf4bac56d8051cd7ef6
E00295,primary,aggTrades,agg_trade,futures,2021-02-08,2021-02-08T23:25:00+00:00,2021-02-08T23:30:00+00:00,canonical_5m,2021-02-08T23:26:35.045000+00:00,307447997,47146.00,4714600,5.176,481498014,481498015,2,legacy_local_daily_aggtrades,/Users/yeshevika/Documents/Codex/2026-05-30/sfp-vah-val-poc-cvd-one/tick data/2021/02.2021/BTCUSDT-aggTrades-2021-02-08.zip,920f20ca80efaaf806b6de711611e5b59260c9fb8671fc20d9bc635fb2d4cbe0
E00295,primary,aggTrades,agg_trade,futures,2021-02-08,2021-02-08T23:25:00+00:00,2021-02-08T23:30:00+00:00,canonical_5m,2021-02-08T23:26:35.128000+00:00,307448039,47146.00,4714600,0.187,481498074,481498074,1,legacy_local_daily_aggtrades,/Users/yeshevika/Documents/Codex/2026-05-30/sfp-vah-val-poc-cvd-one/tick data/2021/02.2021/BTCUSDT-aggTrades-2021-02-08.zip,920f20ca80efaaf806b6de711611e5b59260c9fb8671fc20d9bc635fb2d4cbe0
E00295,primary,aggTrades,agg_trade,futures,2021-02-08,2021-02-08T23:25:00+00:00,2021-02-08T23:30:00+00:00,canonical_5m,2021-02-08T23:26:35.128000+00:00,307448041,47146.00,4714600,0.276,481498076,481498076,1,legacy_local_daily_aggtrades,/Users/yeshevika/Documents/Codex/2026-05-30/sfp-vah-val-poc-cvd-one/tick data/2021/02.2021/BTCUSDT-aggTrades-2021-02-08.zip,920f20ca80efaaf806b6de711611e5b59260c9fb8671fc20d9bc635fb2d4cbe0
E00304,primary,aggTrades,agg_trade,futures,2021-02-10,2021-02-10T15:45:00+00:00,2021-02-10T15:50:00+00:00,canonical_5m,2021-02-10T15:48:11.552000+00:00,311276158,43770.00,4377000,6.214,487946245,487946331,87,legacy_local_daily_aggtrades,/Users/yeshevika/Documents/Codex/2026-05-30/sfp-vah-val-poc-cvd-one/tick data/2021/02.2021/BTCUSDT-aggTrades-2021-02-10.zip,bf978582464cda904faa555e8894beed0ac691cb2fc5f43851be537f308a9452
E00304,primary,aggTrades,agg_trade,futures,2021-02-10,2021-02-10T15:45:00+00:00,2021-02-10T15:50:00+00:00,canonical_5m,2021-02-10T15:48:15.477000+00:00,311276666,43770.00,4377000,2.358,487946972,487946972,1,legacy_local_daily_aggtrades,/Users/yeshevika/Documents/Codex/2026-05-30/sfp-vah-val-poc-cvd-one/tick data/2021/02.2021/BTCUSDT-aggTrades-2021-02-10.zip,bf978582464cda904faa555e8894beed0ac691cb2fc5f43851be537f308a9452
E00304,primary,aggTrades,agg_trade,futures,2021-02-10,2021-02-10T15:45:00+00:00,2021-02-10T15:50:00+00:00,canonical_5m,2021-02-10T15:48:15.694000+00:00,311276684,43770.00,4377000,1.352,487946996,487946996,1,legacy_local_daily_aggtrades,/Users/yeshevika/Documents/Codex/2026-05-30/sfp-vah-val-poc-cvd-one/tick data/2021/02.2021/BTCUSDT-aggTrades-2021-02-10.zip,bf978582464cda904faa555e8894beed0ac691cb2fc5f43851be537f308a9452
E00304,primary,aggTrades,agg_trade,futures,2021-02-10,2021-02-10T15:45:00+00:00,2021-02-10T15:50:00+00:00,canonical_5m,2021-02-10T15:48:15.716000+00:00,311276688,43770.00,4377000,0.049,487947000,487947000,1,legacy_local_daily_aggtrades,/Users/yeshevika/Documents/Codex/2026-05-30/sfp-vah-val-poc-cvd-one/tick data/2021/02.2021/BTCUSDT-aggTrades-2021-02-10.zip,bf978582464cda904faa555e8894beed0ac691cb2fc5f43851be537f308a9452
E00304,primary,aggTrades,agg_trade,futures,2021-02-10,2021-02-10T15:45:00+00:00,2021-02-10T15:50:00+00:00,canonical_5m,2021-02-10T15:48:15.733000+00:00,311276695,43770.00,4377000,0.020,487947007,487947007,1,legacy_local_daily_aggtrades,/Users/yeshevika/Documents/Codex/2026-05-30/sfp-vah-val-poc-cvd-one/tick data/2021/02.2021/BTCUSDT-aggTrades-2021-02-10.zip,bf978582464cda904faa555e8894beed0ac691cb2fc5f43851be537f308a9452
E00304,primary,aggTrades,agg_trade,futures,2021-02-10,2021-02-10T15:45:00+00:00,2021-02-10T15:50:00+00:00,canonical_5m,2021-02-10T15:48:15.977000+00:00,311276708,43770.00,4377000,3.045,487947024,487947024,1,legacy_local_daily_aggtrades,/Users/yeshevika/Documents/Codex/2026-05-30/sfp-vah-val-poc-cvd-one/tick data/2021/02.2021/BTCUSDT-aggTrades-2021-02-10.zip,bf978582464cda904faa555e8894beed0ac691cb2fc5f43851be537f308a9452
E00304,primary,aggTrades,agg_trade,futures,2021-02-10,2021-02-10T15:45:00+00:00,2021-02-10T15:50:00+00:00,canonical_5m,2021-02-10T15:48:15.998000+00:00,311276710,43770.00,4377000,1.123,487947026,487947027,2,legacy_local_daily_aggtrades,/Users/yeshevika/Documents/Codex/2026-05-30/sfp-vah-val-poc-cvd-one/tick data/2021/02.2021/BTCUSDT-aggTrades-2021-02-10.zip,bf978582464cda904faa555e8894beed0ac691cb2fc5f43851be537f308a9452
E00304,primary,aggTrades,agg_trade,futures,2021-02-10,2021-02-10T15:45:00+00:00,2021-02-10T15:50:00+00:00,canonical_5m,2021-02-10T15:48:16.123000+00:00,311276712,43770.00,4377000,1.853,487947030,487947032,3,legacy_local_daily_aggtrades,/Users/yeshevika/Documents/Codex/2026-05-30/sfp-vah-val-poc-cvd-one/tick data/2021/02.2021/BTCUSDT-aggTrades-2021-02-10.zip,bf978582464cda904faa555e8894beed0ac691cb2fc5f43851be537f308a9452
E00304,primary,aggTrades,agg_trade,futures,2021-02-10,2021-02-10T15:45:00+00:00,2021-02-10T15:50:00+00:00,canonical_5m,2021-02-10T15:48:16.274000+00:00,311276719,43770.00,4377000,1.234,487947048,487947049,2,legacy_local_daily_aggtrades,/Users/yeshevika/Documents/Codex/2026-05-30/sfp-vah-val-poc-cvd-one/tick data/2021/02.2021/BTCUSDT-aggTrades-2021-02-10.zip,bf978582464cda904faa555e8894beed0ac691cb2fc5f43851be537f308a9452
E00304,primary,aggTrades,agg_trade,futures,2021-02-10,2021-02-10T15:45:00+00:00,2021-02-10T15:50:00+00:00,canonical_5m,2021-02-10T15:48:16.313000+00:00,311276721,43770.00,4377000,0.020,487947051,487947051,1,legacy_local_daily_aggtrades,/Users/yeshevika/Documents/Codex/2026-05-30/sfp-vah-val-poc-cvd-one/tick data/2021/02.2021/BTCUSDT-aggTrades-2021-02-10.zip,bf978582464cda904faa555e8894beed0ac691cb2fc5f43851be537f308a9452
E00308,primary,aggTrades,agg_trade,futures,2021-02-21,2021-02-21T19:10:00+00:00,2021-02-21T19:15:00+00:00,canonical_5m,2021-02-21T19:11:52.454000+00:00,329259463,58472.14,5847214,0.036,519275786,519275786,1,legacy_local_daily_aggtrades,/Users/yeshevika/Documents/Codex/2026-05-30/sfp-vah-val-poc-cvd-one/tick data/2021/02.2021/BTCUSDT-aggTrades-2021-02-21.zip,d383a91c02278a92996f6df4ec3fa035e7377e0f41d8d498824e73f3a75bef04
E00308,primary,aggTrades,agg_trade,futures,2021-02-21,2021-02-21T19:10:00+00:00,2021-02-21T19:15:00+00:00,canonical_5m,2021-02-21T19:11:52.532000+00:00,329259466,58472.14,5847214,0.028,519275790,519275790,1,legacy_local_daily_aggtrades,/Users/yeshevika/Documents/Codex/2026-05-30/sfp-vah-val-poc-cvd-one/tick data/2021/02.2021/BTCUSDT-aggTrades-2021-02-21.zip,d383a91c02278a92996f6df4ec3fa035e7377e0f41d8d498824e73f3a75bef04
E00314,primary,aggTrades,agg_trade,futures,2021-02-28,2021-02-28T16:00:00+00:00,2021-02-28T16:05:00+00:00,canonical_5m,2021-02-28T16:02:15.559000+00:00,349290653,43002.05,4300205,0.107,550855163,550855163,1,legacy_local_daily_aggtrades,/Users/yeshevika/Documents/Codex/2026-05-30/sfp-vah-val-poc-cvd-one/tick data/2021/02.2021/BTCUSDT-aggTrades-2021-02-28.zip,36252e87480b0b668984fee468afafec3375f91501a3d376c9b3ed66a41991fe
E00316,primary,aggTrades,agg_trade,futures,2021-03-13,2021-03-13T20:40:00+00:00,2021-03-13T20:45:00+00:00,canonical_5m,2021-03-13T20:42:18.077000+00:00,376473596,61950.00,6195000,0.280,598811668,598811674,7,legacy_local_daily_aggtrades,/Users/yeshevika/Documents/Codex/2026-05-30/sfp-vah-val-poc-cvd-one/tick data/2021/03.2021/BTCUSDT-aggTrades-2021-03-13.zip,64a2b28ea38b5e9a7891e65876e8ad8059e2d0ce7562bb591d728d21e4b38bed
E00316,primary,aggTrades,agg_trade,futures,2021-03-13,2021-03-13T20:40:00+00:00,2021-03-13T20:45:00+00:00,canonical_5m,2021-03-13T20:42:18.091000+00:00,376473598,61950.00,6195000,10.064,598811676,598811745,70,legacy_local_daily_aggtrades,/Users/yeshevika/Documents/Codex/2026-05-30/sfp-vah-val-poc-cvd-one/tick data/2021/03.2021/BTCUSDT-aggTrades-2021-03-13.zip,64a2b28ea38b5e9a7891e65876e8ad8059e2d0ce7562bb591d728d21e4b38bed
E00316,primary,aggTrades,agg_trade,futures,2021-03-13,2021-03-13T20:40:00+00:00,2021-03-13T20:45:00+00:00,canonical_5m,2021-03-13T20:42:18.205000+00:00,376473600,61950.00,6195000,18.482,598811749,598811761,13,legacy_local_daily_aggtrades,/Users/yeshevika/Documents/Codex/2026-05-30/sfp-vah-val-poc-cvd-one/tick data/2021/03.2021/BTCUSDT-aggTrades-2021-03-13.zip,64a2b28ea38b5e9a7891e65876e8ad8059e2d0ce7562bb591d728d21e4b38bed
E00316,primary,aggTrades,agg_trade,futures,2021-03-13,2021-03-13T20:40:00+00:00,2021-03-13T20:45:00+00:00,canonical_5m,2021-03-13T20:42:18.247000+00:00,376473602,61950.00,6195000,5.754,598811763,598811765,3,legacy_local_daily_aggtrades,/Users/yeshevika/Documents/Codex/2026-05-30/sfp-vah-val-poc-cvd-one/tick data/2021/03.2021/BTCUSDT-aggTrades-2021-03-13.zip,64a2b28ea38b5e9a7891e65876e8ad8059e2d0ce7562bb591d728d21e4b38bed
E00316,primary,aggTrades,agg_trade,futures,2021-03-13,2021-03-13T20:40:00+00:00,2021-03-13T20:45:00+00:00,canonical_5m,2021-03-13T20:42:18.389000+00:00,376473604,61950.00,6195000,0.788,598811767,598811770,4,legacy_local_daily_aggtrades,/Users/yeshevika/Documents/Codex/2026-05-30/sfp-vah-val-poc-cvd-one/tick data/2021/03.2021/BTCUSDT-aggTrades-2021-03-13.zip,64a2b28ea38b5e9a7891e65876e8ad8059e2d0ce7562bb591d728d21e4b38bed
E00316,primary,aggTrades,agg_trade,futures,2021-03-13,2021-03-13T20:40:00+00:00,2021-03-13T20:45:00+00:00,canonical_5m,2021-03-13T20:42:18.503000+00:00,376473605,61950.00,6195000,0.018,598811771,598811771,1,legacy_local_daily_aggtrades,/Users/yeshevika/Documents/Codex/2026-05-30/sfp-vah-val-poc-cvd-one/tick data/2021/03.2021/BTCUSDT-aggTrades-2021-03-13.zip,64a2b28ea38b5e9a7891e65876e8ad8059e2d0ce7562bb591d728d21e4b38bed
E00316,primary,aggTrades,agg_trade,futures,2021-03-13,2021-03-13T20:40:00+00:00,2021-03-13T20:45:00+00:00,canonical_5m,2021-03-13T20:42:18.548000+00:00,376473607,61950.00,6195000,0.100,598811779,598811779,1,legacy_local_daily_aggtrades,/Users/yeshevika/Documents/Codex/2026-05-30/sfp-vah-val-poc-cvd-one/tick data/2021/03.2021/BTCUSDT-aggTrades-2021-03-13.zip,64a2b28ea38b5e9a7891e65876e8ad8059e2d0ce7562bb591d728d21e4b38bed
E00316,primary,aggTrades,agg_trade,futures,2021-03-13,2021-03-13T20:40:00+00:00,2021-03-13T20:45:00+00:00,canonical_5m,2021-03-13T20:42:18.605000+00:00,376473609,61950.00,6195000,0.029,598811781,598811783,3,legacy_local_daily_aggtrades,/Users/yeshevika/Documents/Codex/2026-05-30/sfp-vah-val-poc-cvd-one/tick data/2021/03.2021/BTCUSDT-aggTrades-2021-03-13.zip,64a2b28ea38b5e9a7891e65876e8ad8059e2d0ce7562bb591d728d21e4b38bed
E00316,primary,aggTrades,agg_trade,futures,2021-03-13,2021-03-13T20:40:00+00:00,2021-03-13T20:45:00+00:00,canonical_5m,2021-03-13T20:42:18.703000+00:00,376473611,61950.00,6195000,0.180,598811785,598811788,4,legacy_local_daily_aggtrades,/Users/yeshevika/Documents/Codex/2026-05-30/sfp-vah-val-poc-cvd-one/tick data/2021/03.2021/BTCUSDT-aggTrades-2021-03-13.zip,64a2b28ea38b5e9a7891e65876e8ad8059e2d0ce7562bb591d728d21e4b38bed
E00316,primary,aggTrades,agg_trade,futures,2021-03-13,2021-03-13T20:40:00+00:00,2021-03-13T20:45:00+00:00,canonical_5m,2021-03-13T20:42:18.751000+00:00,376473613,61950.00,6195000,0.200,598811790,598811790,1,legacy_local_daily_aggtrades,/Users/yeshevika/Documents/Codex/2026-05-30/sfp-vah-val-poc-cvd-one/tick data/2021/03.2021/BTCUSDT-aggTrades-2021-03-13.zip,64a2b28ea38b5e9a7891e65876e8ad8059e2d0ce7562bb591d728d21e4b38bed
E00316,primary,aggTrades,agg_trade,futures,2021-03-13,2021-03-13T20:40:00+00:00,2021-03-13T20:45:00+00:00,canonical_5m,2021-03-13T20:42:18.792000+00:00,376473615,61950.00,6195000,0.116,598811792,598811794,3,legacy_local_daily_aggtrades,/Users/yeshevika/Documents/Codex/2026-05-30/sfp-vah-val-poc-cvd-one/tick data/2021/03.2021/BTCUSDT-aggTrades-2021-03-13.zip,64a2b28ea38b5e9a7891e65876e8ad8059e2d0ce7562bb591d728d21e4b38bed
E00318,primary,aggTrades,agg_trade,futures,2021-03-26,2021-03-26T00:00:00+00:00,2021-03-26T00:05:00+00:00,canonical_5m,2021-03-26T00:00:15.798000+00:00,401306079,51260.00,5126000,0.115,642186712,642186716,5,legacy_local_daily_aggtrades,/Users/yeshevika/Documents/Codex/2026-05-30/sfp-vah-val-poc-cvd-one/tick data/2021/03.2021/BTCUSDT-aggTrades-2021-03-26.zip,0207be023d48e71cb8118c1e95976c264a17242c7cd3a4a4c7498d32203b98b2
E00321,primary,aggTrades,agg_trade,futures,2021-04-14,2021-04-14T06:10:00+00:00,2021-04-14T06:15:00+00:00,canonical_5m,2021-04-14T06:14:04.033000+00:00,427154952,64986.11,6498611,0.067,687664907,687664907,1,legacy_local_daily_aggtrades,/Users/yeshevika/Documents/Codex/2026-05-30/sfp-vah-val-poc-cvd-one/tick data/2021/04.2021/BTCUSDT-aggTrades-2021-04-14.zip,b59020ff8d9e0e007bc6266d546171565cecc889998218f069a921f48825799c
E00327,primary,aggTrades,agg_trade,futures,2021-04-25,2021-04-25T21:40:00+00:00,2021-04-25T21:45:00+00:00,canonical_5m,2021-04-25T21:42:53.958000+00:00,451352499,46930.43,4693043,1.051,730289901,730289909,9,legacy_local_daily_aggtrades,/Users/yeshevika/Documents/Codex/2026-05-30/sfp-vah-val-poc-cvd-one/tick data/2021/04.2021/BTCUSDT-aggTrades-2021-04-25.zip,dc3f991884f81de29d0762e46b95fbaacfb02ddbc3a46e6ea26a310e679cdd89
E00328,primary,aggTrades,agg_trade,futures,2021-05-10,2021-05-10T04:05:00+00:00,2021-05-10T04:10:00+00:00,canonical_5m,2021-05-10T04:05:58.170000+00:00,473822834,59654.00,5965400,0.526,771968879,771968879,1,legacy_local_daily_aggtrades,/Users/yeshevika/Documents/Codex/2026-05-30/sfp-vah-val-poc-cvd-one/tick data/2021/05.2021/BTCUSDT-aggTrades-2021-05-10.zip,ab3caa06a855fd0ccb0f79fb3013def835e5b8143fa437f7916fedd723017a4f
E00333,primary,aggTrades,agg_trade,futures,2021-05-19,2021-05-19T13:10:00+00:00,2021-05-19T13:15:00+00:00,canonical_5m,2021-05-19T13:10:14.591000+00:00,503963915,28688.00,2868800,0.089,827123208,827123210,3,legacy_local_daily_aggtrades,/Users/yeshevika/Documents/Codex/2026-05-30/sfp-vah-val-poc-cvd-one/tick data/2021/05.2021/BTCUSDT-aggTrades-2021-05-19.zip,f9857256aae14cf78d76959d84408a881a9b6c8e8bfe214c86f12bcc80eb5bbb
E00333,primary,aggTrades,agg_trade,futures,2021-05-19,2021-05-19T13:10:00+00:00,2021-05-19T13:15:00+00:00,canonical_5m,2021-05-19T13:10:14.639000+00:00,503963936,28688.00,2868800,0.329,827123243,827123243,1,legacy_local_daily_aggtrades,/Users/yeshevika/Documents/Codex/2026-05-30/sfp-vah-val-poc-cvd-one/tick data/2021/05.2021/BTCUSDT-aggTrades-2021-05-19.zip,f9857256aae14cf78d76959d84408a881a9b6c8e8bfe214c86f12bcc80eb5bbb
E00333,primary,aggTrades,agg_trade,futures,2021-05-19,2021-05-19T13:10:00+00:00,2021-05-19T13:15:00+00:00,canonical_5m,2021-05-19T13:10:14.650000+00:00,503963938,28688.00,2868800,0.030,827123246,827123246,1,legacy_local_daily_aggtrades,/Users/yeshevika/Documents/Codex/2026-05-30/sfp-vah-val-poc-cvd-one/tick data/2021/05.2021/BTCUSDT-aggTrades-2021-05-19.zip,f9857256aae14cf78d76959d84408a881a9b6c8e8bfe214c86f12bcc80eb5bbb
E00337,primary,aggTrades,agg_trade,futures,2021-05-21,2021-05-21T00:40:00+00:00,2021-05-21T00:45:00+00:00,canonical_5m,2021-05-21T00:43:26.276000+00:00,513658005,42270.42,4227042,16.413,843486079,843486080,2,legacy_local_daily_aggtrades,/Users/yeshevika/Documents/Codex/2026-05-30/sfp-vah-val-poc-cvd-one/tick data/2021/05.2021/BTCUSDT-aggTrades-2021-05-21.zip,9d031a7dff8640bb56cc144a00c459bde58db04b6f375787feeb5b121c807d80
E00339,primary,aggTrades,agg_trade,futures,2021-05-23,2021-05-23T16:40:00+00:00,2021-05-23T16:45:00+00:00,canonical_5m,2021-05-23T16:43:22.667000+00:00,528659544,31096.70,3109670,44.170,869412472,869412497,26,legacy_local_daily_aggtrades,/Users/yeshevika/Documents/Codex/2026-05-30/sfp-vah-val-poc-cvd-one/tick data/2021/05.2021/BTCUSDT-aggTrades-2021-05-23.zip,3c766a1e668d0061d6ec033038188ccf7de8432217cb3b95ddc87a48a7530805
E00339,primary,aggTrades,agg_trade,futures,2021-05-23,2021-05-23T16:40:00+00:00,2021-05-23T16:45:00+00:00,canonical_5m,2021-05-23T16:43:22.736000+00:00,528659546,31096.70,3109670,0.010,869412502,869412502,1,legacy_local_daily_aggtrades,/Users/yeshevika/Documents/Codex/2026-05-30/sfp-vah-val-poc-cvd-one/tick data/2021/05.2021/BTCUSDT-aggTrades-2021-05-23.zip,3c766a1e668d0061d6ec033038188ccf7de8432217cb3b95ddc87a48a7530805
E00339,primary,aggTrades,agg_trade,futures,2021-05-23,2021-05-23T16:40:00+00:00,2021-05-23T16:45:00+00:00,canonical_5m,2021-05-23T16:43:22.762000+00:00,528659548,31096.70,3109670,0.200,869412507,869412507,1,legacy_local_daily_aggtrades,/Users/yeshevika/Documents/Codex/2026-05-30/sfp-vah-val-poc-cvd-one/tick data/2021/05.2021/BTCUSDT-aggTrades-2021-05-23.zip,3c766a1e668d0061d6ec033038188ccf7de8432217cb3b95ddc87a48a7530805
E00339,primary,aggTrades,agg_trade,futures,2021-05-23,2021-05-23T16:40:00+00:00,2021-05-23T16:45:00+00:00,canonical_5m,2021-05-23T16:43:22.783000+00:00,528659555,31096.70,3109670,0.712,869412516,869412517,2,legacy_local_daily_aggtrades,/Users/yeshevika/Documents/Codex/2026-05-30/sfp-vah-val-poc-cvd-one/tick data/2021/05.2021/BTCUSDT-aggTrades-2021-05-23.zip,3c766a1e668d0061d6ec033038188ccf7de8432217cb3b95ddc87a48a7530805
E00339,primary,aggTrades,agg_trade,futures,2021-05-23,2021-05-23T16:40:00+00:00,2021-05-23T16:45:00+00:00,canonical_5m,2021-05-23T16:43:22.800000+00:00,528659558,31096.70,3109670,3.862,869412525,869412533,9,legacy_local_daily_aggtrades,/Users/yeshevika/Documents/Codex/2026-05-30/sfp-vah-val-poc-cvd-one/tick data/2021/05.2021/BTCUSDT-aggTrades-2021-05-23.zip,3c766a1e668d0061d6ec033038188ccf7de8432217cb3b95ddc87a48a7530805
E00339,primary,aggTrades,agg_trade,futures,2021-05-23,2021-05-23T16:40:00+00:00,2021-05-23T16:45:00+00:00,canonical_5m,2021-05-23T16:43:22.816000+00:00,528659560,31096.70,3109670,2.870,869412537,869412538,2,legacy_local_daily_aggtrades,/Users/yeshevika/Documents/Codex/2026-05-30/sfp-vah-val-poc-cvd-one/tick data/2021/05.2021/BTCUSDT-aggTrades-2021-05-23.zip,3c766a1e668d0061d6ec033038188ccf7de8432217cb3b95ddc87a48a7530805
E00339,primary,aggTrades,agg_trade,futures,2021-05-23,2021-05-23T16:40:00+00:00,2021-05-23T16:45:00+00:00,canonical_5m,2021-05-23T16:43:22.821000+00:00,528659562,31096.70,3109670,2.000,869412541,869412541,1,legacy_local_daily_aggtrades,/Users/yeshevika/Documents/Codex/2026-05-30/sfp-vah-val-poc-cvd-one/tick data/2021/05.2021/BTCUSDT-aggTrades-2021-05-23.zip,3c766a1e668d0061d6ec033038188ccf7de8432217cb3b95ddc87a48a7530805
E00339,primary,aggTrades,agg_trade,futures,2021-05-23,2021-05-23T16:40:00+00:00,2021-05-23T16:45:00+00:00,canonical_5m,2021-05-23T16:43:22.862000+00:00,528659564,31096.70,3109670,0.353,869412545,869412545,1,legacy_local_daily_aggtrades,/Users/yeshevika/Documents/Codex/2026-05-30/sfp-vah-val-poc-cvd-one/tick data/2021/05.2021/BTCUSDT-aggTrades-2021-05-23.zip,3c766a1e668d0061d6ec033038188ccf7de8432217cb3b95ddc87a48a7530805
E00339,primary,aggTrades,agg_trade,futures,2021-05-23,2021-05-23T16:40:00+00:00,2021-05-23T16:45:00+00:00,canonical_5m,2021-05-23T16:43:22.885000+00:00,528659566,31096.70,3109670,0.368,869412547,869412549,3,legacy_local_daily_aggtrades,/Users/yeshevika/Documents/Codex/2026-05-30/sfp-vah-val-poc-cvd-one/tick data/2021/05.2021/BTCUSDT-aggTrades-2021-05-23.zip,3c766a1e668d0061d6ec033038188ccf7de8432217cb3b95ddc87a48a7530805
E00339,primary,aggTrades,agg_trade,futures,2021-05-23,2021-05-23T16:40:00+00:00,2021-05-23T16:45:00+00:00,canonical_5m,2021-05-23T16:43:22.901000+00:00,528659568,31096.70,3109670,0.710,869412551,869412554,4,legacy_local_daily_aggtrades,/Users/yeshevika/Documents/Codex/2026-05-30/sfp-vah-val-poc-cvd-one/tick data/2021/05.2021/BTCUSDT-aggTrades-2021-05-23.zip,3c766a1e668d0061d6ec033038188ccf7de8432217cb3b95ddc87a48a7530805
E00339,primary,aggTrades,agg_trade,futures,2021-05-23,2021-05-23T16:40:00+00:00,2021-05-23T16:45:00+00:00,canonical_5m,2021-05-23T16:43:23.078000+00:00,528659622,31096.70,3109670,14.098,869412718,869412741,24,legacy_local_daily_aggtrades,/Users/yeshevika/Documents/Codex/2026-05-30/sfp-vah-val-poc-cvd-one/tick data/2021/05.2021/BTCUSDT-aggTrades-2021-05-23.zip,3c766a1e668d0061d6ec033038188ccf7de8432217cb3b95ddc87a48a7530805
E00340,primary,aggTrades,agg_trade,futures,2021-05-26,2021-05-26T08:00:00+00:00,2021-05-26T08:05:00+00:00,canonical_5m,2021-05-26T08:02:58.051000+00:00,539435435,40900.00,4090000,3.917,888074422,888074463,42,legacy_local_daily_aggtrades,/Users/yeshevika/Documents/Codex/2026-05-30/sfp-vah-val-poc-cvd-one/tick data/2021/05.2021/BTCUSDT-aggTrades-2021-05-26.zip,65635aade26dfb71281cd75a95fe887fef3a07fafb31f1997d2af1c645f96ee5
E00340,primary,aggTrades,agg_trade,futures,2021-05-26,2021-05-26T08:00:00+00:00,2021-05-26T08:05:00+00:00,canonical_5m,2021-05-26T08:02:58.054000+00:00,539435564,40900.00,4090000,0.006,888074733,888074733,1,legacy_local_daily_aggtrades,/Users/yeshevika/Documents/Codex/2026-05-30/sfp-vah-val-poc-cvd-one/tick data/2021/05.2021/BTCUSDT-aggTrades-2021-05-26.zip,65635aade26dfb71281cd75a95fe887fef3a07fafb31f1997d2af1c645f96ee5
E00340,primary,aggTrades,agg_trade,futures,2021-05-26,2021-05-26T08:00:00+00:00,2021-05-26T08:05:00+00:00,canonical_5m,2021-05-26T08:02:58.054000+00:00,539435570,40900.00,4090000,2.748,888074744,888074781,38,legacy_local_daily_aggtrades,/Users/yeshevika/Documents/Codex/2026-05-30/sfp-vah-val-poc-cvd-one/tick data/2021/05.2021/BTCUSDT-aggTrades-2021-05-26.zip,65635aade26dfb71281cd75a95fe887fef3a07fafb31f1997d2af1c645f96ee5
E00340,primary,aggTrades,agg_trade,futures,2021-05-26,2021-05-26T08:00:00+00:00,2021-05-26T08:05:00+00:00,canonical_5m,2021-05-26T08:02:58.056000+00:00,539435574,40900.00,4090000,0.140,888074794,888074798,5,legacy_local_daily_aggtrades,/Users/yeshevika/Documents/Codex/2026-05-30/sfp-vah-val-poc-cvd-one/tick data/2021/05.2021/BTCUSDT-aggTrades-2021-05-26.zip,65635aade26dfb71281cd75a95fe887fef3a07fafb31f1997d2af1c645f96ee5
E00340,primary,aggTrades,agg_trade,futures,2021-05-26,2021-05-26T08:00:00+00:00,2021-05-26T08:05:00+00:00,canonical_5m,2021-05-26T08:02:58.061000+00:00,539435577,40900.00,4090000,0.899,888074801,888074819,19,legacy_local_daily_aggtrades,/Users/yeshevika/Documents/Codex/2026-05-30/sfp-vah-val-poc-cvd-one/tick data/2021/05.2021/BTCUSDT-aggTrades-2021-05-26.zip,65635aade26dfb71281cd75a95fe887fef3a07fafb31f1997d2af1c645f96ee5
E00340,primary,aggTrades,agg_trade,futures,2021-05-26,2021-05-26T08:00:00+00:00,2021-05-26T08:05:00+00:00,canonical_5m,2021-05-26T08:02:58.070000+00:00,539435579,40900.00,4090000,0.150,888074822,888074822,1,legacy_local_daily_aggtrades,/Users/yeshevika/Documents/Codex/2026-05-30/sfp-vah-val-poc-cvd-one/tick data/2021/05.2021/BTCUSDT-aggTrades-2021-05-26.zip,65635aade26dfb71281cd75a95fe887fef3a07fafb31f1997d2af1c645f96ee5
E00340,primary,aggTrades,agg_trade,futures,2021-05-26,2021-05-26T08:00:00+00:00,2021-05-26T08:05:00+00:00,canonical_5m,2021-05-26T08:02:58.074000+00:00,539435581,40900.00,4090000,3.225,888074824,888074885,62,legacy_local_daily_aggtrades,/Users/yeshevika/Documents/Codex/2026-05-30/sfp-vah-val-poc-cvd-one/tick data/2021/05.2021/BTCUSDT-aggTrades-2021-05-26.zip,65635aade26dfb71281cd75a95fe887fef3a07fafb31f1997d2af1c645f96ee5
E00340,primary,aggTrades,agg_trade,futures,2021-05-26,2021-05-26T08:00:00+00:00,2021-05-26T08:05:00+00:00,canonical_5m,2021-05-26T08:02:58.134000+00:00,539435585,40900.00,4090000,1.432,888074889,888074911,23,legacy_local_daily_aggtrades,/Users/yeshevika/Documents/Codex/2026-05-30/sfp-vah-val-poc-cvd-one/tick data/2021/05.2021/BTCUSDT-aggTrades-2021-05-26.zip,65635aade26dfb71281cd75a95fe887fef3a07fafb31f1997d2af1c645f96ee5
E00340,primary,aggTrades,agg_trade,futures,2021-05-26,2021-05-26T08:00:00+00:00,2021-05-26T08:05:00+00:00,canonical_5m,2021-05-26T08:02:58.150000+00:00,539435590,40900.00,4090000,0.701,888074916,888074937,22,legacy_local_daily_aggtrades,/Users/yeshevika/Documents/Codex/2026-05-30/sfp-vah-val-poc-cvd-one/tick data/2021/05.2021/BTCUSDT-aggTrades-2021-05-26.zip,65635aade26dfb71281cd75a95fe887fef3a07fafb31f1997d2af1c645f96ee5
E00340,primary,aggTrades,agg_trade,futures,2021-05-26,2021-05-26T08:00:00+00:00,2021-05-26T08:05:00+00:00,canonical_5m,2021-05-26T08:02:58.161000+00:00,539435592,40900.00,4090000,0.400,888074939,888074942,4,legacy_local_daily_aggtrades,/Users/yeshevika/Documents/Codex/2026-05-30/sfp-vah-val-poc-cvd-one/tick data/2021/05.2021/BTCUSDT-aggTrades-2021-05-26.zip,65635aade26dfb71281cd75a95fe887fef3a07fafb31f1997d2af1c645f96ee5
E00340,primary,aggTrades,agg_trade,futures,2021-05-26,2021-05-26T08:00:00+00:00,2021-05-26T08:05:00+00:00,canonical_5m,2021-05-26T08:02:58.163000+00:00,539435594,40900.00,4090000,0.300,888074944,888074944,1,legacy_local_daily_aggtrades,/Users/yeshevika/Documents/Codex/2026-05-30/sfp-vah-val-poc-cvd-one/tick data/2021/05.2021/BTCUSDT-aggTrades-2021-05-26.zip,65635aade26dfb71281cd75a95fe887fef3a07fafb31f1997d2af1c645f96ee5
E00340,primary,aggTrades,agg_trade,futures,2021-05-26,2021-05-26T08:00:00+00:00,2021-05-26T08:05:00+00:00,canonical_5m,2021-05-26T08:02:58.164000+00:00,539435596,40900.00,4090000,0.611,888074946,888074950,5,legacy_local_daily_aggtrades,/Users/yeshevika/Documents/Codex/2026-05-30/sfp-vah-val-poc-cvd-one/tick data/2021/05.2021/BTCUSDT-aggTrades-2021-05-26.zip,65635aade26dfb71281cd75a95fe887fef3a07fafb31f1997d2af1c645f96ee5
E00344,primary,aggTrades,agg_trade,futures,2021-06-08,2021-06-08T15:20:00+00:00,2021-06-08T15:25:00+00:00,canonical_5m,2021-06-08T15:24:37.770000+00:00,580575935,30969.00,3096900,0.503,962742293,962742293,1,legacy_local_daily_aggtrades,/Users/yeshevika/Documents/Codex/2026-05-30/sfp-vah-val-poc-cvd-one/tick data/2021/06.2021/BTCUSDT-aggTrades-2021-06-08.zip,4c71c6ca0921341e0b8e9f6ec3eb04f232cf715d611a8c015d97bf4f2af6afd5
E00345,primary,aggTrades,agg_trade,futures,2021-06-15,2021-06-15T18:00:00+00:00,2021-06-15T18:05:00+00:00,canonical_5m,2021-06-15T18:01:20.097000+00:00,604743135,41413.00,4141300,0.425,1009232744,1009232744,1,legacy_local_daily_aggtrades,/Users/yeshevika/Documents/Codex/2026-05-30/sfp-vah-val-poc-cvd-one/tick data/2021/06.2021/BTCUSDT-aggTrades-2021-06-15.zip,1bf901e1cc8dd5653f14c124fe9d17ba2a99459a241b1c164a224e2e359c528b
E00345,primary,aggTrades,agg_trade,futures,2021-06-15,2021-06-15T18:00:00+00:00,2021-06-15T18:05:00+00:00,canonical_5m,2021-06-15T18:01:20.097000+00:00,604743159,41413.00,4141300,0.085,1009232795,1009232795,1,legacy_local_daily_aggtrades,/Users/yeshevika/Documents/Codex/2026-05-30/sfp-vah-val-poc-cvd-one/tick data/2021/06.2021/BTCUSDT-aggTrades-2021-06-15.zip,1bf901e1cc8dd5653f14c124fe9d17ba2a99459a241b1c164a224e2e359c528b
E00348,primary,aggTrades,agg_trade,futures,2021-06-22,2021-06-22T13:55:00+00:00,2021-06-22T14:00:00+00:00,canonical_5m,2021-06-22T13:55:28.677000+00:00,630048075,28780.01,2878001,2.663,1060065808,1060065808,1,legacy_local_daily_aggtrades,/Users/yeshevika/Documents/Codex/2026-05-30/sfp-vah-val-poc-cvd-one/tick data/2021/06.2021/BTCUSDT-aggTrades-2021-06-22.zip,bf0c73e786625d03865a85628bd06b773dcf87c16a5c20b4375c4a010f3b9ef3
E00349,primary,aggTrades,agg_trade,futures,2021-06-29,2021-06-29T17:30:00+00:00,2021-06-29T17:35:00+00:00,canonical_5m,2021-06-29T17:33:24.143000+00:00,658559112,36623.00,3662300,5.883,1116222570,1116222591,22,legacy_local_daily_aggtrades,/Users/yeshevika/Documents/Codex/2026-05-30/sfp-vah-val-poc-cvd-one/tick data/2021/06.2021/BTCUSDT-aggTrades-2021-06-29.zip,35f5100e883c6c64ba51b334f9e61ab8b5b70440d9a439138f64107cb58ee36f
E00349,primary,aggTrades,agg_trade,futures,2021-06-29,2021-06-29T17:30:00+00:00,2021-06-29T17:35:00+00:00,canonical_5m,2021-06-29T17:33:24.144000+00:00,658559128,36623.00,3662300,0.013,1116222623,1116222623,1,legacy_local_daily_aggtrades,/Users/yeshevika/Documents/Codex/2026-05-30/sfp-vah-val-poc-cvd-one/tick data/2021/06.2021/BTCUSDT-aggTrades-2021-06-29.zip,35f5100e883c6c64ba51b334f9e61ab8b5b70440d9a439138f64107cb58ee36f
E00351,primary,aggTrades,agg_trade,futures,2021-07-20,2021-07-20T14:15:00+00:00,2021-07-20T14:20:00+00:00,canonical_5m,2021-07-20T14:17:56.085000+00:00,702284419,29242.24,2924224,0.196,1204797225,1204797230,6,legacy_local_daily_aggtrades,/Users/yeshevika/Documents/Codex/2026-05-30/sfp-vah-val-poc-cvd-one/tick data/2021/07.2021/BTCUSDT-aggTrades-2021-07-20.zip,5df48cced338784ffc2b60754dc7453bf2fbb86de5457c63afb31a173985331d
E00352,primary,aggTrades,agg_trade,futures,2021-07-26,2021-07-26T01:00:00+00:00,2021-07-26T01:05:00+00:00,canonical_5m,2021-07-26T01:01:57.802000+00:00,712415447,48168.60,4816860,3.388,1225479525,1225479525,1,legacy_local_daily_aggtrades,/Users/yeshevika/Documents/Codex/2026-05-30/sfp-vah-val-poc-cvd-one/tick data/2021/07.2021/BTCUSDT-aggTrades-2021-07-26.zip,b230eb10f3a963afe479aa17ab165c8df08cd0d00027f051d6667282fe09159d
E00354,primary,aggTrades,agg_trade,futures,2021-07-27,2021-07-27T03:05:00+00:00,2021-07-27T03:10:00+00:00,canonical_5m,2021-07-27T03:07:05.697000+00:00,717360160,36384.31,3638431,7.341,1234608699,1234608704,6,legacy_local_daily_aggtrades,/Users/yeshevika/Documents/Codex/2026-05-30/sfp-vah-val-poc-cvd-one/tick data/2021/07.2021/BTCUSDT-aggTrades-2021-07-27.zip,350ec906ec171bd06e9ed9a986370f5713f0440ba48b0827b1551c32788eadb6
E00354,primary,aggTrades,agg_trade,futures,2021-07-27,2021-07-27T03:05:00+00:00,2021-07-27T03:10:00+00:00,canonical_5m,2021-07-27T03:07:05.697000+00:00,717360163,36384.31,3638431,1.857,1234608708,1234608721,14,legacy_local_daily_aggtrades,/Users/yeshevika/Documents/Codex/2026-05-30/sfp-vah-val-poc-cvd-one/tick data/2021/07.2021/BTCUSDT-aggTrades-2021-07-27.zip,350ec906ec171bd06e9ed9a986370f5713f0440ba48b0827b1551c32788eadb6
E00355,primary,aggTrades,agg_trade,futures,2021-09-07,2021-09-07T03:15:00+00:00,2021-09-07T03:20:00+00:00,canonical_5m,2021-09-07T03:19:16.073000+00:00,803790217,52950.00,5295000,52.852,1411298144,1411298604,461,legacy_local_daily_aggtrades,/Users/yeshevika/Documents/Codex/2026-05-30/sfp-vah-val-poc-cvd-one/tick data/2021/09.2021/BTCUSDT-aggTrades-2021-09-07.zip,687b38f4a93e5e5940800ac8ac7517ad9fcd6ec097bf16cf41d04d7d166f3473
E00355,primary,aggTrades,agg_trade,futures,2021-09-07,2021-09-07T03:15:00+00:00,2021-09-07T03:20:00+00:00,canonical_5m,2021-09-07T03:19:16.081000+00:00,803790246,52950.00,5295000,12.834,1411298835,1411298879,45,legacy_local_daily_aggtrades,/Users/yeshevika/Documents/Codex/2026-05-30/sfp-vah-val-poc-cvd-one/tick data/2021/09.2021/BTCUSDT-aggTrades-2021-09-07.zip,687b38f4a93e5e5940800ac8ac7517ad9fcd6ec097bf16cf41d04d7d166f3473
E00355,primary,aggTrades,agg_trade,futures,2021-09-07,2021-09-07T03:15:00+00:00,2021-09-07T03:20:00+00:00,canonical_5m,2021-09-07T03:19:16.135000+00:00,803790289,52950.00,5295000,12.091,1411298949,1411298958,10,legacy_local_daily_aggtrades,/Users/yeshevika/Documents/Codex/2026-05-30/sfp-vah-val-poc-cvd-one/tick data/2021/09.2021/BTCUSDT-aggTrades-2021-09-07.zip,687b38f4a93e5e5940800ac8ac7517ad9fcd6ec097bf16cf41d04d7d166f3473
E00355,primary,aggTrades,agg_trade,futures,2021-09-07,2021-09-07T03:15:00+00:00,2021-09-07T03:20:00+00:00,canonical_5m,2021-09-07T03:19:16.136000+00:00,803790292,52950.00,5295000,10.807,1411298961,1411298963,3,legacy_local_daily_aggtrades,/Users/yeshevika/Documents/Codex/2026-05-30/sfp-vah-val-poc-cvd-one/tick data/2021/09.2021/BTCUSDT-aggTrades-2021-09-07.zip,687b38f4a93e5e5940800ac8ac7517ad9fcd6ec097bf16cf41d04d7d166f3473
E00355,primary,aggTrades,agg_trade,futures,2021-09-07,2021-09-07T03:15:00+00:00,2021-09-07T03:20:00+00:00,canonical_5m,2021-09-07T03:19:16.137000+00:00,803790294,52950.00,5295000,19.879,1411298965,1411298967,3,legacy_local_daily_aggtrades,/Users/yeshevika/Documents/Codex/2026-05-30/sfp-vah-val-poc-cvd-one/tick data/2021/09.2021/BTCUSDT-aggTrades-2021-09-07.zip,687b38f4a93e5e5940800ac8ac7517ad9fcd6ec097bf16cf41d04d7d166f3473
E00355,primary,aggTrades,agg_trade,futures,2021-09-07,2021-09-07T03:15:00+00:00,2021-09-07T03:20:00+00:00,canonical_5m,2021-09-07T03:19:16.140000+00:00,803790296,52950.00,5295000,0.033,1411298969,1411298971,3,legacy_local_daily_aggtrades,/Users/yeshevika/Documents/Codex/2026-05-30/sfp-vah-val-poc-cvd-one/tick data/2021/09.2021/BTCUSDT-aggTrades-2021-09-07.zip,687b38f4a93e5e5940800ac8ac7517ad9fcd6ec097bf16cf41d04d7d166f3473
E00355,primary,aggTrades,agg_trade,futures,2021-09-07,2021-09-07T03:15:00+00:00,2021-09-07T03:20:00+00:00,canonical_5m,2021-09-07T03:19:16.152000+00:00,803790300,52950.00,5295000,0.065,1411298976,1411298976,1,legacy_local_daily_aggtrades,/Users/yeshevika/Documents/Codex/2026-05-30/sfp-vah-val-poc-cvd-one/tick data/2021/09.2021/BTCUSDT-aggTrades-2021-09-07.zip,687b38f4a93e5e5940800ac8ac7517ad9fcd6ec097bf16cf41d04d7d166f3473
E00355,primary,aggTrades,agg_trade,futures,2021-09-07,2021-09-07T03:15:00+00:00,2021-09-07T03:20:00+00:00,canonical_5m,2021-09-07T03:19:16.160000+00:00,803790309,52950.00,5295000,0.954,1411298997,1411299005,9,legacy_local_daily_aggtrades,/Users/yeshevika/Documents/Codex/2026-05-30/sfp-vah-val-poc-cvd-one/tick data/2021/09.2021/BTCUSDT-aggTrades-2021-09-07.zip,687b38f4a93e5e5940800ac8ac7517ad9fcd6ec097bf16cf41d04d7d166f3473
E00355,primary,aggTrades,agg_trade,futures,2021-09-07,2021-09-07T03:15:00+00:00,2021-09-07T03:20:00+00:00,canonical_5m,2021-09-07T03:19:16.165000+00:00,803790312,52950.00,5295000,1.063,1411299014,1411299022,9,legacy_local_daily_aggtrades,/Users/yeshevika/Documents/Codex/2026-05-30/sfp-vah-val-poc-cvd-one/tick data/2021/09.2021/BTCUSDT-aggTrades-2021-09-07.zip,687b38f4a93e5e5940800ac8ac7517ad9fcd6ec097bf16cf41d04d7d166f3473
E00355,primary,aggTrades,agg_trade,futures,2021-09-07,2021-09-07T03:15:00+00:00,2021-09-07T03:20:00+00:00,canonical_5m,2021-09-07T03:19:16.173000+00:00,803790318,52950.00,5295000,0.336,1411299031,1411299033,3,legacy_local_daily_aggtrades,/Users/yeshevika/Documents/Codex/2026-05-30/sfp-vah-val-poc-cvd-one/tick data/2021/09.2021/BTCUSDT-aggTrades-2021-09-07.zip,687b38f4a93e5e5940800ac8ac7517ad9fcd6ec097bf16cf41d04d7d166f3473
E00355,primary,aggTrades,agg_trade,futures,2021-09-07,2021-09-07T03:15:00+00:00,2021-09-07T03:20:00+00:00,canonical_5m,2021-09-07T03:19:16.175000+00:00,803790320,52950.00,5295000,0.062,1411299035,1411299037,3,legacy_local_daily_aggtrades,/Users/yeshevika/Documents/Codex/2026-05-30/sfp-vah-val-poc-cvd-one/tick data/2021/09.2021/BTCUSDT-aggTrades-2021-09-07.zip,687b38f4a93e5e5940800ac8ac7517ad9fcd6ec097bf16cf41d04d7d166f3473
E00355,primary,aggTrades,agg_trade,futures,2021-09-07,2021-09-07T03:15:00+00:00,2021-09-07T03:20:00+00:00,canonical_5m,2021-09-07T03:19:16.179000+00:00,803790323,52950.00,5295000,0.505,1411299041,1411299045,5,legacy_local_daily_aggtrades,/Users/yeshevika/Documents/Codex/2026-05-30/sfp-vah-val-poc-cvd-one/tick data/2021/09.2021/BTCUSDT-aggTrades-2021-09-07.zip,687b38f4a93e5e5940800ac8ac7517ad9fcd6ec097bf16cf41d04d7d166f3473
E00355,primary,aggTrades,agg_trade,futures,2021-09-07,2021-09-07T03:15:00+00:00,2021-09-07T03:20:00+00:00,canonical_5m,2021-09-07T03:19:16.315000+00:00,803790358,52950.00,5295000,1.732,1411299098,1411299098,1,legacy_local_daily_aggtrades,/Users/yeshevika/Documents/Codex/2026-05-30/sfp-vah-val-poc-cvd-one/tick data/2021/09.2021/BTCUSDT-aggTrades-2021-09-07.zip,687b38f4a93e5e5940800ac8ac7517ad9fcd6ec097bf16cf41d04d7d166f3473
E00355,primary,aggTrades,agg_trade,futures,2021-09-07,2021-09-07T03:15:00+00:00,2021-09-07T03:20:00+00:00,canonical_5m,2021-09-07T03:19:16.336000+00:00,803790364,52950.00,5295000,1.596,1411299105,1411299106,2,legacy_local_daily_aggtrades,/Users/yeshevika/Documents/Codex/2026-05-30/sfp-vah-val-poc-cvd-one/tick data/2021/09.2021/BTCUSDT-aggTrades-2021-09-07.zip,687b38f4a93e5e5940800ac8ac7517ad9fcd6ec097bf16cf41d04d7d166f3473
E00355,primary,aggTrades,agg_trade,futures,2021-09-07,2021-09-07T03:15:00+00:00,2021-09-07T03:20:00+00:00,canonical_5m,2021-09-07T03:19:16.455000+00:00,803790388,52950.00,5295000,1.427,1411299156,1411299156,1,legacy_local_daily_aggtrades,/Users/yeshevika/Documents/Codex/2026-05-30/sfp-vah-val-poc-cvd-one/tick data/2021/09.2021/BTCUSDT-aggTrades-2021-09-07.zip,687b38f4a93e5e5940800ac8ac7517ad9fcd6ec097bf16cf41d04d7d166f3473
E00355,primary,aggTrades,agg_trade,futures,2021-09-07,2021-09-07T03:15:00+00:00,2021-09-07T03:20:00+00:00,canonical_5m,2021-09-07T03:19:16.526000+00:00,803790393,52950.00,5295000,0.231,1411299194,1411299194,1,legacy_local_daily_aggtrades,/Users/yeshevika/Documents/Codex/2026-05-30/sfp-vah-val-poc-cvd-one/tick data/2021/09.2021/BTCUSDT-aggTrades-2021-09-07.zip,687b38f4a93e5e5940800ac8ac7517ad9fcd6ec097bf16cf41d04d7d166f3473
E00355,primary,aggTrades,agg_trade,futures,2021-09-07,2021-09-07T03:15:00+00:00,2021-09-07T03:20:00+00:00,canonical_5m,2021-09-07T03:19:16.529000+00:00,803790395,52950.00,5295000,0.025,1411299196,1411299196,1,legacy_local_daily_aggtrades,/Users/yeshevika/Documents/Codex/2026-05-30/sfp-vah-val-poc-cvd-one/tick data/2021/09.2021/BTCUSDT-aggTrades-2021-09-07.zip,687b38f4a93e5e5940800ac8ac7517ad9fcd6ec097bf16cf41d04d7d166f3473
E00355,primary,aggTrades,agg_trade,futures,2021-09-07,2021-09-07T03:15:00+00:00,2021-09-07T03:20:00+00:00,canonical_5m,2021-09-07T03:19:16.548000+00:00,803790397,52950.00,5295000,0.182,1411299198,1411299200,3,legacy_local_daily_aggtrades,/Users/yeshevika/Documents/Codex/2026-05-30/sfp-vah-val-poc-cvd-one/tick data/2021/09.2021/BTCUSDT-aggTrades-2021-09-07.zip,687b38f4a93e5e5940800ac8ac7517ad9fcd6ec097bf16cf41d04d7d166f3473
E00355,primary,aggTrades,agg_trade,futures,2021-09-07,2021-09-07T03:15:00+00:00,2021-09-07T03:20:00+00:00,canonical_5m,2021-09-07T03:19:16.570000+00:00,803790399,52950.00,5295000,0.014,1411299203,1411299203,1,legacy_local_daily_aggtrades,/Users/yeshevika/Documents/Codex/2026-05-30/sfp-vah-val-poc-cvd-one/tick data/2021/09.2021/BTCUSDT-aggTrades-2021-09-07.zip,687b38f4a93e5e5940800ac8ac7517ad9fcd6ec097bf16cf41d04d7d166f3473
E00355,primary,aggTrades,agg_trade,futures,2021-09-07,2021-09-07T03:15:00+00:00,2021-09-07T03:20:00+00:00,canonical_5m,2021-09-07T03:19:16.603000+00:00,803790402,52950.00,5295000,0.308,1411299214,1411299215,2,legacy_local_daily_aggtrades,/Users/yeshevika/Documents/Codex/2026-05-30/sfp-vah-val-poc-cvd-one/tick data/2021/09.2021/BTCUSDT-aggTrades-2021-09-07.zip,687b38f4a93e5e5940800ac8ac7517ad9fcd6ec097bf16cf41d04d7d166f3473
E00355,primary,aggTrades,agg_trade,futures,2021-09-07,2021-09-07T03:15:00+00:00,2021-09-07T03:20:00+00:00,canonical_5m,2021-09-07T03:19:16.648000+00:00,803790404,52950.00,5295000,0.002,1411299217,1411299217,1,legacy_local_daily_aggtrades,/Users/yeshevika/Documents/Codex/2026-05-30/sfp-vah-val-poc-cvd-one/tick data/2021/09.2021/BTCUSDT-aggTrades-2021-09-07.zip,687b38f4a93e5e5940800ac8ac7517ad9fcd6ec097bf16cf41d04d7d166f3473
E00355,primary,aggTrades,agg_trade,futures,2021-09-07,2021-09-07T03:15:00+00:00,2021-09-07T03:20:00+00:00,canonical_5m,2021-09-07T03:19:16.660000+00:00,803790406,52950.00,5295000,0.245,1411299221,1411299221,1,legacy_local_daily_aggtrades,/Users/yeshevika/Documents/Codex/2026-05-30/sfp-vah-val-poc-cvd-one/tick data/2021/09.2021/BTCUSDT-aggTrades-2021-09-07.zip,687b38f4a93e5e5940800ac8ac7517ad9fcd6ec097bf16cf41d04d7d166f3473
E00355,primary,aggTrades,agg_trade,futures,2021-09-07,2021-09-07T03:15:00+00:00,2021-09-07T03:20:00+00:00,canonical_5m,2021-09-07T03:19:18.051000+00:00,803790656,52950.00,5295000,9.755,1411299733,1411299808,76,legacy_local_daily_aggtrades,/Users/yeshevika/Documents/Codex/2026-05-30/sfp-vah-val-poc-cvd-one/tick data/2021/09.2021/BTCUSDT-aggTrades-2021-09-07.zip,687b38f4a93e5e5940800ac8ac7517ad9fcd6ec097bf16cf41d04d7d166f3473
E00361,primary,aggTrades,agg_trade,futures,2021-09-21,2021-09-21T21:20:00+00:00,2021-09-21T21:25:00+00:00,canonical_5m,2021-09-21T21:20:09.473000+00:00,829797401,39503.58,3950358,1.262,1462101657,1462101661,5,legacy_local_daily_aggtrades,/Users/yeshevika/Documents/Codex/2026-05-30/sfp-vah-val-poc-cvd-one/tick data/2021/09.2021/BTCUSDT-aggTrades-2021-09-21.zip,1548e4bc828d0d9be54d5b408de9a2540fa79bc40520fd89e4919dd43b0807ba
E00366,primary,aggTrades,agg_trade,futures,2021-11-10,2021-11-10T14:15:00+00:00,2021-11-10T14:20:00+00:00,canonical_5m,2021-11-10T14:16:51.060000+00:00,911910947,69198.70,6919870,10.044,1618468082,1618468087,6,legacy_local_daily_aggtrades,/Users/yeshevika/Documents/Codex/2026-05-30/sfp-vah-val-poc-cvd-one/tick data/2021/11.2021/BTCUSDT-aggTrades-2021-11-10.zip,f6c4178113439c67826529e8cc2c496dea7f4f091dbd92bbc4f2abcb9dc8f583
E00366,primary,aggTrades,agg_trade,futures,2021-11-10,2021-11-10T14:15:00+00:00,2021-11-10T14:20:00+00:00,canonical_5m,2021-11-10T14:16:51.090000+00:00,911910966,69198.70,6919870,0.043,1618468111,1618468111,1,legacy_local_daily_aggtrades,/Users/yeshevika/Documents/Codex/2026-05-30/sfp-vah-val-poc-cvd-one/tick data/2021/11.2021/BTCUSDT-aggTrades-2021-11-10.zip,f6c4178113439c67826529e8cc2c496dea7f4f091dbd92bbc4f2abcb9dc8f583
E00382,primary,aggTrades,agg_trade,futures,2022-01-24,2022-01-24T13:00:00+00:00,2022-01-24T13:05:00+00:00,canonical_5m,2022-01-24T13:00:25.909000+00:00,1039727321,32853.83,3285383,0.227,1851315624,1851315624,1,legacy_local_daily_aggtrades,/Users/yeshevika/Documents/Codex/2026-05-30/sfp-vah-val-poc-cvd-one/tick data/2022/01.2022/BTCUSDT-aggTrades-2022-01-24.zip,7817713f34ac0f28e25f09160bac877982deb01c0c9e599917e7b64d54cef217
E00382,primary,aggTrades,agg_trade,futures,2022-01-24,2022-01-24T13:00:00+00:00,2022-01-24T13:05:00+00:00,canonical_5m,2022-01-24T13:00:25.909000+00:00,1039727326,32853.83,3285383,0.001,1851315630,1851315630,1,legacy_local_daily_aggtrades,/Users/yeshevika/Documents/Codex/2026-05-30/sfp-vah-val-poc-cvd-one/tick data/2022/01.2022/BTCUSDT-aggTrades-2022-01-24.zip,7817713f34ac0f28e25f09160bac877982deb01c0c9e599917e7b64d54cef217
E00382,primary,aggTrades,agg_trade,futures,2022-01-24,2022-01-24T13:00:00+00:00,2022-01-24T13:05:00+00:00,canonical_5m,2022-01-24T13:00:25.914000+00:00,1039727329,32853.83,3285383,0.006,1851315633,1851315633,1,legacy_local_daily_aggtrades,/Users/yeshevika/Documents/Codex/2026-05-30/sfp-vah-val-poc-cvd-one/tick data/2022/01.2022/BTCUSDT-aggTrades-2022-01-24.zip,7817713f34ac0f28e25f09160bac877982deb01c0c9e599917e7b64d54cef217
E00382,primary,aggTrades,agg_trade,futures,2022-01-24,2022-01-24T13:00:00+00:00,2022-01-24T13:05:00+00:00,canonical_5m,2022-01-24T13:00:25.916000+00:00,1039727331,32853.83,3285383,0.066,1851315635,1851315636,2,legacy_local_daily_aggtrades,/Users/yeshevika/Documents/Codex/2026-05-30/sfp-vah-val-poc-cvd-one/tick data/2022/01.2022/BTCUSDT-aggTrades-2022-01-24.zip,7817713f34ac0f28e25f09160bac877982deb01c0c9e599917e7b64d54cef217
E00382,primary,aggTrades,agg_trade,futures,2022-01-24,2022-01-24T13:00:00+00:00,2022-01-24T13:05:00+00:00,canonical_5m,2022-01-24T13:00:25.922000+00:00,1039727335,32853.83,3285383,0.092,1851315641,1851315642,2,legacy_local_daily_aggtrades,/Users/yeshevika/Documents/Codex/2026-05-30/sfp-vah-val-poc-cvd-one/tick data/2022/01.2022/BTCUSDT-aggTrades-2022-01-24.zip,7817713f34ac0f28e25f09160bac877982deb01c0c9e599917e7b64d54cef217
E00383,primary,aggTrades,agg_trade,futures,2022-02-10,2022-02-10T17:15:00+00:00,2022-02-10T17:20:00+00:00,canonical_5m,2022-02-10T17:17:48.446000+00:00,1074871206,45847.50,4584750,3.049,1916851290,1916851292,3,legacy_local_daily_aggtrades,/Users/yeshevika/Documents/Codex/2026-05-30/sfp-vah-val-poc-cvd-one/tick data/2022/02.2022/BTCUSDT-aggTrades-2022-02-10.zip,0b1d96dc665db641d1efe362ff85eabbef144e065a6d2bebf86bec5488bda2dd
E00383,primary,aggTrades,agg_trade,futures,2022-02-10,2022-02-10T17:15:00+00:00,2022-02-10T17:20:00+00:00,canonical_5m,2022-02-10T17:17:48.451000+00:00,1074871208,45847.50,4584750,0.009,1916851294,1916851295,2,legacy_local_daily_aggtrades,/Users/yeshevika/Documents/Codex/2026-05-30/sfp-vah-val-poc-cvd-one/tick data/2022/02.2022/BTCUSDT-aggTrades-2022-02-10.zip,0b1d96dc665db641d1efe362ff85eabbef144e065a6d2bebf86bec5488bda2dd
E00383,primary,aggTrades,agg_trade,futures,2022-02-10,2022-02-10T17:15:00+00:00,2022-02-10T17:20:00+00:00,canonical_5m,2022-02-10T17:17:49.091000+00:00,1074871496,45847.50,4584750,0.651,1916851811,1916851811,1,legacy_local_daily_aggtrades,/Users/yeshevika/Documents/Codex/2026-05-30/sfp-vah-val-poc-cvd-one/tick data/2022/02.2022/BTCUSDT-aggTrades-2022-02-10.zip,0b1d96dc665db641d1efe362ff85eabbef144e065a6d2bebf86bec5488bda2dd
E00383,primary,aggTrades,agg_trade,futures,2022-02-10,2022-02-10T17:15:00+00:00,2022-02-10T17:20:00+00:00,canonical_5m,2022-02-10T17:17:49.093000+00:00,1074871498,45847.50,4584750,0.386,1916851813,1916851814,2,legacy_local_daily_aggtrades,/Users/yeshevika/Documents/Codex/2026-05-30/sfp-vah-val-poc-cvd-one/tick data/2022/02.2022/BTCUSDT-aggTrades-2022-02-10.zip,0b1d96dc665db641d1efe362ff85eabbef144e065a6d2bebf86bec5488bda2dd
E00387,primary,aggTrades,agg_trade,futures,2022-02-24,2022-02-24T05:35:00+00:00,2022-02-24T05:40:00+00:00,canonical_5m,2022-02-24T05:38:19.377000+00:00,1097662145,34303.70,3430370,0.147,1964115240,1964115242,3,legacy_local_daily_aggtrades,/Users/yeshevika/Documents/Codex/2026-05-30/sfp-vah-val-poc-cvd-one/tick data/2022/02.2022/BTCUSDT-aggTrades-2022-02-24.zip,efb1b857a565dc91bc2a2bdd5d9a576c7d964172ee4d5d2454f1c31a853cd377
E00388,primary,aggTrades,agg_trade,futures,2022-03-02,2022-03-02T15:00:00+00:00,2022-03-02T15:05:00+00:00,canonical_5m,2022-03-02T15:01:01.095000+00:00,1112416877,45350.00,4535000,4.590,1994336328,1994336415,88,legacy_local_daily_aggtrades,/Users/yeshevika/Documents/Codex/2026-05-30/sfp-vah-val-poc-cvd-one/tick data/2022/03.2022/BTCUSDT-aggTrades-2022-03-02.zip,cad7b83cb5f463449cd6a16f46050dca8a5c2186f70e3feff675e95876d5a40c
E00388,primary,aggTrades,agg_trade,futures,2022-03-02,2022-03-02T15:00:00+00:00,2022-03-02T15:05:00+00:00,canonical_5m,2022-03-02T15:01:01.098000+00:00,1112416913,45350.00,4535000,0.004,1994336558,1994336558,1,legacy_local_daily_aggtrades,/Users/yeshevika/Documents/Codex/2026-05-30/sfp-vah-val-poc-cvd-one/tick data/2022/03.2022/BTCUSDT-aggTrades-2022-03-02.zip,cad7b83cb5f463449cd6a16f46050dca8a5c2186f70e3feff675e95876d5a40c
E00388,primary,aggTrades,agg_trade,futures,2022-03-02,2022-03-02T15:00:00+00:00,2022-03-02T15:05:00+00:00,canonical_5m,2022-03-02T15:01:01.098000+00:00,1112416915,45350.00,4535000,1.756,1994336560,1994336568,9,legacy_local_daily_aggtrades,/Users/yeshevika/Documents/Codex/2026-05-30/sfp-vah-val-poc-cvd-one/tick data/2022/03.2022/BTCUSDT-aggTrades-2022-03-02.zip,cad7b83cb5f463449cd6a16f46050dca8a5c2186f70e3feff675e95876d5a40c
E00388,primary,aggTrades,agg_trade,futures,2022-03-02,2022-03-02T15:00:00+00:00,2022-03-02T15:05:00+00:00,canonical_5m,2022-03-02T15:01:01.109000+00:00,1112416918,45350.00,4535000,0.590,1994336572,1994336578,7,legacy_local_daily_aggtrades,/Users/yeshevika/Documents/Codex/2026-05-30/sfp-vah-val-poc-cvd-one/tick data/2022/03.2022/BTCUSDT-aggTrades-2022-03-02.zip,cad7b83cb5f463449cd6a16f46050dca8a5c2186f70e3feff675e95876d5a40c
E00388,primary,aggTrades,agg_trade,futures,2022-03-02,2022-03-02T15:00:00+00:00,2022-03-02T15:05:00+00:00,canonical_5m,2022-03-02T15:01:01.124000+00:00,1112416932,45350.00,4535000,0.822,1994336596,1994336602,7,legacy_local_daily_aggtrades,/Users/yeshevika/Documents/Codex/2026-05-30/sfp-vah-val-poc-cvd-one/tick data/2022/03.2022/BTCUSDT-aggTrades-2022-03-02.zip,cad7b83cb5f463449cd6a16f46050dca8a5c2186f70e3feff675e95876d5a40c
E00388,primary,aggTrades,agg_trade,futures,2022-03-02,2022-03-02T15:00:00+00:00,2022-03-02T15:05:00+00:00,canonical_5m,2022-03-02T15:01:01.138000+00:00,1112416935,45350.00,4535000,0.017,1994336605,1994336606,2,legacy_local_daily_aggtrades,/Users/yeshevika/Documents/Codex/2026-05-30/sfp-vah-val-poc-cvd-one/tick data/2022/03.2022/BTCUSDT-aggTrades-2022-03-02.zip,cad7b83cb5f463449cd6a16f46050dca8a5c2186f70e3feff675e95876d5a40c
E00388,primary,aggTrades,agg_trade,futures,2022-03-02,2022-03-02T15:00:00+00:00,2022-03-02T15:05:00+00:00,canonical_5m,2022-03-02T15:01:01.193000+00:00,1112416954,45350.00,4535000,1.982,1994336667,1994336694,28,legacy_local_daily_aggtrades,/Users/yeshevika/Documents/Codex/2026-05-30/sfp-vah-val-poc-cvd-one/tick data/2022/03.2022/BTCUSDT-aggTrades-2022-03-02.zip,cad7b83cb5f463449cd6a16f46050dca8a5c2186f70e3feff675e95876d5a40c
E00388,primary,aggTrades,agg_trade,futures,2022-03-02,2022-03-02T15:00:00+00:00,2022-03-02T15:05:00+00:00,canonical_5m,2022-03-02T15:01:01.199000+00:00,1112416956,45350.00,4535000,0.199,1994336696,1994336700,5,legacy_local_daily_aggtrades,/Users/yeshevika/Documents/Codex/2026-05-30/sfp-vah-val-poc-cvd-one/tick data/2022/03.2022/BTCUSDT-aggTrades-2022-03-02.zip,cad7b83cb5f463449cd6a16f46050dca8a5c2186f70e3feff675e95876d5a40c
E00391,primary,aggTrades,agg_trade,futures,2022-03-13,2022-03-13T22:50:00+00:00,2022-03-13T22:55:00+00:00,canonical_5m,2022-03-13T22:51:57.405000+00:00,1132950275,37500.00,3750000,18.673,2037247082,2037247442,361,legacy_local_daily_aggtrades,/Users/yeshevika/Documents/Codex/2026-05-30/sfp-vah-val-poc-cvd-one/tick data/2022/03.2022/BTCUSDT-aggTrades-2022-03-13.zip,b5bc660e3e1a3698ea1c7ba8103aa28cc72566ac02224888a2440a00eb4e436a
E00391,primary,aggTrades,agg_trade,futures,2022-03-13,2022-03-13T22:50:00+00:00,2022-03-13T22:55:00+00:00,canonical_5m,2022-03-13T22:51:57.416000+00:00,1132950292,37500.00,3750000,0.004,2037247507,2037247507,1,legacy_local_daily_aggtrades,/Users/yeshevika/Documents/Codex/2026-05-30/sfp-vah-val-poc-cvd-one/tick data/2022/03.2022/BTCUSDT-aggTrades-2022-03-13.zip,b5bc660e3e1a3698ea1c7ba8103aa28cc72566ac02224888a2440a00eb4e436a
E00391,primary,aggTrades,agg_trade,futures,2022-03-13,2022-03-13T22:50:00+00:00,2022-03-13T22:55:00+00:00,canonical_5m,2022-03-13T22:52:23.503000+00:00,1132957193,37500.00,3750000,12.305,2037261606,2037261881,276,legacy_local_daily_aggtrades,/Users/yeshevika/Documents/Codex/2026-05-30/sfp-vah-val-poc-cvd-one/tick data/2022/03.2022/BTCUSDT-aggTrades-2022-03-13.zip,b5bc660e3e1a3698ea1c7ba8103aa28cc72566ac02224888a2440a00eb4e436a
E00391,primary,aggTrades,agg_trade,futures,2022-03-13,2022-03-13T22:50:00+00:00,2022-03-13T22:55:00+00:00,canonical_5m,2022-03-13T22:52:23.508000+00:00,1132957216,37500.00,3750000,0.950,2037262009,2037262033,25,legacy_local_daily_aggtrades,/Users/yeshevika/Documents/Codex/2026-05-30/sfp-vah-val-poc-cvd-one/tick data/2022/03.2022/BTCUSDT-aggTrades-2022-03-13.zip,b5bc660e3e1a3698ea1c7ba8103aa28cc72566ac02224888a2440a00eb4e436a
E00391,primary,aggTrades,agg_trade,futures,2022-03-13,2022-03-13T22:50:00+00:00,2022-03-13T22:55:00+00:00,canonical_5m,2022-03-13T22:52:23.530000+00:00,1132957223,37500.00,3750000,4.204,2037262042,2037262072,31,legacy_local_daily_aggtrades,/Users/yeshevika/Documents/Codex/2026-05-30/sfp-vah-val-poc-cvd-one/tick data/2022/03.2022/BTCUSDT-aggTrades-2022-03-13.zip,b5bc660e3e1a3698ea1c7ba8103aa28cc72566ac02224888a2440a00eb4e436a
E00391,primary,aggTrades,agg_trade,futures,2022-03-13,2022-03-13T22:50:00+00:00,2022-03-13T22:55:00+00:00,canonical_5m,2022-03-13T22:52:23.559000+00:00,1132957227,37500.00,3750000,0.036,2037262076,2037262076,1,legacy_local_daily_aggtrades,/Users/yeshevika/Documents/Codex/2026-05-30/sfp-vah-val-poc-cvd-one/tick data/2022/03.2022/BTCUSDT-aggTrades-2022-03-13.zip,b5bc660e3e1a3698ea1c7ba8103aa28cc72566ac02224888a2440a00eb4e436a
E00391,primary,aggTrades,agg_trade,futures,2022-03-13,2022-03-13T22:50:00+00:00,2022-03-13T22:55:00+00:00,canonical_5m,2022-03-13T22:52:23.563000+00:00,1132957229,37500.00,3750000,0.002,2037262078,2037262078,1,legacy_local_daily_aggtrades,/Users/yeshevika/Documents/Codex/2026-05-30/sfp-vah-val-poc-cvd-one/tick data/2022/03.2022/BTCUSDT-aggTrades-2022-03-13.zip,b5bc660e3e1a3698ea1c7ba8103aa28cc72566ac02224888a2440a00eb4e436a
E00391,primary,aggTrades,agg_trade,futures,2022-03-13,2022-03-13T22:50:00+00:00,2022-03-13T22:55:00+00:00,canonical_5m,2022-03-13T22:52:23.664000+00:00,1132957273,37500.00,3750000,3.208,2037262142,2037262197,56,legacy_local_daily_aggtrades,/Users/yeshevika/Documents/Codex/2026-05-30/sfp-vah-val-poc-cvd-one/tick data/2022/03.2022/BTCUSDT-aggTrades-2022-03-13.zip,b5bc660e3e1a3698ea1c7ba8103aa28cc72566ac02224888a2440a00eb4e436a
E00392,primary,aggTrades,agg_trade,futures,2022-03-28,2022-03-28T18:50:00+00:00,2022-03-28T18:55:00+00:00,canonical_5m,2022-03-28T18:52:51.340000+00:00,1152449404,48200.00,4820000,47.739,2080650070,2080650385,316,legacy_local_daily_aggtrades,/Users/yeshevika/Documents/Codex/2026-05-30/sfp-vah-val-poc-cvd-one/tick data/2022/03.2022/BTCUSDT-aggTrades-2022-03-28.zip,f4171bce4b3f2640cf5b818c5576433821ec1c3f77383380ca11597425776fa7
E00392,primary,aggTrades,agg_trade,futures,2022-03-28,2022-03-28T18:50:00+00:00,2022-03-28T18:55:00+00:00,canonical_5m,2022-03-28T18:52:51.345000+00:00,1152449418,48200.00,4820000,0.001,2080650428,2080650428,1,legacy_local_daily_aggtrades,/Users/yeshevika/Documents/Codex/2026-05-30/sfp-vah-val-poc-cvd-one/tick data/2022/03.2022/BTCUSDT-aggTrades-2022-03-28.zip,f4171bce4b3f2640cf5b818c5576433821ec1c3f77383380ca11597425776fa7
E00392,primary,aggTrades,agg_trade,futures,2022-03-28,2022-03-28T18:50:00+00:00,2022-03-28T18:55:00+00:00,canonical_5m,2022-03-28T18:52:51.348000+00:00,1152449421,48200.00,4820000,0.016,2080650433,2080650433,1,legacy_local_daily_aggtrades,/Users/yeshevika/Documents/Codex/2026-05-30/sfp-vah-val-poc-cvd-one/tick data/2022/03.2022/BTCUSDT-aggTrades-2022-03-28.zip,f4171bce4b3f2640cf5b818c5576433821ec1c3f77383380ca11597425776fa7
E00392,primary,aggTrades,agg_trade,futures,2022-03-28,2022-03-28T18:50:00+00:00,2022-03-28T18:55:00+00:00,canonical_5m,2022-03-28T18:52:51.351000+00:00,1152449425,48200.00,4820000,0.361,2080650437,2080650437,1,legacy_local_daily_aggtrades,/Users/yeshevika/Documents/Codex/2026-05-30/sfp-vah-val-poc-cvd-one/tick data/2022/03.2022/BTCUSDT-aggTrades-2022-03-28.zip,f4171bce4b3f2640cf5b818c5576433821ec1c3f77383380ca11597425776fa7
E00392,primary,aggTrades,agg_trade,futures,2022-03-28,2022-03-28T18:50:00+00:00,2022-03-28T18:55:00+00:00,canonical_5m,2022-03-28T18:52:51.357000+00:00,1152449432,48200.00,4820000,0.677,2080650451,2080650453,3,legacy_local_daily_aggtrades,/Users/yeshevika/Documents/Codex/2026-05-30/sfp-vah-val-poc-cvd-one/tick data/2022/03.2022/BTCUSDT-aggTrades-2022-03-28.zip,f4171bce4b3f2640cf5b818c5576433821ec1c3f77383380ca11597425776fa7
E00407,primary,aggTrades,agg_trade,futures,2022-05-12,2022-05-12T07:15:00+00:00,2022-05-12T07:20:00+00:00,canonical_5m,2022-05-12T07:18:04.450000+00:00,1219194487,26631.00,2663100,0.131,2232195405,2232195406,2,legacy_local_daily_aggtrades,/Users/yeshevika/Documents/Codex/2026-05-30/sfp-vah-val-poc-cvd-one/tick data/2022/05.2022/BTCUSDT-aggTrades-2022-05-12.zip,1cfcdf227720718dc7aefb0ff519e1eb5a9d0789bc290f9b32ef7334dba79f31
E00408,primary,aggTrades,agg_trade,futures,2022-05-31,2022-05-31T16:40:00+00:00,2022-05-31T16:45:00+00:00,canonical_5m,2022-05-31T16:43:30.584000+00:00,1252170484,32427.50,3242750,0.013,2310232109,2310232109,1,legacy_local_daily_aggtrades,/Users/yeshevika/Documents/Codex/2026-05-30/sfp-vah-val-poc-cvd-one/tick data/2022/05.2022/BTCUSDT-aggTrades-2022-05-31.zip,5f060ed480f928b0387361c6b138be31161c06c097cee37133c9f564cd8b31b9
E00408,primary,aggTrades,agg_trade,futures,2022-05-31,2022-05-31T16:40:00+00:00,2022-05-31T16:45:00+00:00,canonical_5m,2022-05-31T16:43:30.584000+00:00,1252170486,32427.50,3242750,0.127,2310232111,2310232112,2,legacy_local_daily_aggtrades,/Users/yeshevika/Documents/Codex/2026-05-30/sfp-vah-val-poc-cvd-one/tick data/2022/05.2022/BTCUSDT-aggTrades-2022-05-31.zip,5f060ed480f928b0387361c6b138be31161c06c097cee37133c9f564cd8b31b9
E00414,primary,aggTrades,agg_trade,futures,2022-06-18,2022-06-18T20:30:00+00:00,2022-06-18T20:35:00+00:00,canonical_5m,2022-06-18T20:34:28.897000+00:00,1297578487,17593.20,1759320,3.767,2412220505,2412220508,4,legacy_local_daily_aggtrades,/Users/yeshevika/Documents/Codex/2026-05-30/sfp-vah-val-poc-cvd-one/tick data/2022/06.2022/BTCUSDT-aggTrades-2022-06-18.zip,3c8d63e9df7ae4dc9848b6dd88927fce722e295e3c0ec9d21902af4493578a97
E00415,primary,aggTrades,agg_trade,futures,2022-08-15,2022-08-15T03:15:00+00:00,2022-08-15T03:20:00+00:00,canonical_5m,2022-08-15T03:16:32.531000+00:00,1409493026,25200.00,2520000,49.371,2705843246,2705843738,493,legacy_local_daily_aggtrades,/Users/yeshevika/Documents/Codex/2026-05-30/sfp-vah-val-poc-cvd-one/tick data/2022/08.2022/BTCUSDT-aggTrades-2022-08-15.zip,d6e2678ee4b1abf88aca0bbc570d1d9b5480fc4cfb8e805b5c5926786622f2e7
E00415,primary,aggTrades,agg_trade,futures,2022-08-15,2022-08-15T03:15:00+00:00,2022-08-15T03:20:00+00:00,canonical_5m,2022-08-15T03:16:32.589000+00:00,1409493082,25200.00,2520000,19.406,2705843862,2705844026,165,legacy_local_daily_aggtrades,/Users/yeshevika/Documents/Codex/2026-05-30/sfp-vah-val-poc-cvd-one/tick data/2022/08.2022/BTCUSDT-aggTrades-2022-08-15.zip,d6e2678ee4b1abf88aca0bbc570d1d9b5480fc4cfb8e805b5c5926786622f2e7
E00415,primary,aggTrades,agg_trade,futures,2022-08-15,2022-08-15T03:15:00+00:00,2022-08-15T03:20:00+00:00,canonical_5m,2022-08-15T03:16:32.605000+00:00,1409493085,25200.00,2520000,0.002,2705844029,2705844029,1,legacy_local_daily_aggtrades,/Users/yeshevika/Documents/Codex/2026-05-30/sfp-vah-val-poc-cvd-one/tick data/2022/08.2022/BTCUSDT-aggTrades-2022-08-15.zip,d6e2678ee4b1abf88aca0bbc570d1d9b5480fc4cfb8e805b5c5926786622f2e7
E00415,primary,aggTrades,agg_trade,futures,2022-08-15,2022-08-15T03:15:00+00:00,2022-08-15T03:20:00+00:00,canonical_5m,2022-08-15T03:16:32.633000+00:00,1409493088,25200.00,2520000,0.001,2705844034,2705844034,1,legacy_local_daily_aggtrades,/Users/yeshevika/Documents/Codex/2026-05-30/sfp-vah-val-poc-cvd-one/tick data/2022/08.2022/BTCUSDT-aggTrades-2022-08-15.zip,d6e2678ee4b1abf88aca0bbc570d1d9b5480fc4cfb8e805b5c5926786622f2e7
E00415,primary,aggTrades,agg_trade,futures,2022-08-15,2022-08-15T03:15:00+00:00,2022-08-15T03:20:00+00:00,canonical_5m,2022-08-15T03:17:21.342000+00:00,1409495684,25200.00,2520000,10.145,2705852739,2705852909,171,legacy_local_daily_aggtrades,/Users/yeshevika/Documents/Codex/2026-05-30/sfp-vah-val-poc-cvd-one/tick data/2022/08.2022/BTCUSDT-aggTrades-2022-08-15.zip,d6e2678ee4b1abf88aca0bbc570d1d9b5480fc4cfb8e805b5c5926786622f2e7
E00415,primary,aggTrades,agg_trade,futures,2022-08-15,2022-08-15T03:15:00+00:00,2022-08-15T03:20:00+00:00,canonical_5m,2022-08-15T03:17:21.405000+00:00,1409495686,25200.00,2520000,0.077,2705852916,2705852917,2,legacy_local_daily_aggtrades,/Users/yeshevika/Documents/Codex/2026-05-30/sfp-vah-val-poc-cvd-one/tick data/2022/08.2022/BTCUSDT-aggTrades-2022-08-15.zip,d6e2678ee4b1abf88aca0bbc570d1d9b5480fc4cfb8e805b5c5926786622f2e7
E00415,primary,aggTrades,agg_trade,futures,2022-08-15,2022-08-15T03:15:00+00:00,2022-08-15T03:20:00+00:00,canonical_5m,2022-08-15T03:17:21.420000+00:00,1409495688,25200.00,2520000,0.021,2705852919,2705852920,2,legacy_local_daily_aggtrades,/Users/yeshevika/Documents/Codex/2026-05-30/sfp-vah-val-poc-cvd-one/tick data/2022/08.2022/BTCUSDT-aggTrades-2022-08-15.zip,d6e2678ee4b1abf88aca0bbc570d1d9b5480fc4cfb8e805b5c5926786622f2e7
E00415,primary,aggTrades,agg_trade,futures,2022-08-15,2022-08-15T03:15:00+00:00,2022-08-15T03:20:00+00:00,canonical_5m,2022-08-15T03:17:21.506000+00:00,1409495690,25200.00,2520000,0.160,2705852926,2705852926,1,legacy_local_daily_aggtrades,/Users/yeshevika/Documents/Codex/2026-05-30/sfp-vah-val-poc-cvd-one/tick data/2022/08.2022/BTCUSDT-aggTrades-2022-08-15.zip,d6e2678ee4b1abf88aca0bbc570d1d9b5480fc4cfb8e805b5c5926786622f2e7
E00415,primary,aggTrades,agg_trade,futures,2022-08-15,2022-08-15T03:15:00+00:00,2022-08-15T03:20:00+00:00,canonical_5m,2022-08-15T03:17:21.545000+00:00,1409495692,25200.00,2520000,0.992,2705852928,2705852928,1,legacy_local_daily_aggtrades,/Users/yeshevika/Documents/Codex/2026-05-30/sfp-vah-val-poc-cvd-one/tick data/2022/08.2022/BTCUSDT-aggTrades-2022-08-15.zip,d6e2678ee4b1abf88aca0bbc570d1d9b5480fc4cfb8e805b5c5926786622f2e7
E00415,primary,aggTrades,agg_trade,futures,2022-08-15,2022-08-15T03:15:00+00:00,2022-08-15T03:20:00+00:00,canonical_5m,2022-08-15T03:17:21.561000+00:00,1409495694,25200.00,2520000,0.003,2705852930,2705852930,1,legacy_local_daily_aggtrades,/Users/yeshevika/Documents/Codex/2026-05-30/sfp-vah-val-poc-cvd-one/tick data/2022/08.2022/BTCUSDT-aggTrades-2022-08-15.zip,d6e2678ee4b1abf88aca0bbc570d1d9b5480fc4cfb8e805b5c5926786622f2e7
E00415,primary,aggTrades,agg_trade,futures,2022-08-15,2022-08-15T03:15:00+00:00,2022-08-15T03:20:00+00:00,canonical_5m,2022-08-15T03:17:30.934000+00:00,1409496106,25200.00,2520000,0.368,2705854209,2705854209,1,legacy_local_daily_aggtrades,/Users/yeshevika/Documents/Codex/2026-05-30/sfp-vah-val-poc-cvd-one/tick data/2022/08.2022/BTCUSDT-aggTrades-2022-08-15.zip,d6e2678ee4b1abf88aca0bbc570d1d9b5480fc4cfb8e805b5c5926786622f2e7
E00415,primary,aggTrades,agg_trade,futures,2022-08-15,2022-08-15T03:15:00+00:00,2022-08-15T03:20:00+00:00,canonical_5m,2022-08-15T03:17:30.935000+00:00,1409496108,25200.00,2520000,12.948,2705854211,2705854260,50,legacy_local_daily_aggtrades,/Users/yeshevika/Documents/Codex/2026-05-30/sfp-vah-val-poc-cvd-one/tick data/2022/08.2022/BTCUSDT-aggTrades-2022-08-15.zip,d6e2678ee4b1abf88aca0bbc570d1d9b5480fc4cfb8e805b5c5926786622f2e7
E00415,primary,aggTrades,agg_trade,futures,2022-08-15,2022-08-15T03:15:00+00:00,2022-08-15T03:20:00+00:00,canonical_5m,2022-08-15T03:17:30.938000+00:00,1409496110,25200.00,2520000,33.326,2705854262,2705854436,175,legacy_local_daily_aggtrades,/Users/yeshevika/Documents/Codex/2026-05-30/sfp-vah-val-poc-cvd-one/tick data/2022/08.2022/BTCUSDT-aggTrades-2022-08-15.zip,d6e2678ee4b1abf88aca0bbc570d1d9b5480fc4cfb8e805b5c5926786622f2e7
E00415,primary,aggTrades,agg_trade,futures,2022-08-15,2022-08-15T03:15:00+00:00,2022-08-15T03:20:00+00:00,canonical_5m,2022-08-15T03:17:31.039000+00:00,1409496112,25200.00,2520000,119.413,2705854438,2705854548,111,legacy_local_daily_aggtrades,/Users/yeshevika/Documents/Codex/2026-05-30/sfp-vah-val-poc-cvd-one/tick data/2022/08.2022/BTCUSDT-aggTrades-2022-08-15.zip,d6e2678ee4b1abf88aca0bbc570d1d9b5480fc4cfb8e805b5c5926786622f2e7
E00415,primary,aggTrades,agg_trade,futures,2022-08-15,2022-08-15T03:15:00+00:00,2022-08-15T03:20:00+00:00,canonical_5m,2022-08-15T03:17:31.112000+00:00,1409496114,25200.00,2520000,75.564,2705854562,2705854917,356,legacy_local_daily_aggtrades,/Users/yeshevika/Documents/Codex/2026-05-30/sfp-vah-val-poc-cvd-one/tick data/2022/08.2022/BTCUSDT-aggTrades-2022-08-15.zip,d6e2678ee4b1abf88aca0bbc570d1d9b5480fc4cfb8e805b5c5926786622f2e7
E00415,primary,aggTrades,agg_trade,futures,2022-08-15,2022-08-15T03:15:00+00:00,2022-08-15T03:20:00+00:00,canonical_5m,2022-08-15T03:17:31.171000+00:00,1409496116,25200.00,2520000,2.405,2705854919,2705854926,8,legacy_local_daily_aggtrades,/Users/yeshevika/Documents/Codex/2026-05-30/sfp-vah-val-poc-cvd-one/tick data/2022/08.2022/BTCUSDT-aggTrades-2022-08-15.zip,d6e2678ee4b1abf88aca0bbc570d1d9b5480fc4cfb8e805b5c5926786622f2e7
E00415,primary,aggTrades,agg_trade,futures,2022-08-15,2022-08-15T03:15:00+00:00,2022-08-15T03:20:00+00:00,canonical_5m,2022-08-15T03:17:31.209000+00:00,1409496118,25200.00,2520000,16.447,2705854928,2705854946,19,legacy_local_daily_aggtrades,/Users/yeshevika/Documents/Codex/2026-05-30/sfp-vah-val-poc-cvd-one/tick data/2022/08.2022/BTCUSDT-aggTrades-2022-08-15.zip,d6e2678ee4b1abf88aca0bbc570d1d9b5480fc4cfb8e805b5c5926786622f2e7
E00415,primary,aggTrades,agg_trade,futures,2022-08-15,2022-08-15T03:15:00+00:00,2022-08-15T03:20:00+00:00,canonical_5m,2022-08-15T03:17:31.270000+00:00,1409496120,25200.00,2520000,0.004,2705854950,2705854950,1,legacy_local_daily_aggtrades,/Users/yeshevika/Documents/Codex/2026-05-30/sfp-vah-val-poc-cvd-one/tick data/2022/08.2022/BTCUSDT-aggTrades-2022-08-15.zip,d6e2678ee4b1abf88aca0bbc570d1d9b5480fc4cfb8e805b5c5926786622f2e7
E00415,primary,aggTrades,agg_trade,futures,2022-08-15,2022-08-15T03:15:00+00:00,2022-08-15T03:20:00+00:00,canonical_5m,2022-08-15T03:17:31.271000+00:00,1409496122,25200.00,2520000,0.787,2705854952,2705854953,2,legacy_local_daily_aggtrades,/Users/yeshevika/Documents/Codex/2026-05-30/sfp-vah-val-poc-cvd-one/tick data/2022/08.2022/BTCUSDT-aggTrades-2022-08-15.zip,d6e2678ee4b1abf88aca0bbc570d1d9b5480fc4cfb8e805b5c5926786622f2e7
E00415,primary,aggTrades,agg_trade,futures,2022-08-15,2022-08-15T03:15:00+00:00,2022-08-15T03:20:00+00:00,canonical_5m,2022-08-15T03:17:31.278000+00:00,1409496124,25200.00,2520000,25.588,2705854955,2705854961,7,legacy_local_daily_aggtrades,/Users/yeshevika/Documents/Codex/2026-05-30/sfp-vah-val-poc-cvd-one/tick data/2022/08.2022/BTCUSDT-aggTrades-2022-08-15.zip,d6e2678ee4b1abf88aca0bbc570d1d9b5480fc4cfb8e805b5c5926786622f2e7
E00415,primary,aggTrades,agg_trade,futures,2022-08-15,2022-08-15T03:15:00+00:00,2022-08-15T03:20:00+00:00,canonical_5m,2022-08-15T03:17:31.352000+00:00,1409496126,25200.00,2520000,2.070,2705854964,2705854965,2,legacy_local_daily_aggtrades,/Users/yeshevika/Documents/Codex/2026-05-30/sfp-vah-val-poc-cvd-one/tick data/2022/08.2022/BTCUSDT-aggTrades-2022-08-15.zip,d6e2678ee4b1abf88aca0bbc570d1d9b5480fc4cfb8e805b5c5926786622f2e7
E00415,primary,aggTrades,agg_trade,futures,2022-08-15,2022-08-15T03:15:00+00:00,2022-08-15T03:20:00+00:00,canonical_5m,2022-08-15T03:17:31.400000+00:00,1409496128,25200.00,2520000,0.607,2705854968,2705854970,3,legacy_local_daily_aggtrades,/Users/yeshevika/Documents/Codex/2026-05-30/sfp-vah-val-poc-cvd-one/tick data/2022/08.2022/BTCUSDT-aggTrades-2022-08-15.zip,d6e2678ee4b1abf88aca0bbc570d1d9b5480fc4cfb8e805b5c5926786622f2e7
E00415,primary,aggTrades,agg_trade,futures,2022-08-15,2022-08-15T03:15:00+00:00,2022-08-15T03:20:00+00:00,canonical_5m,2022-08-15T03:17:31.434000+00:00,1409496130,25200.00,2520000,0.389,2705854972,2705854974,3,legacy_local_daily_aggtrades,/Users/yeshevika/Documents/Codex/2026-05-30/sfp-vah-val-poc-cvd-one/tick data/2022/08.2022/BTCUSDT-aggTrades-2022-08-15.zip,d6e2678ee4b1abf88aca0bbc570d1d9b5480fc4cfb8e805b5c5926786622f2e7
E00415,primary,aggTrades,agg_trade,futures,2022-08-15,2022-08-15T03:15:00+00:00,2022-08-15T03:20:00+00:00,canonical_5m,2022-08-15T03:17:31.461000+00:00,1409496132,25200.00,2520000,0.097,2705854976,2705854978,3,legacy_local_daily_aggtrades,/Users/yeshevika/Documents/Codex/2026-05-30/sfp-vah-val-poc-cvd-one/tick data/2022/08.2022/BTCUSDT-aggTrades-2022-08-15.zip,d6e2678ee4b1abf88aca0bbc570d1d9b5480fc4cfb8e805b5c5926786622f2e7
E00415,primary,aggTrades,agg_trade,futures,2022-08-15,2022-08-15T03:15:00+00:00,2022-08-15T03:20:00+00:00,canonical_5m,2022-08-15T03:17:31.509000+00:00,1409496134,25200.00,2520000,0.104,2705854980,2705854980,1,legacy_local_daily_aggtrades,/Users/yeshevika/Documents/Codex/2026-05-30/sfp-vah-val-poc-cvd-one/tick data/2022/08.2022/BTCUSDT-aggTrades-2022-08-15.zip,d6e2678ee4b1abf88aca0bbc570d1d9b5480fc4cfb8e805b5c5926786622f2e7
E00415,primary,aggTrades,agg_trade,futures,2022-08-15,2022-08-15T03:15:00+00:00,2022-08-15T03:20:00+00:00,canonical_5m,2022-08-15T03:17:31.529000+00:00,1409496136,25200.00,2520000,0.011,2705854982,2705854982,1,legacy_local_daily_aggtrades,/Users/yeshevika/Documents/Codex/2026-05-30/sfp-vah-val-poc-cvd-one/tick data/2022/08.2022/BTCUSDT-aggTrades-2022-08-15.zip,d6e2678ee4b1abf88aca0bbc570d1d9b5480fc4cfb8e805b5c5926786622f2e7
E00415,primary,aggTrades,agg_trade,futures,2022-08-15,2022-08-15T03:15:00+00:00,2022-08-15T03:20:00+00:00,canonical_5m,2022-08-15T03:17:31.559000+00:00,1409496138,25200.00,2520000,0.040,2705854985,2705854986,2,legacy_local_daily_aggtrades,/Users/yeshevika/Documents/Codex/2026-05-30/sfp-vah-val-poc-cvd-one/tick data/2022/08.2022/BTCUSDT-aggTrades-2022-08-15.zip,d6e2678ee4b1abf88aca0bbc570d1d9b5480fc4cfb8e805b5c5926786622f2e7
E00415,primary,aggTrades,agg_trade,futures,2022-08-15,2022-08-15T03:15:00+00:00,2022-08-15T03:20:00+00:00,canonical_5m,2022-08-15T03:17:31.589000+00:00,1409496140,25200.00,2520000,0.050,2705854990,2705854990,1,legacy_local_daily_aggtrades,/Users/yeshevika/Documents/Codex/2026-05-30/sfp-vah-val-poc-cvd-one/tick data/2022/08.2022/BTCUSDT-aggTrades-2022-08-15.zip,d6e2678ee4b1abf88aca0bbc570d1d9b5480fc4cfb8e805b5c5926786622f2e7
E00415,primary,aggTrades,agg_trade,futures,2022-08-15,2022-08-15T03:15:00+00:00,2022-08-15T03:20:00+00:00,canonical_5m,2022-08-15T03:17:31.603000+00:00,1409496142,25200.00,2520000,0.004,2705854993,2705854993,1,legacy_local_daily_aggtrades,/Users/yeshevika/Documents/Codex/2026-05-30/sfp-vah-val-poc-cvd-one/tick data/2022/08.2022/BTCUSDT-aggTrades-2022-08-15.zip,d6e2678ee4b1abf88aca0bbc570d1d9b5480fc4cfb8e805b5c5926786622f2e7
E00415,primary,aggTrades,agg_trade,futures,2022-08-15,2022-08-15T03:15:00+00:00,2022-08-15T03:20:00+00:00,canonical_5m,2022-08-15T03:17:31.608000+00:00,1409496144,25200.00,2520000,6.820,2705854997,2705854999,3,legacy_local_daily_aggtrades,/Users/yeshevika/Documents/Codex/2026-05-30/sfp-vah-val-poc-cvd-one/tick data/2022/08.2022/BTCUSDT-aggTrades-2022-08-15.zip,d6e2678ee4b1abf88aca0bbc570d1d9b5480fc4cfb8e805b5c5926786622f2e7
E00415,primary,aggTrades,agg_trade,futures,2022-08-15,2022-08-15T03:15:00+00:00,2022-08-15T03:20:00+00:00,canonical_5m,2022-08-15T03:17:31.643000+00:00,1409496146,25200.00,2520000,3.574,2705855002,2705855003,2,legacy_local_daily_aggtrades,/Users/yeshevika/Documents/Codex/2026-05-30/sfp-vah-val-poc-cvd-one/tick data/2022/08.2022/BTCUSDT-aggTrades-2022-08-15.zip,d6e2678ee4b1abf88aca0bbc570d1d9b5480fc4cfb8e805b5c5926786622f2e7
E00415,primary,aggTrades,agg_trade,futures,2022-08-15,2022-08-15T03:15:00+00:00,2022-08-15T03:20:00+00:00,canonical_5m,2022-08-15T03:17:31.677000+00:00,1409496148,25200.00,2520000,5.941,2705855005,2705855009,5,legacy_local_daily_aggtrades,/Users/yeshevika/Documents/Codex/2026-05-30/sfp-vah-val-poc-cvd-one/tick data/2022/08.2022/BTCUSDT-aggTrades-2022-08-15.zip,d6e2678ee4b1abf88aca0bbc570d1d9b5480fc4cfb8e805b5c5926786622f2e7
E00415,primary,aggTrades,agg_trade,futures,2022-08-15,2022-08-15T03:15:00+00:00,2022-08-15T03:20:00+00:00,canonical_5m,2022-08-15T03:17:31.742000+00:00,1409496150,25200.00,2520000,4.347,2705855011,2705855012,2,legacy_local_daily_aggtrades,/Users/yeshevika/Documents/Codex/2026-05-30/sfp-vah-val-poc-cvd-one/tick data/2022/08.2022/BTCUSDT-aggTrades-2022-08-15.zip,d6e2678ee4b1abf88aca0bbc570d1d9b5480fc4cfb8e805b5c5926786622f2e7
E00415,primary,aggTrades,agg_trade,futures,2022-08-15,2022-08-15T03:15:00+00:00,2022-08-15T03:20:00+00:00,canonical_5m,2022-08-15T03:17:31.810000+00:00,1409496152,25200.00,2520000,4.434,2705855014,2705855019,6,legacy_local_daily_aggtrades,/Users/yeshevika/Documents/Codex/2026-05-30/sfp-vah-val-poc-cvd-one/tick data/2022/08.2022/BTCUSDT-aggTrades-2022-08-15.zip,d6e2678ee4b1abf88aca0bbc570d1d9b5480fc4cfb8e805b5c5926786622f2e7
E00415,primary,aggTrades,agg_trade,futures,2022-08-15,2022-08-15T03:15:00+00:00,2022-08-15T03:20:00+00:00,canonical_5m,2022-08-15T03:17:31.935000+00:00,1409496164,25200.00,2520000,2.453,2705855095,2705855095,1,legacy_local_daily_aggtrades,/Users/yeshevika/Documents/Codex/2026-05-30/sfp-vah-val-poc-cvd-one/tick data/2022/08.2022/BTCUSDT-aggTrades-2022-08-15.zip,d6e2678ee4b1abf88aca0bbc570d1d9b5480fc4cfb8e805b5c5926786622f2e7
E00415,primary,aggTrades,agg_trade,futures,2022-08-15,2022-08-15T03:15:00+00:00,2022-08-15T03:20:00+00:00,canonical_5m,2022-08-15T03:17:34.776000+00:00,1409496315,25200.00,2520000,0.323,2705855600,2705855600,1,legacy_local_daily_aggtrades,/Users/yeshevika/Documents/Codex/2026-05-30/sfp-vah-val-poc-cvd-one/tick data/2022/08.2022/BTCUSDT-aggTrades-2022-08-15.zip,d6e2678ee4b1abf88aca0bbc570d1d9b5480fc4cfb8e805b5c5926786622f2e7
E00415,primary,aggTrades,agg_trade,futures,2022-08-15,2022-08-15T03:15:00+00:00,2022-08-15T03:20:00+00:00,canonical_5m,2022-08-15T03:17:35.157000+00:00,1409496324,25200.00,2520000,0.001,2705855632,2705855632,1,legacy_local_daily_aggtrades,/Users/yeshevika/Documents/Codex/2026-05-30/sfp-vah-val-poc-cvd-one/tick data/2022/08.2022/BTCUSDT-aggTrades-2022-08-15.zip,d6e2678ee4b1abf88aca0bbc570d1d9b5480fc4cfb8e805b5c5926786622f2e7
E00415,primary,aggTrades,agg_trade,futures,2022-08-15,2022-08-15T03:15:00+00:00,2022-08-15T03:20:00+00:00,canonical_5m,2022-08-15T03:17:35.204000+00:00,1409496326,25200.00,2520000,0.596,2705855634,2705855634,1,legacy_local_daily_aggtrades,/Users/yeshevika/Documents/Codex/2026-05-30/sfp-vah-val-poc-cvd-one/tick data/2022/08.2022/BTCUSDT-aggTrades-2022-08-15.zip,d6e2678ee4b1abf88aca0bbc570d1d9b5480fc4cfb8e805b5c5926786622f2e7
E00415,primary,aggTrades,agg_trade,futures,2022-08-15,2022-08-15T03:15:00+00:00,2022-08-15T03:20:00+00:00,canonical_5m,2022-08-15T03:17:35.285000+00:00,1409496328,25200.00,2520000,0.332,2705855641,2705855642,2,legacy_local_daily_aggtrades,/Users/yeshevika/Documents/Codex/2026-05-30/sfp-vah-val-poc-cvd-one/tick data/2022/08.2022/BTCUSDT-aggTrades-2022-08-15.zip,d6e2678ee4b1abf88aca0bbc570d1d9b5480fc4cfb8e805b5c5926786622f2e7
E00415,primary,aggTrades,agg_trade,futures,2022-08-15,2022-08-15T03:15:00+00:00,2022-08-15T03:20:00+00:00,canonical_5m,2022-08-15T03:17:35.406000+00:00,1409496330,25200.00,2520000,0.256,2705855645,2705855646,2,legacy_local_daily_aggtrades,/Users/yeshevika/Documents/Codex/2026-05-30/sfp-vah-val-poc-cvd-one/tick data/2022/08.2022/BTCUSDT-aggTrades-2022-08-15.zip,d6e2678ee4b1abf88aca0bbc570d1d9b5480fc4cfb8e805b5c5926786622f2e7
E00415,primary,aggTrades,agg_trade,futures,2022-08-15,2022-08-15T03:15:00+00:00,2022-08-15T03:20:00+00:00,canonical_5m,2022-08-15T03:17:35.418000+00:00,1409496332,25200.00,2520000,0.024,2705855648,2705855648,1,legacy_local_daily_aggtrades,/Users/yeshevika/Documents/Codex/2026-05-30/sfp-vah-val-poc-cvd-one/tick data/2022/08.2022/BTCUSDT-aggTrades-2022-08-15.zip,d6e2678ee4b1abf88aca0bbc570d1d9b5480fc4cfb8e805b5c5926786622f2e7
E00415,primary,aggTrades,agg_trade,futures,2022-08-15,2022-08-15T03:15:00+00:00,2022-08-15T03:20:00+00:00,canonical_5m,2022-08-15T03:17:35.538000+00:00,1409496335,25200.00,2520000,1.457,2705855655,2705855656,2,legacy_local_daily_aggtrades,/Users/yeshevika/Documents/Codex/2026-05-30/sfp-vah-val-poc-cvd-one/tick data/2022/08.2022/BTCUSDT-aggTrades-2022-08-15.zip,d6e2678ee4b1abf88aca0bbc570d1d9b5480fc4cfb8e805b5c5926786622f2e7
E00415,primary,aggTrades,agg_trade,futures,2022-08-15,2022-08-15T03:15:00+00:00,2022-08-15T03:20:00+00:00,canonical_5m,2022-08-15T03:17:35.633000+00:00,1409496337,25200.00,2520000,0.086,2705855669,2705855669,1,legacy_local_daily_aggtrades,/Users/yeshevika/Documents/Codex/2026-05-30/sfp-vah-val-poc-cvd-one/tick data/2022/08.2022/BTCUSDT-aggTrades-2022-08-15.zip,d6e2678ee4b1abf88aca0bbc570d1d9b5480fc4cfb8e805b5c5926786622f2e7
E00415,primary,aggTrades,agg_trade,futures,2022-08-15,2022-08-15T03:15:00+00:00,2022-08-15T03:20:00+00:00,canonical_5m,2022-08-15T03:17:35.700000+00:00,1409496339,25200.00,2520000,0.892,2705855671,2705855674,4,legacy_local_daily_aggtrades,/Users/yeshevika/Documents/Codex/2026-05-30/sfp-vah-val-poc-cvd-one/tick data/2022/08.2022/BTCUSDT-aggTrades-2022-08-15.zip,d6e2678ee4b1abf88aca0bbc570d1d9b5480fc4cfb8e805b5c5926786622f2e7
E00415,primary,aggTrades,agg_trade,futures,2022-08-15,2022-08-15T03:15:00+00:00,2022-08-15T03:20:00+00:00,canonical_5m,2022-08-15T03:17:35.819000+00:00,1409496340,25200.00,2520000,0.417,2705855675,2705855676,2,legacy_local_daily_aggtrades,/Users/yeshevika/Documents/Codex/2026-05-30/sfp-vah-val-poc-cvd-one/tick data/2022/08.2022/BTCUSDT-aggTrades-2022-08-15.zip,d6e2678ee4b1abf88aca0bbc570d1d9b5480fc4cfb8e805b5c5926786622f2e7
E00415,primary,aggTrades,agg_trade,futures,2022-08-15,2022-08-15T03:15:00+00:00,2022-08-15T03:20:00+00:00,canonical_5m,2022-08-15T03:17:35.847000+00:00,1409496342,25200.00,2520000,0.426,2705855678,2705855679,2,legacy_local_daily_aggtrades,/Users/yeshevika/Documents/Codex/2026-05-30/sfp-vah-val-poc-cvd-one/tick data/2022/08.2022/BTCUSDT-aggTrades-2022-08-15.zip,d6e2678ee4b1abf88aca0bbc570d1d9b5480fc4cfb8e805b5c5926786622f2e7
E00415,primary,aggTrades,agg_trade,futures,2022-08-15,2022-08-15T03:15:00+00:00,2022-08-15T03:20:00+00:00,canonical_5m,2022-08-15T03:17:35.915000+00:00,1409496344,25200.00,2520000,0.344,2705855687,2705855688,2,legacy_local_daily_aggtrades,/Users/yeshevika/Documents/Codex/2026-05-30/sfp-vah-val-poc-cvd-one/tick data/2022/08.2022/BTCUSDT-aggTrades-2022-08-15.zip,d6e2678ee4b1abf88aca0bbc570d1d9b5480fc4cfb8e805b5c5926786622f2e7
E00415,primary,aggTrades,agg_trade,futures,2022-08-15,2022-08-15T03:15:00+00:00,2022-08-15T03:20:00+00:00,canonical_5m,2022-08-15T03:17:35.988000+00:00,1409496346,25200.00,2520000,0.337,2705855695,2705855699,5,legacy_local_daily_aggtrades,/Users/yeshevika/Documents/Codex/2026-05-30/sfp-vah-val-poc-cvd-one/tick data/2022/08.2022/BTCUSDT-aggTrades-2022-08-15.zip,d6e2678ee4b1abf88aca0bbc570d1d9b5480fc4cfb8e805b5c5926786622f2e7
E00415,primary,aggTrades,agg_trade,futures,2022-08-15,2022-08-15T03:15:00+00:00,2022-08-15T03:20:00+00:00,canonical_5m,2022-08-15T03:17:36.082000+00:00,1409496348,25200.00,2520000,0.014,2705855701,2705855701,1,legacy_local_daily_aggtrades,/Users/yeshevika/Documents/Codex/2026-05-30/sfp-vah-val-poc-cvd-one/tick data/2022/08.2022/BTCUSDT-aggTrades-2022-08-15.zip,d6e2678ee4b1abf88aca0bbc570d1d9b5480fc4cfb8e805b5c5926786622f2e7
E00415,primary,aggTrades,agg_trade,futures,2022-08-15,2022-08-15T03:15:00+00:00,2022-08-15T03:20:00+00:00,canonical_5m,2022-08-15T03:17:36.124000+00:00,1409496350,25200.00,2520000,0.022,2705855704,2705855705,2,legacy_local_daily_aggtrades,/Users/yeshevika/Documents/Codex/2026-05-30/sfp-vah-val-poc-cvd-one/tick data/2022/08.2022/BTCUSDT-aggTrades-2022-08-15.zip,d6e2678ee4b1abf88aca0bbc570d1d9b5480fc4cfb8e805b5c5926786622f2e7
E00415,primary,aggTrades,agg_trade,futures,2022-08-15,2022-08-15T03:15:00+00:00,2022-08-15T03:20:00+00:00,canonical_5m,2022-08-15T03:17:36.207000+00:00,1409496352,25200.00,2520000,2.497,2705855717,2705855720,4,legacy_local_daily_aggtrades,/Users/yeshevika/Documents/Codex/2026-05-30/sfp-vah-val-poc-cvd-one/tick data/2022/08.2022/BTCUSDT-aggTrades-2022-08-15.zip,d6e2678ee4b1abf88aca0bbc570d1d9b5480fc4cfb8e805b5c5926786622f2e7
E00415,primary,aggTrades,agg_trade,futures,2022-08-15,2022-08-15T03:15:00+00:00,2022-08-15T03:20:00+00:00,canonical_5m,2022-08-15T03:17:36.292000+00:00,1409496354,25200.00,2520000,0.003,2705855724,2705855724,1,legacy_local_daily_aggtrades,/Users/yeshevika/Documents/Codex/2026-05-30/sfp-vah-val-poc-cvd-one/tick data/2022/08.2022/BTCUSDT-aggTrades-2022-08-15.zip,d6e2678ee4b1abf88aca0bbc570d1d9b5480fc4cfb8e805b5c5926786622f2e7
E00415,primary,aggTrades,agg_trade,futures,2022-08-15,2022-08-15T03:15:00+00:00,2022-08-15T03:20:00+00:00,canonical_5m,2022-08-15T03:17:36.338000+00:00,1409496356,25200.00,2520000,0.011,2705855727,2705855727,1,legacy_local_daily_aggtrades,/Users/yeshevika/Documents/Codex/2026-05-30/sfp-vah-val-poc-cvd-one/tick data/2022/08.2022/BTCUSDT-aggTrades-2022-08-15.zip,d6e2678ee4b1abf88aca0bbc570d1d9b5480fc4cfb8e805b5c5926786622f2e7
E00415,primary,aggTrades,agg_trade,futures,2022-08-15,2022-08-15T03:15:00+00:00,2022-08-15T03:20:00+00:00,canonical_5m,2022-08-15T03:17:36.389000+00:00,1409496358,25200.00,2520000,0.018,2705855732,2705855733,2,legacy_local_daily_aggtrades,/Users/yeshevika/Documents/Codex/2026-05-30/sfp-vah-val-poc-cvd-one/tick data/2022/08.2022/BTCUSDT-aggTrades-2022-08-15.zip,d6e2678ee4b1abf88aca0bbc570d1d9b5480fc4cfb8e805b5c5926786622f2e7
E00415,primary,aggTrades,agg_trade,futures,2022-08-15,2022-08-15T03:15:00+00:00,2022-08-15T03:20:00+00:00,canonical_5m,2022-08-15T03:17:36.482000+00:00,1409496360,25200.00,2520000,0.155,2705855738,2705855739,2,legacy_local_daily_aggtrades,/Users/yeshevika/Documents/Codex/2026-05-30/sfp-vah-val-poc-cvd-one/tick data/2022/08.2022/BTCUSDT-aggTrades-2022-08-15.zip,d6e2678ee4b1abf88aca0bbc570d1d9b5480fc4cfb8e805b5c5926786622f2e7
E00415,primary,aggTrades,agg_trade,futures,2022-08-15,2022-08-15T03:15:00+00:00,2022-08-15T03:20:00+00:00,canonical_5m,2022-08-15T03:17:36.530000+00:00,1409496362,25200.00,2520000,0.141,2705855741,2705855743,3,legacy_local_daily_aggtrades,/Users/yeshevika/Documents/Codex/2026-05-30/sfp-vah-val-poc-cvd-one/tick data/2022/08.2022/BTCUSDT-aggTrades-2022-08-15.zip,d6e2678ee4b1abf88aca0bbc570d1d9b5480fc4cfb8e805b5c5926786622f2e7
E00415,primary,aggTrades,agg_trade,futures,2022-08-15,2022-08-15T03:15:00+00:00,2022-08-15T03:20:00+00:00,canonical_5m,2022-08-15T03:17:36.594000+00:00,1409496364,25200.00,2520000,3.058,2705855745,2705855748,4,legacy_local_daily_aggtrades,/Users/yeshevika/Documents/Codex/2026-05-30/sfp-vah-val-poc-cvd-one/tick data/2022/08.2022/BTCUSDT-aggTrades-2022-08-15.zip,d6e2678ee4b1abf88aca0bbc570d1d9b5480fc4cfb8e805b5c5926786622f2e7
E00415,primary,aggTrades,agg_trade,futures,2022-08-15,2022-08-15T03:15:00+00:00,2022-08-15T03:20:00+00:00,canonical_5m,2022-08-15T03:17:36.629000+00:00,1409496366,25200.00,2520000,0.049,2705855750,2705855753,4,legacy_local_daily_aggtrades,/Users/yeshevika/Documents/Codex/2026-05-30/sfp-vah-val-poc-cvd-one/tick data/2022/08.2022/BTCUSDT-aggTrades-2022-08-15.zip,d6e2678ee4b1abf88aca0bbc570d1d9b5480fc4cfb8e805b5c5926786622f2e7
E00415,primary,aggTrades,agg_trade,futures,2022-08-15,2022-08-15T03:15:00+00:00,2022-08-15T03:20:00+00:00,canonical_5m,2022-08-15T03:17:36.730000+00:00,1409496367,25200.00,2520000,0.108,2705855754,2705855755,2,legacy_local_daily_aggtrades,/Users/yeshevika/Documents/Codex/2026-05-30/sfp-vah-val-poc-cvd-one/tick data/2022/08.2022/BTCUSDT-aggTrades-2022-08-15.zip,d6e2678ee4b1abf88aca0bbc570d1d9b5480fc4cfb8e805b5c5926786622f2e7
E00415,primary,aggTrades,agg_trade,futures,2022-08-15,2022-08-15T03:15:00+00:00,2022-08-15T03:20:00+00:00,canonical_5m,2022-08-15T03:17:36.830000+00:00,1409496369,25200.00,2520000,29.377,2705855757,2705855758,2,legacy_local_daily_aggtrades,/Users/yeshevika/Documents/Codex/2026-05-30/sfp-vah-val-poc-cvd-one/tick data/2022/08.2022/BTCUSDT-aggTrades-2022-08-15.zip,d6e2678ee4b1abf88aca0bbc570d1d9b5480fc4cfb8e805b5c5926786622f2e7
E00415,primary,aggTrades,agg_trade,futures,2022-08-15,2022-08-15T03:15:00+00:00,2022-08-15T03:20:00+00:00,canonical_5m,2022-08-15T03:17:36.896000+00:00,1409496371,25200.00,2520000,2.022,2705855760,2705855763,4,legacy_local_daily_aggtrades,/Users/yeshevika/Documents/Codex/2026-05-30/sfp-vah-val-poc-cvd-one/tick data/2022/08.2022/BTCUSDT-aggTrades-2022-08-15.zip,d6e2678ee4b1abf88aca0bbc570d1d9b5480fc4cfb8e805b5c5926786622f2e7
E00415,primary,aggTrades,agg_trade,futures,2022-08-15,2022-08-15T03:15:00+00:00,2022-08-15T03:20:00+00:00,canonical_5m,2022-08-15T03:17:36.979000+00:00,1409496373,25200.00,2520000,2.022,2705855765,2705855765,1,legacy_local_daily_aggtrades,/Users/yeshevika/Documents/Codex/2026-05-30/sfp-vah-val-poc-cvd-one/tick data/2022/08.2022/BTCUSDT-aggTrades-2022-08-15.zip,d6e2678ee4b1abf88aca0bbc570d1d9b5480fc4cfb8e805b5c5926786622f2e7
E00415,primary,aggTrades,agg_trade,futures,2022-08-15,2022-08-15T03:15:00+00:00,2022-08-15T03:20:00+00:00,canonical_5m,2022-08-15T03:17:37.002000+00:00,1409496375,25200.00,2520000,0.856,2705855767,2705855767,1,legacy_local_daily_aggtrades,/Users/yeshevika/Documents/Codex/2026-05-30/sfp-vah-val-poc-cvd-one/tick data/2022/08.2022/BTCUSDT-aggTrades-2022-08-15.zip,d6e2678ee4b1abf88aca0bbc570d1d9b5480fc4cfb8e805b5c5926786622f2e7
E00415,primary,aggTrades,agg_trade,futures,2022-08-15,2022-08-15T03:15:00+00:00,2022-08-15T03:20:00+00:00,canonical_5m,2022-08-15T03:17:37.041000+00:00,1409496377,25200.00,2520000,0.335,2705855769,2705855771,3,legacy_local_daily_aggtrades,/Users/yeshevika/Documents/Codex/2026-05-30/sfp-vah-val-poc-cvd-one/tick data/2022/08.2022/BTCUSDT-aggTrades-2022-08-15.zip,d6e2678ee4b1abf88aca0bbc570d1d9b5480fc4cfb8e805b5c5926786622f2e7
E00415,primary,aggTrades,agg_trade,futures,2022-08-15,2022-08-15T03:15:00+00:00,2022-08-15T03:20:00+00:00,canonical_5m,2022-08-15T03:17:37.054000+00:00,1409496379,25200.00,2520000,1.694,2705855773,2705855785,13,legacy_local_daily_aggtrades,/Users/yeshevika/Documents/Codex/2026-05-30/sfp-vah-val-poc-cvd-one/tick data/2022/08.2022/BTCUSDT-aggTrades-2022-08-15.zip,d6e2678ee4b1abf88aca0bbc570d1d9b5480fc4cfb8e805b5c5926786622f2e7
E00415,primary,aggTrades,agg_trade,futures,2022-08-15,2022-08-15T03:15:00+00:00,2022-08-15T03:20:00+00:00,canonical_5m,2022-08-15T03:17:37.102000+00:00,1409496381,25200.00,2520000,23.352,2705855821,2705855824,4,legacy_local_daily_aggtrades,/Users/yeshevika/Documents/Codex/2026-05-30/sfp-vah-val-poc-cvd-one/tick data/2022/08.2022/BTCUSDT-aggTrades-2022-08-15.zip,d6e2678ee4b1abf88aca0bbc570d1d9b5480fc4cfb8e805b5c5926786622f2e7
E00415,primary,aggTrades,agg_trade,futures,2022-08-15,2022-08-15T03:15:00+00:00,2022-08-15T03:20:00+00:00,canonical_5m,2022-08-15T03:17:37.116000+00:00,1409496383,25200.00,2520000,0.993,2705855833,2705855836,4,legacy_local_daily_aggtrades,/Users/yeshevika/Documents/Codex/2026-05-30/sfp-vah-val-poc-cvd-one/tick data/2022/08.2022/BTCUSDT-aggTrades-2022-08-15.zip,d6e2678ee4b1abf88aca0bbc570d1d9b5480fc4cfb8e805b5c5926786622f2e7
E00415,primary,aggTrades,agg_trade,futures,2022-08-15,2022-08-15T03:15:00+00:00,2022-08-15T03:20:00+00:00,canonical_5m,2022-08-15T03:17:37.191000+00:00,1409496385,25200.00,2520000,28.995,2705855839,2705855843,5,legacy_local_daily_aggtrades,/Users/yeshevika/Documents/Codex/2026-05-30/sfp-vah-val-poc-cvd-one/tick data/2022/08.2022/BTCUSDT-aggTrades-2022-08-15.zip,d6e2678ee4b1abf88aca0bbc570d1d9b5480fc4cfb8e805b5c5926786622f2e7
E00415,primary,aggTrades,agg_trade,futures,2022-08-15,2022-08-15T03:15:00+00:00,2022-08-15T03:20:00+00:00,canonical_5m,2022-08-15T03:17:37.253000+00:00,1409496387,25200.00,2520000,2.161,2705855845,2705855847,3,legacy_local_daily_aggtrades,/Users/yeshevika/Documents/Codex/2026-05-30/sfp-vah-val-poc-cvd-one/tick data/2022/08.2022/BTCUSDT-aggTrades-2022-08-15.zip,d6e2678ee4b1abf88aca0bbc570d1d9b5480fc4cfb8e805b5c5926786622f2e7
E00415,primary,aggTrades,agg_trade,futures,2022-08-15,2022-08-15T03:15:00+00:00,2022-08-15T03:20:00+00:00,canonical_5m,2022-08-15T03:17:37.314000+00:00,1409496389,25200.00,2520000,0.001,2705855850,2705855850,1,legacy_local_daily_aggtrades,/Users/yeshevika/Documents/Codex/2026-05-30/sfp-vah-val-poc-cvd-one/tick data/2022/08.2022/BTCUSDT-aggTrades-2022-08-15.zip,d6e2678ee4b1abf88aca0bbc570d1d9b5480fc4cfb8e805b5c5926786622f2e7
E00415,primary,aggTrades,agg_trade,futures,2022-08-15,2022-08-15T03:15:00+00:00,2022-08-15T03:20:00+00:00,canonical_5m,2022-08-15T03:17:37.337000+00:00,1409496391,25200.00,2520000,0.041,2705855853,2705855855,3,legacy_local_daily_aggtrades,/Users/yeshevika/Documents/Codex/2026-05-30/sfp-vah-val-poc-cvd-one/tick data/2022/08.2022/BTCUSDT-aggTrades-2022-08-15.zip,d6e2678ee4b1abf88aca0bbc570d1d9b5480fc4cfb8e805b5c5926786622f2e7
E00415,primary,aggTrades,agg_trade,futures,2022-08-15,2022-08-15T03:15:00+00:00,2022-08-15T03:20:00+00:00,canonical_5m,2022-08-15T03:17:37.430000+00:00,1409496393,25200.00,2520000,0.480,2705855857,2705855859,3,legacy_local_daily_aggtrades,/Users/yeshevika/Documents/Codex/2026-05-30/sfp-vah-val-poc-cvd-one/tick data/2022/08.2022/BTCUSDT-aggTrades-2022-08-15.zip,d6e2678ee4b1abf88aca0bbc570d1d9b5480fc4cfb8e805b5c5926786622f2e7
E00415,primary,aggTrades,agg_trade,futures,2022-08-15,2022-08-15T03:15:00+00:00,2022-08-15T03:20:00+00:00,canonical_5m,2022-08-15T03:17:37.586000+00:00,1409496395,25200.00,2520000,0.005,2705855861,2705855861,1,legacy_local_daily_aggtrades,/Users/yeshevika/Documents/Codex/2026-05-30/sfp-vah-val-poc-cvd-one/tick data/2022/08.2022/BTCUSDT-aggTrades-2022-08-15.zip,d6e2678ee4b1abf88aca0bbc570d1d9b5480fc4cfb8e805b5c5926786622f2e7
E00415,primary,aggTrades,agg_trade,futures,2022-08-15,2022-08-15T03:15:00+00:00,2022-08-15T03:20:00+00:00,canonical_5m,2022-08-15T03:17:37.609000+00:00,1409496397,25200.00,2520000,0.254,2705855863,2705855868,6,legacy_local_daily_aggtrades,/Users/yeshevika/Documents/Codex/2026-05-30/sfp-vah-val-poc-cvd-one/tick data/2022/08.2022/BTCUSDT-aggTrades-2022-08-15.zip,d6e2678ee4b1abf88aca0bbc570d1d9b5480fc4cfb8e805b5c5926786622f2e7
E00415,primary,aggTrades,agg_trade,futures,2022-08-15,2022-08-15T03:15:00+00:00,2022-08-15T03:20:00+00:00,canonical_5m,2022-08-15T03:17:37.712000+00:00,1409496398,25200.00,2520000,0.029,2705855869,2705855870,2,legacy_local_daily_aggtrades,/Users/yeshevika/Documents/Codex/2026-05-30/sfp-vah-val-poc-cvd-one/tick data/2022/08.2022/BTCUSDT-aggTrades-2022-08-15.zip,d6e2678ee4b1abf88aca0bbc570d1d9b5480fc4cfb8e805b5c5926786622f2e7
E00415,primary,aggTrades,agg_trade,futures,2022-08-15,2022-08-15T03:15:00+00:00,2022-08-15T03:20:00+00:00,canonical_5m,2022-08-15T03:17:37.753000+00:00,1409496400,25200.00,2520000,0.068,2705855872,2705855873,2,legacy_local_daily_aggtrades,/Users/yeshevika/Documents/Codex/2026-05-30/sfp-vah-val-poc-cvd-one/tick data/2022/08.2022/BTCUSDT-aggTrades-2022-08-15.zip,d6e2678ee4b1abf88aca0bbc570d1d9b5480fc4cfb8e805b5c5926786622f2e7
E00415,primary,aggTrades,agg_trade,futures,2022-08-15,2022-08-15T03:15:00+00:00,2022-08-15T03:20:00+00:00,canonical_5m,2022-08-15T03:17:37.794000+00:00,1409496402,25200.00,2520000,1.998,2705855877,2705855901,25,legacy_local_daily_aggtrades,/Users/yeshevika/Documents/Codex/2026-05-30/sfp-vah-val-poc-cvd-one/tick data/2022/08.2022/BTCUSDT-aggTrades-2022-08-15.zip,d6e2678ee4b1abf88aca0bbc570d1d9b5480fc4cfb8e805b5c5926786622f2e7
E00415,primary,aggTrades,agg_trade,futures,2022-08-15,2022-08-15T03:15:00+00:00,2022-08-15T03:20:00+00:00,canonical_5m,2022-08-15T03:17:37.901000+00:00,1409496404,25200.00,2520000,0.456,2705855905,2705855906,2,legacy_local_daily_aggtrades,/Users/yeshevika/Documents/Codex/2026-05-30/sfp-vah-val-poc-cvd-one/tick data/2022/08.2022/BTCUSDT-aggTrades-2022-08-15.zip,d6e2678ee4b1abf88aca0bbc570d1d9b5480fc4cfb8e805b5c5926786622f2e7
E00415,primary,aggTrades,agg_trade,futures,2022-08-15,2022-08-15T03:15:00+00:00,2022-08-15T03:20:00+00:00,canonical_5m,2022-08-15T03:17:37.928000+00:00,1409496406,25200.00,2520000,1.219,2705855908,2705855918,11,legacy_local_daily_aggtrades,/Users/yeshevika/Documents/Codex/2026-05-30/sfp-vah-val-poc-cvd-one/tick data/2022/08.2022/BTCUSDT-aggTrades-2022-08-15.zip,d6e2678ee4b1abf88aca0bbc570d1d9b5480fc4cfb8e805b5c5926786622f2e7
E00415,primary,aggTrades,agg_trade,futures,2022-08-15,2022-08-15T03:15:00+00:00,2022-08-15T03:20:00+00:00,canonical_5m,2022-08-15T03:17:37.965000+00:00,1409496408,25200.00,2520000,0.038,2705855920,2705855920,1,legacy_local_daily_aggtrades,/Users/yeshevika/Documents/Codex/2026-05-30/sfp-vah-val-poc-cvd-one/tick data/2022/08.2022/BTCUSDT-aggTrades-2022-08-15.zip,d6e2678ee4b1abf88aca0bbc570d1d9b5480fc4cfb8e805b5c5926786622f2e7
E00415,primary,aggTrades,agg_trade,futures,2022-08-15,2022-08-15T03:15:00+00:00,2022-08-15T03:20:00+00:00,canonical_5m,2022-08-15T03:17:38.006000+00:00,1409496410,25200.00,2520000,1.799,2705855928,2705855941,14,legacy_local_daily_aggtrades,/Users/yeshevika/Documents/Codex/2026-05-30/sfp-vah-val-poc-cvd-one/tick data/2022/08.2022/BTCUSDT-aggTrades-2022-08-15.zip,d6e2678ee4b1abf88aca0bbc570d1d9b5480fc4cfb8e805b5c5926786622f2e7
E00415,primary,aggTrades,agg_trade,futures,2022-08-15,2022-08-15T03:15:00+00:00,2022-08-15T03:20:00+00:00,canonical_5m,2022-08-15T03:17:38.037000+00:00,1409496412,25200.00,2520000,0.022,2705855944,2705855944,1,legacy_local_daily_aggtrades,/Users/yeshevika/Documents/Codex/2026-05-30/sfp-vah-val-poc-cvd-one/tick data/2022/08.2022/BTCUSDT-aggTrades-2022-08-15.zip,d6e2678ee4b1abf88aca0bbc570d1d9b5480fc4cfb8e805b5c5926786622f2e7
E00415,primary,aggTrades,agg_trade,futures,2022-08-15,2022-08-15T03:15:00+00:00,2022-08-15T03:20:00+00:00,canonical_5m,2022-08-15T03:17:38.041000+00:00,1409496414,25200.00,2520000,0.042,2705855946,2705855947,2,legacy_local_daily_aggtrades,/Users/yeshevika/Documents/Codex/2026-05-30/sfp-vah-val-poc-cvd-one/tick data/2022/08.2022/BTCUSDT-aggTrades-2022-08-15.zip,d6e2678ee4b1abf88aca0bbc570d1d9b5480fc4cfb8e805b5c5926786622f2e7
E00415,primary,aggTrades,agg_trade,futures,2022-08-15,2022-08-15T03:15:00+00:00,2022-08-15T03:20:00+00:00,canonical_5m,2022-08-15T03:17:38.057000+00:00,1409496416,25200.00,2520000,5.939,2705855949,2705855996,48,legacy_local_daily_aggtrades,/Users/yeshevika/Documents/Codex/2026-05-30/sfp-vah-val-poc-cvd-one/tick data/2022/08.2022/BTCUSDT-aggTrades-2022-08-15.zip,d6e2678ee4b1abf88aca0bbc570d1d9b5480fc4cfb8e805b5c5926786622f2e7
E00415,primary,aggTrades,agg_trade,futures,2022-08-15,2022-08-15T03:15:00+00:00,2022-08-15T03:20:00+00:00,canonical_5m,2022-08-15T03:17:38.082000+00:00,1409496418,25200.00,2520000,0.205,2705856000,2705856001,2,legacy_local_daily_aggtrades,/Users/yeshevika/Documents/Codex/2026-05-30/sfp-vah-val-poc-cvd-one/tick data/2022/08.2022/BTCUSDT-aggTrades-2022-08-15.zip,d6e2678ee4b1abf88aca0bbc570d1d9b5480fc4cfb8e805b5c5926786622f2e7
E00415,primary,aggTrades,agg_trade,futures,2022-08-15,2022-08-15T03:15:00+00:00,2022-08-15T03:20:00+00:00,canonical_5m,2022-08-15T03:17:38.199000+00:00,1409496420,25200.00,2520000,0.079,2705856003,2705856003,1,legacy_local_daily_aggtrades,/Users/yeshevika/Documents/Codex/2026-05-30/sfp-vah-val-poc-cvd-one/tick data/2022/08.2022/BTCUSDT-aggTrades-2022-08-15.zip,d6e2678ee4b1abf88aca0bbc570d1d9b5480fc4cfb8e805b5c5926786622f2e7
E00415,primary,aggTrades,agg_trade,futures,2022-08-15,2022-08-15T03:15:00+00:00,2022-08-15T03:20:00+00:00,canonical_5m,2022-08-15T03:17:38.250000+00:00,1409496422,25200.00,2520000,0.100,2705856007,2705856007,1,legacy_local_daily_aggtrades,/Users/yeshevika/Documents/Codex/2026-05-30/sfp-vah-val-poc-cvd-one/tick data/2022/08.2022/BTCUSDT-aggTrades-2022-08-15.zip,d6e2678ee4b1abf88aca0bbc570d1d9b5480fc4cfb8e805b5c5926786622f2e7
E00415,primary,aggTrades,agg_trade,futures,2022-08-15,2022-08-15T03:15:00+00:00,2022-08-15T03:20:00+00:00,canonical_5m,2022-08-15T03:17:38.326000+00:00,1409496424,25200.00,2520000,0.733,2705856009,2705856019,11,legacy_local_daily_aggtrades,/Users/yeshevika/Documents/Codex/2026-05-30/sfp-vah-val-poc-cvd-one/tick data/2022/08.2022/BTCUSDT-aggTrades-2022-08-15.zip,d6e2678ee4b1abf88aca0bbc570d1d9b5480fc4cfb8e805b5c5926786622f2e7
E00415,primary,aggTrades,agg_trade,futures,2022-08-15,2022-08-15T03:15:00+00:00,2022-08-15T03:20:00+00:00,canonical_5m,2022-08-15T03:17:38.408000+00:00,1409496426,25200.00,2520000,0.366,2705856021,2705856024,4,legacy_local_daily_aggtrades,/Users/yeshevika/Documents/Codex/2026-05-30/sfp-vah-val-poc-cvd-one/tick data/2022/08.2022/BTCUSDT-aggTrades-2022-08-15.zip,d6e2678ee4b1abf88aca0bbc570d1d9b5480fc4cfb8e805b5c5926786622f2e7
E00415,primary,aggTrades,agg_trade,futures,2022-08-15,2022-08-15T03:15:00+00:00,2022-08-15T03:20:00+00:00,canonical_5m,2022-08-15T03:17:38.459000+00:00,1409496428,25200.00,2520000,3.402,2705856026,2705856038,13,legacy_local_daily_aggtrades,/Users/yeshevika/Documents/Codex/2026-05-30/sfp-vah-val-poc-cvd-one/tick data/2022/08.2022/BTCUSDT-aggTrades-2022-08-15.zip,d6e2678ee4b1abf88aca0bbc570d1d9b5480fc4cfb8e805b5c5926786622f2e7
E00415,primary,aggTrades,agg_trade,futures,2022-08-15,2022-08-15T03:15:00+00:00,2022-08-15T03:20:00+00:00,canonical_5m,2022-08-15T03:17:38.471000+00:00,1409496430,25200.00,2520000,7.895,2705856042,2705856101,60,legacy_local_daily_aggtrades,/Users/yeshevika/Documents/Codex/2026-05-30/sfp-vah-val-poc-cvd-one/tick data/2022/08.2022/BTCUSDT-aggTrades-2022-08-15.zip,d6e2678ee4b1abf88aca0bbc570d1d9b5480fc4cfb8e805b5c5926786622f2e7
E00415,primary,aggTrades,agg_trade,futures,2022-08-15,2022-08-15T03:15:00+00:00,2022-08-15T03:20:00+00:00,canonical_5m,2022-08-15T03:17:38.572000+00:00,1409496432,25200.00,2520000,0.263,2705856108,2705856113,6,legacy_local_daily_aggtrades,/Users/yeshevika/Documents/Codex/2026-05-30/sfp-vah-val-poc-cvd-one/tick data/2022/08.2022/BTCUSDT-aggTrades-2022-08-15.zip,d6e2678ee4b1abf88aca0bbc570d1d9b5480fc4cfb8e805b5c5926786622f2e7
E00415,primary,aggTrades,agg_trade,futures,2022-08-15,2022-08-15T03:15:00+00:00,2022-08-15T03:20:00+00:00,canonical_5m,2022-08-15T03:17:38.692000+00:00,1409496433,25200.00,2520000,0.004,2705856114,2705856114,1,legacy_local_daily_aggtrades,/Users/yeshevika/Documents/Codex/2026-05-30/sfp-vah-val-poc-cvd-one/tick data/2022/08.2022/BTCUSDT-aggTrades-2022-08-15.zip,d6e2678ee4b1abf88aca0bbc570d1d9b5480fc4cfb8e805b5c5926786622f2e7
E00415,primary,aggTrades,agg_trade,futures,2022-08-15,2022-08-15T03:15:00+00:00,2022-08-15T03:20:00+00:00,canonical_5m,2022-08-15T03:17:38.733000+00:00,1409496435,25200.00,2520000,8.369,2705856116,2705856166,51,legacy_local_daily_aggtrades,/Users/yeshevika/Documents/Codex/2026-05-30/sfp-vah-val-poc-cvd-one/tick data/2022/08.2022/BTCUSDT-aggTrades-2022-08-15.zip,d6e2678ee4b1abf88aca0bbc570d1d9b5480fc4cfb8e805b5c5926786622f2e7
E00415,primary,aggTrades,agg_trade,futures,2022-08-15,2022-08-15T03:15:00+00:00,2022-08-15T03:20:00+00:00,canonical_5m,2022-08-15T03:17:38.771000+00:00,1409496437,25200.00,2520000,0.094,2705856177,2705856179,3,legacy_local_daily_aggtrades,/Users/yeshevika/Documents/Codex/2026-05-30/sfp-vah-val-poc-cvd-one/tick data/2022/08.2022/BTCUSDT-aggTrades-2022-08-15.zip,d6e2678ee4b1abf88aca0bbc570d1d9b5480fc4cfb8e805b5c5926786622f2e7
E00415,primary,aggTrades,agg_trade,futures,2022-08-15,2022-08-15T03:15:00+00:00,2022-08-15T03:20:00+00:00,canonical_5m,2022-08-15T03:17:38.811000+00:00,1409496439,25200.00,2520000,0.050,2705856191,2705856192,2,legacy_local_daily_aggtrades,/Users/yeshevika/Documents/Codex/2026-05-30/sfp-vah-val-poc-cvd-one/tick data/2022/08.2022/BTCUSDT-aggTrades-2022-08-15.zip,d6e2678ee4b1abf88aca0bbc570d1d9b5480fc4cfb8e805b5c5926786622f2e7
E00415,primary,aggTrades,agg_trade,futures,2022-08-15,2022-08-15T03:15:00+00:00,2022-08-15T03:20:00+00:00,canonical_5m,2022-08-15T03:17:38.874000+00:00,1409496441,25200.00,2520000,0.029,2705856195,2705856197,3,legacy_local_daily_aggtrades,/Users/yeshevika/Documents/Codex/2026-05-30/sfp-vah-val-poc-cvd-one/tick data/2022/08.2022/BTCUSDT-aggTrades-2022-08-15.zip,d6e2678ee4b1abf88aca0bbc570d1d9b5480fc4cfb8e805b5c5926786622f2e7
E00415,primary,aggTrades,agg_trade,futures,2022-08-15,2022-08-15T03:15:00+00:00,2022-08-15T03:20:00+00:00,canonical_5m,2022-08-15T03:17:38.886000+00:00,1409496443,25200.00,2520000,14.884,2705856202,2705856332,131,legacy_local_daily_aggtrades,/Users/yeshevika/Documents/Codex/2026-05-30/sfp-vah-val-poc-cvd-one/tick data/2022/08.2022/BTCUSDT-aggTrades-2022-08-15.zip,d6e2678ee4b1abf88aca0bbc570d1d9b5480fc4cfb8e805b5c5926786622f2e7
E00415,primary,aggTrades,agg_trade,futures,2022-08-15,2022-08-15T03:15:00+00:00,2022-08-15T03:20:00+00:00,canonical_5m,2022-08-15T03:17:38.992000+00:00,1409496445,25200.00,2520000,0.436,2705856338,2705856348,11,legacy_local_daily_aggtrades,/Users/yeshevika/Documents/Codex/2026-05-30/sfp-vah-val-poc-cvd-one/tick data/2022/08.2022/BTCUSDT-aggTrades-2022-08-15.zip,d6e2678ee4b1abf88aca0bbc570d1d9b5480fc4cfb8e805b5c5926786622f2e7
E00415,primary,aggTrades,agg_trade,futures,2022-08-15,2022-08-15T03:15:00+00:00,2022-08-15T03:20:00+00:00,canonical_5m,2022-08-15T03:17:39.142000+00:00,1409496447,25200.00,2520000,0.021,2705856354,2705856354,1,legacy_local_daily_aggtrades,/Users/yeshevika/Documents/Codex/2026-05-30/sfp-vah-val-poc-cvd-one/tick data/2022/08.2022/BTCUSDT-aggTrades-2022-08-15.zip,d6e2678ee4b1abf88aca0bbc570d1d9b5480fc4cfb8e805b5c5926786622f2e7
E00415,primary,aggTrades,agg_trade,futures,2022-08-15,2022-08-15T03:15:00+00:00,2022-08-15T03:20:00+00:00,canonical_5m,2022-08-15T03:17:39.163000+00:00,1409496449,25200.00,2520000,0.110,2705856356,2705856357,2,legacy_local_daily_aggtrades,/Users/yeshevika/Documents/Codex/2026-05-30/sfp-vah-val-poc-cvd-one/tick data/2022/08.2022/BTCUSDT-aggTrades-2022-08-15.zip,d6e2678ee4b1abf88aca0bbc570d1d9b5480fc4cfb8e805b5c5926786622f2e7
E00415,primary,aggTrades,agg_trade,futures,2022-08-15,2022-08-15T03:15:00+00:00,2022-08-15T03:20:00+00:00,canonical_5m,2022-08-15T03:17:39.236000+00:00,1409496451,25200.00,2520000,0.018,2705856359,2705856359,1,legacy_local_daily_aggtrades,/Users/yeshevika/Documents/Codex/2026-05-30/sfp-vah-val-poc-cvd-one/tick data/2022/08.2022/BTCUSDT-aggTrades-2022-08-15.zip,d6e2678ee4b1abf88aca0bbc570d1d9b5480fc4cfb8e805b5c5926786622f2e7
E00415,primary,aggTrades,agg_trade,futures,2022-08-15,2022-08-15T03:15:00+00:00,2022-08-15T03:20:00+00:00,canonical_5m,2022-08-15T03:17:39.238000+00:00,1409496453,25200.00,2520000,1.586,2705856361,2705856388,28,legacy_local_daily_aggtrades,/Users/yeshevika/Documents/Codex/2026-05-30/sfp-vah-val-poc-cvd-one/tick data/2022/08.2022/BTCUSDT-aggTrades-2022-08-15.zip,d6e2678ee4b1abf88aca0bbc570d1d9b5480fc4cfb8e805b5c5926786622f2e7
E00415,primary,aggTrades,agg_trade,futures,2022-08-15,2022-08-15T03:15:00+00:00,2022-08-15T03:20:00+00:00,canonical_5m,2022-08-15T03:17:39.359000+00:00,1409496467,25200.00,2520000,0.791,2705856441,2705856451,11,legacy_local_daily_aggtrades,/Users/yeshevika/Documents/Codex/2026-05-30/sfp-vah-val-poc-cvd-one/tick data/2022/08.2022/BTCUSDT-aggTrades-2022-08-15.zip,d6e2678ee4b1abf88aca0bbc570d1d9b5480fc4cfb8e805b5c5926786622f2e7
E00415,primary,aggTrades,agg_trade,futures,2022-08-15,2022-08-15T03:15:00+00:00,2022-08-15T03:20:00+00:00,canonical_5m,2022-08-15T03:17:40.159000+00:00,1409496498,25200.00,2520000,0.050,2705856629,2705856630,2,legacy_local_daily_aggtrades,/Users/yeshevika/Documents/Codex/2026-05-30/sfp-vah-val-poc-cvd-one/tick data/2022/08.2022/BTCUSDT-aggTrades-2022-08-15.zip,d6e2678ee4b1abf88aca0bbc570d1d9b5480fc4cfb8e805b5c5926786622f2e7
E00415,primary,aggTrades,agg_trade,futures,2022-08-15,2022-08-15T03:15:00+00:00,2022-08-15T03:20:00+00:00,canonical_5m,2022-08-15T03:17:40.194000+00:00,1409496500,25200.00,2520000,0.782,2705856632,2705856645,14,legacy_local_daily_aggtrades,/Users/yeshevika/Documents/Codex/2026-05-30/sfp-vah-val-poc-cvd-one/tick data/2022/08.2022/BTCUSDT-aggTrades-2022-08-15.zip,d6e2678ee4b1abf88aca0bbc570d1d9b5480fc4cfb8e805b5c5926786622f2e7
E00415,primary,aggTrades,agg_trade,futures,2022-08-15,2022-08-15T03:15:00+00:00,2022-08-15T03:20:00+00:00,canonical_5m,2022-08-15T03:17:40.366000+00:00,1409496502,25200.00,2520000,21.135,2705856650,2705856841,192,legacy_local_daily_aggtrades,/Users/yeshevika/Documents/Codex/2026-05-30/sfp-vah-val-poc-cvd-one/tick data/2022/08.2022/BTCUSDT-aggTrades-2022-08-15.zip,d6e2678ee4b1abf88aca0bbc570d1d9b5480fc4cfb8e805b5c5926786622f2e7
E00415,primary,aggTrades,agg_trade,futures,2022-08-15,2022-08-15T03:15:00+00:00,2022-08-15T03:20:00+00:00,canonical_5m,2022-08-15T03:17:40.504000+00:00,1409496504,25200.00,2520000,0.012,2705856846,2705856846,1,legacy_local_daily_aggtrades,/Users/yeshevika/Documents/Codex/2026-05-30/sfp-vah-val-poc-cvd-one/tick data/2022/08.2022/BTCUSDT-aggTrades-2022-08-15.zip,d6e2678ee4b1abf88aca0bbc570d1d9b5480fc4cfb8e805b5c5926786622f2e7
E00415,primary,aggTrades,agg_trade,futures,2022-08-15,2022-08-15T03:15:00+00:00,2022-08-15T03:20:00+00:00,canonical_5m,2022-08-15T03:17:40.523000+00:00,1409496506,25200.00,2520000,0.067,2705856854,2705856854,1,legacy_local_daily_aggtrades,/Users/yeshevika/Documents/Codex/2026-05-30/sfp-vah-val-poc-cvd-one/tick data/2022/08.2022/BTCUSDT-aggTrades-2022-08-15.zip,d6e2678ee4b1abf88aca0bbc570d1d9b5480fc4cfb8e805b5c5926786622f2e7
E00415,primary,aggTrades,agg_trade,futures,2022-08-15,2022-08-15T03:15:00+00:00,2022-08-15T03:20:00+00:00,canonical_5m,2022-08-15T03:17:40.534000+00:00,1409496508,25200.00,2520000,0.560,2705856857,2705856864,8,legacy_local_daily_aggtrades,/Users/yeshevika/Documents/Codex/2026-05-30/sfp-vah-val-poc-cvd-one/tick data/2022/08.2022/BTCUSDT-aggTrades-2022-08-15.zip,d6e2678ee4b1abf88aca0bbc570d1d9b5480fc4cfb8e805b5c5926786622f2e7
E00415,primary,aggTrades,agg_trade,futures,2022-08-15,2022-08-15T03:15:00+00:00,2022-08-15T03:20:00+00:00,canonical_5m,2022-08-15T03:17:40.640000+00:00,1409496510,25200.00,2520000,0.003,2705856871,2705856871,1,legacy_local_daily_aggtrades,/Users/yeshevika/Documents/Codex/2026-05-30/sfp-vah-val-poc-cvd-one/tick data/2022/08.2022/BTCUSDT-aggTrades-2022-08-15.zip,d6e2678ee4b1abf88aca0bbc570d1d9b5480fc4cfb8e805b5c5926786622f2e7
E00415,primary,aggTrades,agg_trade,futures,2022-08-15,2022-08-15T03:15:00+00:00,2022-08-15T03:20:00+00:00,canonical_5m,2022-08-15T03:17:40.652000+00:00,1409496512,25200.00,2520000,0.022,2705856873,2705856873,1,legacy_local_daily_aggtrades,/Users/yeshevika/Documents/Codex/2026-05-30/sfp-vah-val-poc-cvd-one/tick data/2022/08.2022/BTCUSDT-aggTrades-2022-08-15.zip,d6e2678ee4b1abf88aca0bbc570d1d9b5480fc4cfb8e805b5c5926786622f2e7
E00415,primary,aggTrades,agg_trade,futures,2022-08-15,2022-08-15T03:15:00+00:00,2022-08-15T03:20:00+00:00,canonical_5m,2022-08-15T03:17:40.696000+00:00,1409496514,25200.00,2520000,1.559,2705856875,2705856886,12,legacy_local_daily_aggtrades,/Users/yeshevika/Documents/Codex/2026-05-30/sfp-vah-val-poc-cvd-one/tick data/2022/08.2022/BTCUSDT-aggTrades-2022-08-15.zip,d6e2678ee4b1abf88aca0bbc570d1d9b5480fc4cfb8e805b5c5926786622f2e7
E00415,primary,aggTrades,agg_trade,futures,2022-08-15,2022-08-15T03:15:00+00:00,2022-08-15T03:20:00+00:00,canonical_5m,2022-08-15T03:17:40.775000+00:00,1409496516,25200.00,2520000,0.028,2705856889,2705856890,2,legacy_local_daily_aggtrades,/Users/yeshevika/Documents/Codex/2026-05-30/sfp-vah-val-poc-cvd-one/tick data/2022/08.2022/BTCUSDT-aggTrades-2022-08-15.zip,d6e2678ee4b1abf88aca0bbc570d1d9b5480fc4cfb8e805b5c5926786622f2e7
E00415,primary,aggTrades,agg_trade,futures,2022-08-15,2022-08-15T03:15:00+00:00,2022-08-15T03:20:00+00:00,canonical_5m,2022-08-15T03:17:40.873000+00:00,1409496518,25200.00,2520000,0.033,2705856895,2705856895,1,legacy_local_daily_aggtrades,/Users/yeshevika/Documents/Codex/2026-05-30/sfp-vah-val-poc-cvd-one/tick data/2022/08.2022/BTCUSDT-aggTrades-2022-08-15.zip,d6e2678ee4b1abf88aca0bbc570d1d9b5480fc4cfb8e805b5c5926786622f2e7
E00422,primary,aggTrades,agg_trade,futures,2022-09-07,2022-09-07T02:20:00+00:00,2022-09-07T02:25:00+00:00,canonical_5m,2022-09-07T02:24:31.491000+00:00,1440374909,18500.00,1850000,88.155,2797458729,2797459612,884,legacy_local_daily_aggtrades,/Users/yeshevika/Documents/Codex/2026-05-30/sfp-vah-val-poc-cvd-one/tick data/2022/09.2022/BTCUSDT-aggTrades-2022-09-07.zip,b3388b1ee6eea40db3ea23268967d4e9b82f87dafb59279b6f5130331a3ea52b
E00422,primary,aggTrades,agg_trade,futures,2022-09-07,2022-09-07T02:20:00+00:00,2022-09-07T02:25:00+00:00,canonical_5m,2022-09-07T02:24:31.501000+00:00,1440374938,18500.00,1850000,3.971,2797459754,2797459765,12,legacy_local_daily_aggtrades,/Users/yeshevika/Documents/Codex/2026-05-30/sfp-vah-val-poc-cvd-one/tick data/2022/09.2022/BTCUSDT-aggTrades-2022-09-07.zip,b3388b1ee6eea40db3ea23268967d4e9b82f87dafb59279b6f5130331a3ea52b
E00422,primary,aggTrades,agg_trade,futures,2022-09-07,2022-09-07T02:20:00+00:00,2022-09-07T02:25:00+00:00,canonical_5m,2022-09-07T02:24:31.502000+00:00,1440374944,18500.00,1850000,0.381,2797459782,2797459782,1,legacy_local_daily_aggtrades,/Users/yeshevika/Documents/Codex/2026-05-30/sfp-vah-val-poc-cvd-one/tick data/2022/09.2022/BTCUSDT-aggTrades-2022-09-07.zip,b3388b1ee6eea40db3ea23268967d4e9b82f87dafb59279b6f5130331a3ea52b
E00422,primary,aggTrades,agg_trade,futures,2022-09-07,2022-09-07T02:20:00+00:00,2022-09-07T02:25:00+00:00,canonical_5m,2022-09-07T02:24:31.502000+00:00,1440374946,18500.00,1850000,193.410,2797459784,2797461160,1377,legacy_local_daily_aggtrades,/Users/yeshevika/Documents/Codex/2026-05-30/sfp-vah-val-poc-cvd-one/tick data/2022/09.2022/BTCUSDT-aggTrades-2022-09-07.zip,b3388b1ee6eea40db3ea23268967d4e9b82f87dafb59279b6f5130331a3ea52b
E00422,primary,aggTrades,agg_trade,futures,2022-09-07,2022-09-07T02:20:00+00:00,2022-09-07T02:25:00+00:00,canonical_5m,2022-09-07T02:24:31.544000+00:00,1440374965,18500.00,1850000,0.020,2797461298,2797461300,3,legacy_local_daily_aggtrades,/Users/yeshevika/Documents/Codex/2026-05-30/sfp-vah-val-poc-cvd-one/tick data/2022/09.2022/BTCUSDT-aggTrades-2022-09-07.zip,b3388b1ee6eea40db3ea23268967d4e9b82f87dafb59279b6f5130331a3ea52b
E00422,primary,aggTrades,agg_trade,futures,2022-09-07,2022-09-07T02:20:00+00:00,2022-09-07T02:25:00+00:00,canonical_5m,2022-09-07T02:24:31.612000+00:00,1440374983,18500.00,1850000,0.307,2797461355,2797461363,9,legacy_local_daily_aggtrades,/Users/yeshevika/Documents/Codex/2026-05-30/sfp-vah-val-poc-cvd-one/tick data/2022/09.2022/BTCUSDT-aggTrades-2022-09-07.zip,b3388b1ee6eea40db3ea23268967d4e9b82f87dafb59279b6f5130331a3ea52b
E00422,primary,aggTrades,agg_trade,futures,2022-09-07,2022-09-07T02:20:00+00:00,2022-09-07T02:25:00+00:00,canonical_5m,2022-09-07T02:24:31.676000+00:00,1440375020,18500.00,1850000,0.301,2797461450,2797461451,2,legacy_local_daily_aggtrades,/Users/yeshevika/Documents/Codex/2026-05-30/sfp-vah-val-poc-cvd-one/tick data/2022/09.2022/BTCUSDT-aggTrades-2022-09-07.zip,b3388b1ee6eea40db3ea23268967d4e9b82f87dafb59279b6f5130331a3ea52b
E00422,primary,aggTrades,agg_trade,futures,2022-09-07,2022-09-07T02:20:00+00:00,2022-09-07T02:25:00+00:00,canonical_5m,2022-09-07T02:24:31.699000+00:00,1440375028,18500.00,1850000,0.649,2797461475,2797461481,7,legacy_local_daily_aggtrades,/Users/yeshevika/Documents/Codex/2026-05-30/sfp-vah-val-poc-cvd-one/tick data/2022/09.2022/BTCUSDT-aggTrades-2022-09-07.zip,b3388b1ee6eea40db3ea23268967d4e9b82f87dafb59279b6f5130331a3ea52b
E00422,primary,aggTrades,agg_trade,futures,2022-09-07,2022-09-07T02:20:00+00:00,2022-09-07T02:25:00+00:00,canonical_5m,2022-09-07T02:24:31.765000+00:00,1440375072,18500.00,1850000,0.761,2797461574,2797461577,4,legacy_local_daily_aggtrades,/Users/yeshevika/Documents/Codex/2026-05-30/sfp-vah-val-poc-cvd-one/tick data/2022/09.2022/BTCUSDT-aggTrades-2022-09-07.zip,b3388b1ee6eea40db3ea23268967d4e9b82f87dafb59279b6f5130331a3ea52b
E00422,primary,aggTrades,agg_trade,futures,2022-09-07,2022-09-07T02:20:00+00:00,2022-09-07T02:25:00+00:00,canonical_5m,2022-09-07T02:24:31.770000+00:00,1440375079,18500.00,1850000,0.002,2797461588,2797461588,1,legacy_local_daily_aggtrades,/Users/yeshevika/Documents/Codex/2026-05-30/sfp-vah-val-poc-cvd-one/tick data/2022/09.2022/BTCUSDT-aggTrades-2022-09-07.zip,b3388b1ee6eea40db3ea23268967d4e9b82f87dafb59279b6f5130331a3ea52b
E00422,primary,aggTrades,agg_trade,futures,2022-09-07,2022-09-07T02:20:00+00:00,2022-09-07T02:25:00+00:00,canonical_5m,2022-09-07T02:24:31.800000+00:00,1440375091,18500.00,1850000,2.084,2797461624,2797461624,1,legacy_local_daily_aggtrades,/Users/yeshevika/Documents/Codex/2026-05-30/sfp-vah-val-poc-cvd-one/tick data/2022/09.2022/BTCUSDT-aggTrades-2022-09-07.zip,b3388b1ee6eea40db3ea23268967d4e9b82f87dafb59279b6f5130331a3ea52b
E00422,primary,aggTrades,agg_trade,futures,2022-09-07,2022-09-07T02:20:00+00:00,2022-09-07T02:25:00+00:00,canonical_5m,2022-09-07T02:24:31.801000+00:00,1440375096,18500.00,1850000,0.770,2797461630,2797461630,1,legacy_local_daily_aggtrades,/Users/yeshevika/Documents/Codex/2026-05-30/sfp-vah-val-poc-cvd-one/tick data/2022/09.2022/BTCUSDT-aggTrades-2022-09-07.zip,b3388b1ee6eea40db3ea23268967d4e9b82f87dafb59279b6f5130331a3ea52b
E00422,primary,aggTrades,agg_trade,futures,2022-09-07,2022-09-07T02:20:00+00:00,2022-09-07T02:25:00+00:00,canonical_5m,2022-09-07T02:24:31.802000+00:00,1440375098,18500.00,1850000,0.004,2797461632,2797461634,3,legacy_local_daily_aggtrades,/Users/yeshevika/Documents/Codex/2026-05-30/sfp-vah-val-poc-cvd-one/tick data/2022/09.2022/BTCUSDT-aggTrades-2022-09-07.zip,b3388b1ee6eea40db3ea23268967d4e9b82f87dafb59279b6f5130331a3ea52b
E00422,primary,aggTrades,agg_trade,futures,2022-09-07,2022-09-07T02:20:00+00:00,2022-09-07T02:25:00+00:00,canonical_5m,2022-09-07T02:24:31.809000+00:00,1440375100,18500.00,1850000,0.001,2797461637,2797461637,1,legacy_local_daily_aggtrades,/Users/yeshevika/Documents/Codex/2026-05-30/sfp-vah-val-poc-cvd-one/tick data/2022/09.2022/BTCUSDT-aggTrades-2022-09-07.zip,b3388b1ee6eea40db3ea23268967d4e9b82f87dafb59279b6f5130331a3ea52b
E00422,primary,aggTrades,agg_trade,futures,2022-09-07,2022-09-07T02:20:00+00:00,2022-09-07T02:25:00+00:00,canonical_5m,2022-09-07T02:24:31.816000+00:00,1440375102,18500.00,1850000,0.090,2797461640,2797461640,1,legacy_local_daily_aggtrades,/Users/yeshevika/Documents/Codex/2026-05-30/sfp-vah-val-poc-cvd-one/tick data/2022/09.2022/BTCUSDT-aggTrades-2022-09-07.zip,b3388b1ee6eea40db3ea23268967d4e9b82f87dafb59279b6f5130331a3ea52b
E00422,primary,aggTrades,agg_trade,futures,2022-09-07,2022-09-07T02:20:00+00:00,2022-09-07T02:25:00+00:00,canonical_5m,2022-09-07T02:24:31.817000+00:00,1440375110,18500.00,1850000,1.475,2797461651,2797461656,6,legacy_local_daily_aggtrades,/Users/yeshevika/Documents/Codex/2026-05-30/sfp-vah-val-poc-cvd-one/tick data/2022/09.2022/BTCUSDT-aggTrades-2022-09-07.zip,b3388b1ee6eea40db3ea23268967d4e9b82f87dafb59279b6f5130331a3ea52b
E00422,primary,aggTrades,agg_trade,futures,2022-09-07,2022-09-07T02:20:00+00:00,2022-09-07T02:25:00+00:00,canonical_5m,2022-09-07T02:24:31.819000+00:00,1440375117,18500.00,1850000,0.311,2797461664,2797461666,3,legacy_local_daily_aggtrades,/Users/yeshevika/Documents/Codex/2026-05-30/sfp-vah-val-poc-cvd-one/tick data/2022/09.2022/BTCUSDT-aggTrades-2022-09-07.zip,b3388b1ee6eea40db3ea23268967d4e9b82f87dafb59279b6f5130331a3ea52b
E00422,primary,aggTrades,agg_trade,futures,2022-09-07,2022-09-07T02:20:00+00:00,2022-09-07T02:25:00+00:00,canonical_5m,2022-09-07T02:24:31.836000+00:00,1440375122,18500.00,1850000,0.044,2797461695,2797461695,1,legacy_local_daily_aggtrades,/Users/yeshevika/Documents/Codex/2026-05-30/sfp-vah-val-poc-cvd-one/tick data/2022/09.2022/BTCUSDT-aggTrades-2022-09-07.zip,b3388b1ee6eea40db3ea23268967d4e9b82f87dafb59279b6f5130331a3ea52b
E00422,primary,aggTrades,agg_trade,futures,2022-09-07,2022-09-07T02:20:00+00:00,2022-09-07T02:25:00+00:00,canonical_5m,2022-09-07T02:24:31.856000+00:00,1440375124,18500.00,1850000,2.725,2797461709,2797461712,4,legacy_local_daily_aggtrades,/Users/yeshevika/Documents/Codex/2026-05-30/sfp-vah-val-poc-cvd-one/tick data/2022/09.2022/BTCUSDT-aggTrades-2022-09-07.zip,b3388b1ee6eea40db3ea23268967d4e9b82f87dafb59279b6f5130331a3ea52b
E00422,primary,aggTrades,agg_trade,futures,2022-09-07,2022-09-07T02:20:00+00:00,2022-09-07T02:25:00+00:00,canonical_5m,2022-09-07T02:24:31.871000+00:00,1440375126,18500.00,1850000,0.202,2797461719,2797461719,1,legacy_local_daily_aggtrades,/Users/yeshevika/Documents/Codex/2026-05-30/sfp-vah-val-poc-cvd-one/tick data/2022/09.2022/BTCUSDT-aggTrades-2022-09-07.zip,b3388b1ee6eea40db3ea23268967d4e9b82f87dafb59279b6f5130331a3ea52b
E00422,primary,aggTrades,agg_trade,futures,2022-09-07,2022-09-07T02:20:00+00:00,2022-09-07T02:25:00+00:00,canonical_5m,2022-09-07T02:24:31.880000+00:00,1440375128,18500.00,1850000,0.333,2797461726,2797461728,3,legacy_local_daily_aggtrades,/Users/yeshevika/Documents/Codex/2026-05-30/sfp-vah-val-poc-cvd-one/tick data/2022/09.2022/BTCUSDT-aggTrades-2022-09-07.zip,b3388b1ee6eea40db3ea23268967d4e9b82f87dafb59279b6f5130331a3ea52b
E00422,primary,aggTrades,agg_trade,futures,2022-09-07,2022-09-07T02:20:00+00:00,2022-09-07T02:25:00+00:00,canonical_5m,2022-09-07T02:24:31.887000+00:00,1440375131,18500.00,1850000,0.001,2797461732,2797461732,1,legacy_local_daily_aggtrades,/Users/yeshevika/Documents/Codex/2026-05-30/sfp-vah-val-poc-cvd-one/tick data/2022/09.2022/BTCUSDT-aggTrades-2022-09-07.zip,b3388b1ee6eea40db3ea23268967d4e9b82f87dafb59279b6f5130331a3ea52b
E00422,primary,aggTrades,agg_trade,futures,2022-09-07,2022-09-07T02:20:00+00:00,2022-09-07T02:25:00+00:00,canonical_5m,2022-09-07T02:24:31.890000+00:00,1440375134,18500.00,1850000,0.465,2797461736,2797461739,4,legacy_local_daily_aggtrades,/Users/yeshevika/Documents/Codex/2026-05-30/sfp-vah-val-poc-cvd-one/tick data/2022/09.2022/BTCUSDT-aggTrades-2022-09-07.zip,b3388b1ee6eea40db3ea23268967d4e9b82f87dafb59279b6f5130331a3ea52b
E00422,primary,aggTrades,agg_trade,futures,2022-09-07,2022-09-07T02:20:00+00:00,2022-09-07T02:25:00+00:00,canonical_5m,2022-09-07T02:24:31.906000+00:00,1440375136,18500.00,1850000,3.725,2797461744,2797461751,8,legacy_local_daily_aggtrades,/Users/yeshevika/Documents/Codex/2026-05-30/sfp-vah-val-poc-cvd-one/tick data/2022/09.2022/BTCUSDT-aggTrades-2022-09-07.zip,b3388b1ee6eea40db3ea23268967d4e9b82f87dafb59279b6f5130331a3ea52b
E00422,primary,aggTrades,agg_trade,futures,2022-09-07,2022-09-07T02:20:00+00:00,2022-09-07T02:25:00+00:00,canonical_5m,2022-09-07T02:24:31.915000+00:00,1440375141,18500.00,1850000,0.080,2797461761,2797461761,1,legacy_local_daily_aggtrades,/Users/yeshevika/Documents/Codex/2026-05-30/sfp-vah-val-poc-cvd-one/tick data/2022/09.2022/BTCUSDT-aggTrades-2022-09-07.zip,b3388b1ee6eea40db3ea23268967d4e9b82f87dafb59279b6f5130331a3ea52b
E00422,primary,aggTrades,agg_trade,futures,2022-09-07,2022-09-07T02:20:00+00:00,2022-09-07T02:25:00+00:00,canonical_5m,2022-09-07T02:24:31.925000+00:00,1440375145,18500.00,1850000,0.539,2797461769,2797461772,4,legacy_local_daily_aggtrades,/Users/yeshevika/Documents/Codex/2026-05-30/sfp-vah-val-poc-cvd-one/tick data/2022/09.2022/BTCUSDT-aggTrades-2022-09-07.zip,b3388b1ee6eea40db3ea23268967d4e9b82f87dafb59279b6f5130331a3ea52b
E00422,primary,aggTrades,agg_trade,futures,2022-09-07,2022-09-07T02:20:00+00:00,2022-09-07T02:25:00+00:00,canonical_5m,2022-09-07T02:24:31.936000+00:00,1440375148,18500.00,1850000,0.038,2797461789,2797461789,1,legacy_local_daily_aggtrades,/Users/yeshevika/Documents/Codex/2026-05-30/sfp-vah-val-poc-cvd-one/tick data/2022/09.2022/BTCUSDT-aggTrades-2022-09-07.zip,b3388b1ee6eea40db3ea23268967d4e9b82f87dafb59279b6f5130331a3ea52b
E00422,primary,aggTrades,agg_trade,futures,2022-09-07,2022-09-07T02:20:00+00:00,2022-09-07T02:25:00+00:00,canonical_5m,2022-09-07T02:24:31.941000+00:00,1440375150,18500.00,1850000,0.236,2797461795,2797461797,3,legacy_local_daily_aggtrades,/Users/yeshevika/Documents/Codex/2026-05-30/sfp-vah-val-poc-cvd-one/tick data/2022/09.2022/BTCUSDT-aggTrades-2022-09-07.zip,b3388b1ee6eea40db3ea23268967d4e9b82f87dafb59279b6f5130331a3ea52b
E00422,primary,aggTrades,agg_trade,futures,2022-09-07,2022-09-07T02:20:00+00:00,2022-09-07T02:25:00+00:00,canonical_5m,2022-09-07T02:24:31.954000+00:00,1440375156,18500.00,1850000,0.094,2797461808,2797461808,1,legacy_local_daily_aggtrades,/Users/yeshevika/Documents/Codex/2026-05-30/sfp-vah-val-poc-cvd-one/tick data/2022/09.2022/BTCUSDT-aggTrades-2022-09-07.zip,b3388b1ee6eea40db3ea23268967d4e9b82f87dafb59279b6f5130331a3ea52b
E00422,primary,aggTrades,agg_trade,futures,2022-09-07,2022-09-07T02:20:00+00:00,2022-09-07T02:25:00+00:00,canonical_5m,2022-09-07T02:24:31.959000+00:00,1440375158,18500.00,1850000,2.567,2797461811,2797461814,4,legacy_local_daily_aggtrades,/Users/yeshevika/Documents/Codex/2026-05-30/sfp-vah-val-poc-cvd-one/tick data/2022/09.2022/BTCUSDT-aggTrades-2022-09-07.zip,b3388b1ee6eea40db3ea23268967d4e9b82f87dafb59279b6f5130331a3ea52b
E00422,primary,aggTrades,agg_trade,futures,2022-09-07,2022-09-07T02:20:00+00:00,2022-09-07T02:25:00+00:00,canonical_5m,2022-09-07T02:24:31.969000+00:00,1440375161,18500.00,1850000,0.089,2797461821,2797461821,1,legacy_local_daily_aggtrades,/Users/yeshevika/Documents/Codex/2026-05-30/sfp-vah-val-poc-cvd-one/tick data/2022/09.2022/BTCUSDT-aggTrades-2022-09-07.zip,b3388b1ee6eea40db3ea23268967d4e9b82f87dafb59279b6f5130331a3ea52b
E00422,primary,aggTrades,agg_trade,futures,2022-09-07,2022-09-07T02:20:00+00:00,2022-09-07T02:25:00+00:00,canonical_5m,2022-09-07T02:24:31.973000+00:00,1440375163,18500.00,1850000,0.201,2797461825,2797461831,7,legacy_local_daily_aggtrades,/Users/yeshevika/Documents/Codex/2026-05-30/sfp-vah-val-poc-cvd-one/tick data/2022/09.2022/BTCUSDT-aggTrades-2022-09-07.zip,b3388b1ee6eea40db3ea23268967d4e9b82f87dafb59279b6f5130331a3ea52b
E00422,primary,aggTrades,agg_trade,futures,2022-09-07,2022-09-07T02:20:00+00:00,2022-09-07T02:25:00+00:00,canonical_5m,2022-09-07T02:24:32.047000+00:00,1440375178,18500.00,1850000,0.849,2797461905,2797461908,4,legacy_local_daily_aggtrades,/Users/yeshevika/Documents/Codex/2026-05-30/sfp-vah-val-poc-cvd-one/tick data/2022/09.2022/BTCUSDT-aggTrades-2022-09-07.zip,b3388b1ee6eea40db3ea23268967d4e9b82f87dafb59279b6f5130331a3ea52b
E00422,primary,aggTrades,agg_trade,futures,2022-09-07,2022-09-07T02:20:00+00:00,2022-09-07T02:25:00+00:00,canonical_5m,2022-09-07T02:24:32.052000+00:00,1440375180,18500.00,1850000,1.316,2797461912,2797461912,1,legacy_local_daily_aggtrades,/Users/yeshevika/Documents/Codex/2026-05-30/sfp-vah-val-poc-cvd-one/tick data/2022/09.2022/BTCUSDT-aggTrades-2022-09-07.zip,b3388b1ee6eea40db3ea23268967d4e9b82f87dafb59279b6f5130331a3ea52b
E00422,primary,aggTrades,agg_trade,futures,2022-09-07,2022-09-07T02:20:00+00:00,2022-09-07T02:25:00+00:00,canonical_5m,2022-09-07T02:24:32.052000+00:00,1440375182,18500.00,1850000,0.193,2797461914,2797461915,2,legacy_local_daily_aggtrades,/Users/yeshevika/Documents/Codex/2026-05-30/sfp-vah-val-poc-cvd-one/tick data/2022/09.2022/BTCUSDT-aggTrades-2022-09-07.zip,b3388b1ee6eea40db3ea23268967d4e9b82f87dafb59279b6f5130331a3ea52b
E00422,primary,aggTrades,agg_trade,futures,2022-09-07,2022-09-07T02:20:00+00:00,2022-09-07T02:25:00+00:00,canonical_5m,2022-09-07T02:24:32.056000+00:00,1440375184,18500.00,1850000,4.657,2797461919,2797461925,7,legacy_local_daily_aggtrades,/Users/yeshevika/Documents/Codex/2026-05-30/sfp-vah-val-poc-cvd-one/tick data/2022/09.2022/BTCUSDT-aggTrades-2022-09-07.zip,b3388b1ee6eea40db3ea23268967d4e9b82f87dafb59279b6f5130331a3ea52b
E00422,primary,aggTrades,agg_trade,futures,2022-09-07,2022-09-07T02:20:00+00:00,2022-09-07T02:25:00+00:00,canonical_5m,2022-09-07T02:24:32.094000+00:00,1440375200,18500.00,1850000,5.656,2797461958,2797461959,2,legacy_local_daily_aggtrades,/Users/yeshevika/Documents/Codex/2026-05-30/sfp-vah-val-poc-cvd-one/tick data/2022/09.2022/BTCUSDT-aggTrades-2022-09-07.zip,b3388b1ee6eea40db3ea23268967d4e9b82f87dafb59279b6f5130331a3ea52b
E00422,primary,aggTrades,agg_trade,futures,2022-09-07,2022-09-07T02:20:00+00:00,2022-09-07T02:25:00+00:00,canonical_5m,2022-09-07T02:24:32.105000+00:00,1440375202,18500.00,1850000,10.952,2797461969,2797461988,20,legacy_local_daily_aggtrades,/Users/yeshevika/Documents/Codex/2026-05-30/sfp-vah-val-poc-cvd-one/tick data/2022/09.2022/BTCUSDT-aggTrades-2022-09-07.zip,b3388b1ee6eea40db3ea23268967d4e9b82f87dafb59279b6f5130331a3ea52b
E00422,primary,aggTrades,agg_trade,futures,2022-09-07,2022-09-07T02:20:00+00:00,2022-09-07T02:25:00+00:00,canonical_5m,2022-09-07T02:24:32.204000+00:00,1440375226,18500.00,1850000,4.958,2797462074,2797462125,52,legacy_local_daily_aggtrades,/Users/yeshevika/Documents/Codex/2026-05-30/sfp-vah-val-poc-cvd-one/tick data/2022/09.2022/BTCUSDT-aggTrades-2022-09-07.zip,b3388b1ee6eea40db3ea23268967d4e9b82f87dafb59279b6f5130331a3ea52b
E00422,primary,aggTrades,agg_trade,futures,2022-09-07,2022-09-07T02:20:00+00:00,2022-09-07T02:25:00+00:00,canonical_5m,2022-09-07T02:24:32.237000+00:00,1440375235,18500.00,1850000,12.642,2797462155,2797462267,113,legacy_local_daily_aggtrades,/Users/yeshevika/Documents/Codex/2026-05-30/sfp-vah-val-poc-cvd-one/tick data/2022/09.2022/BTCUSDT-aggTrades-2022-09-07.zip,b3388b1ee6eea40db3ea23268967d4e9b82f87dafb59279b6f5130331a3ea52b
E00422,primary,aggTrades,agg_trade,futures,2022-09-07,2022-09-07T02:20:00+00:00,2022-09-07T02:25:00+00:00,canonical_5m,2022-09-07T02:24:32.245000+00:00,1440375238,18500.00,1850000,0.013,2797462275,2797462276,2,legacy_local_daily_aggtrades,/Users/yeshevika/Documents/Codex/2026-05-30/sfp-vah-val-poc-cvd-one/tick data/2022/09.2022/BTCUSDT-aggTrades-2022-09-07.zip,b3388b1ee6eea40db3ea23268967d4e9b82f87dafb59279b6f5130331a3ea52b
E00422,primary,aggTrades,agg_trade,futures,2022-09-07,2022-09-07T02:20:00+00:00,2022-09-07T02:25:00+00:00,canonical_5m,2022-09-07T02:24:32.270000+00:00,1440375251,18500.00,1850000,0.307,2797462303,2797462319,17,legacy_local_daily_aggtrades,/Users/yeshevika/Documents/Codex/2026-05-30/sfp-vah-val-poc-cvd-one/tick data/2022/09.2022/BTCUSDT-aggTrades-2022-09-07.zip,b3388b1ee6eea40db3ea23268967d4e9b82f87dafb59279b6f5130331a3ea52b
E00422,primary,aggTrades,agg_trade,futures,2022-09-07,2022-09-07T02:20:00+00:00,2022-09-07T02:25:00+00:00,canonical_5m,2022-09-07T02:24:32.300000+00:00,1440375257,18500.00,1850000,5.851,2797462332,2797462358,27,legacy_local_daily_aggtrades,/Users/yeshevika/Documents/Codex/2026-05-30/sfp-vah-val-poc-cvd-one/tick data/2022/09.2022/BTCUSDT-aggTrades-2022-09-07.zip,b3388b1ee6eea40db3ea23268967d4e9b82f87dafb59279b6f5130331a3ea52b
E00422,primary,aggTrades,agg_trade,futures,2022-09-07,2022-09-07T02:20:00+00:00,2022-09-07T02:25:00+00:00,canonical_5m,2022-09-07T02:24:32.303000+00:00,1440375259,18500.00,1850000,0.678,2797462363,2797462368,6,legacy_local_daily_aggtrades,/Users/yeshevika/Documents/Codex/2026-05-30/sfp-vah-val-poc-cvd-one/tick data/2022/09.2022/BTCUSDT-aggTrades-2022-09-07.zip,b3388b1ee6eea40db3ea23268967d4e9b82f87dafb59279b6f5130331a3ea52b
E00422,primary,aggTrades,agg_trade,futures,2022-09-07,2022-09-07T02:20:00+00:00,2022-09-07T02:25:00+00:00,canonical_5m,2022-09-07T02:24:32.317000+00:00,1440375261,18500.00,1850000,0.158,2797462377,2797462381,5,legacy_local_daily_aggtrades,/Users/yeshevika/Documents/Codex/2026-05-30/sfp-vah-val-poc-cvd-one/tick data/2022/09.2022/BTCUSDT-aggTrades-2022-09-07.zip,b3388b1ee6eea40db3ea23268967d4e9b82f87dafb59279b6f5130331a3ea52b
E00422,primary,aggTrades,agg_trade,futures,2022-09-07,2022-09-07T02:20:00+00:00,2022-09-07T02:25:00+00:00,canonical_5m,2022-09-07T02:24:32.325000+00:00,1440375263,18500.00,1850000,4.772,2797462386,2797462435,50,legacy_local_daily_aggtrades,/Users/yeshevika/Documents/Codex/2026-05-30/sfp-vah-val-poc-cvd-one/tick data/2022/09.2022/BTCUSDT-aggTrades-2022-09-07.zip,b3388b1ee6eea40db3ea23268967d4e9b82f87dafb59279b6f5130331a3ea52b
E00422,primary,aggTrades,agg_trade,futures,2022-09-07,2022-09-07T02:20:00+00:00,2022-09-07T02:25:00+00:00,canonical_5m,2022-09-07T02:24:32.337000+00:00,1440375265,18500.00,1850000,0.472,2797462438,2797462444,7,legacy_local_daily_aggtrades,/Users/yeshevika/Documents/Codex/2026-05-30/sfp-vah-val-poc-cvd-one/tick data/2022/09.2022/BTCUSDT-aggTrades-2022-09-07.zip,b3388b1ee6eea40db3ea23268967d4e9b82f87dafb59279b6f5130331a3ea52b
E00422,primary,aggTrades,agg_trade,futures,2022-09-07,2022-09-07T02:20:00+00:00,2022-09-07T02:25:00+00:00,canonical_5m,2022-09-07T02:24:32.370000+00:00,1440375268,18500.00,1850000,0.209,2797462461,2797462470,10,legacy_local_daily_aggtrades,/Users/yeshevika/Documents/Codex/2026-05-30/sfp-vah-val-poc-cvd-one/tick data/2022/09.2022/BTCUSDT-aggTrades-2022-09-07.zip,b3388b1ee6eea40db3ea23268967d4e9b82f87dafb59279b6f5130331a3ea52b
E00422,primary,aggTrades,agg_trade,futures,2022-09-07,2022-09-07T02:20:00+00:00,2022-09-07T02:25:00+00:00,canonical_5m,2022-09-07T02:24:32.382000+00:00,1440375271,18500.00,1850000,0.002,2797462479,2797462480,2,legacy_local_daily_aggtrades,/Users/yeshevika/Documents/Codex/2026-05-30/sfp-vah-val-poc-cvd-one/tick data/2022/09.2022/BTCUSDT-aggTrades-2022-09-07.zip,b3388b1ee6eea40db3ea23268967d4e9b82f87dafb59279b6f5130331a3ea52b
E00422,primary,aggTrades,agg_trade,futures,2022-09-07,2022-09-07T02:20:00+00:00,2022-09-07T02:25:00+00:00,canonical_5m,2022-09-07T02:24:32.459000+00:00,1440375303,18500.00,1850000,1.373,2797462582,2797462595,14,legacy_local_daily_aggtrades,/Users/yeshevika/Documents/Codex/2026-05-30/sfp-vah-val-poc-cvd-one/tick data/2022/09.2022/BTCUSDT-aggTrades-2022-09-07.zip,b3388b1ee6eea40db3ea23268967d4e9b82f87dafb59279b6f5130331a3ea52b
E00422,primary,aggTrades,agg_trade,futures,2022-09-07,2022-09-07T02:20:00+00:00,2022-09-07T02:25:00+00:00,canonical_5m,2022-09-07T02:24:32.462000+00:00,1440375305,18500.00,1850000,0.001,2797462597,2797462597,1,legacy_local_daily_aggtrades,/Users/yeshevika/Documents/Codex/2026-05-30/sfp-vah-val-poc-cvd-one/tick data/2022/09.2022/BTCUSDT-aggTrades-2022-09-07.zip,b3388b1ee6eea40db3ea23268967d4e9b82f87dafb59279b6f5130331a3ea52b
E00422,primary,aggTrades,agg_trade,futures,2022-09-07,2022-09-07T02:20:00+00:00,2022-09-07T02:25:00+00:00,canonical_5m,2022-09-07T02:24:32.467000+00:00,1440375307,18500.00,1850000,0.001,2797462601,2797462601,1,legacy_local_daily_aggtrades,/Users/yeshevika/Documents/Codex/2026-05-30/sfp-vah-val-poc-cvd-one/tick data/2022/09.2022/BTCUSDT-aggTrades-2022-09-07.zip,b3388b1ee6eea40db3ea23268967d4e9b82f87dafb59279b6f5130331a3ea52b
E00422,primary,aggTrades,agg_trade,futures,2022-09-07,2022-09-07T02:20:00+00:00,2022-09-07T02:25:00+00:00,canonical_5m,2022-09-07T02:24:32.468000+00:00,1440375309,18500.00,1850000,0.025,2797462603,2797462603,1,legacy_local_daily_aggtrades,/Users/yeshevika/Documents/Codex/2026-05-30/sfp-vah-val-poc-cvd-one/tick data/2022/09.2022/BTCUSDT-aggTrades-2022-09-07.zip,b3388b1ee6eea40db3ea23268967d4e9b82f87dafb59279b6f5130331a3ea52b
E00422,primary,aggTrades,agg_trade,futures,2022-09-07,2022-09-07T02:20:00+00:00,2022-09-07T02:25:00+00:00,canonical_5m,2022-09-07T02:24:32.475000+00:00,1440375315,18500.00,1850000,0.098,2797462611,2797462611,1,legacy_local_daily_aggtrades,/Users/yeshevika/Documents/Codex/2026-05-30/sfp-vah-val-poc-cvd-one/tick data/2022/09.2022/BTCUSDT-aggTrades-2022-09-07.zip,b3388b1ee6eea40db3ea23268967d4e9b82f87dafb59279b6f5130331a3ea52b
E00422,primary,aggTrades,agg_trade,futures,2022-09-07,2022-09-07T02:20:00+00:00,2022-09-07T02:25:00+00:00,canonical_5m,2022-09-07T02:24:32.491000+00:00,1440375344,18500.00,1850000,0.089,2797462682,2797462684,3,legacy_local_daily_aggtrades,/Users/yeshevika/Documents/Codex/2026-05-30/sfp-vah-val-poc-cvd-one/tick data/2022/09.2022/BTCUSDT-aggTrades-2022-09-07.zip,b3388b1ee6eea40db3ea23268967d4e9b82f87dafb59279b6f5130331a3ea52b
E00422,primary,aggTrades,agg_trade,futures,2022-09-07,2022-09-07T02:20:00+00:00,2022-09-07T02:25:00+00:00,canonical_5m,2022-09-07T02:24:32.503000+00:00,1440375357,18500.00,1850000,3.058,2797462712,2797462739,28,legacy_local_daily_aggtrades,/Users/yeshevika/Documents/Codex/2026-05-30/sfp-vah-val-poc-cvd-one/tick data/2022/09.2022/BTCUSDT-aggTrades-2022-09-07.zip,b3388b1ee6eea40db3ea23268967d4e9b82f87dafb59279b6f5130331a3ea52b
E00422,primary,aggTrades,agg_trade,futures,2022-09-07,2022-09-07T02:20:00+00:00,2022-09-07T02:25:00+00:00,canonical_5m,2022-09-07T02:24:32.575000+00:00,1440375450,18500.00,1850000,14.906,2797462934,2797463112,179,legacy_local_daily_aggtrades,/Users/yeshevika/Documents/Codex/2026-05-30/sfp-vah-val-poc-cvd-one/tick data/2022/09.2022/BTCUSDT-aggTrades-2022-09-07.zip,b3388b1ee6eea40db3ea23268967d4e9b82f87dafb59279b6f5130331a3ea52b
E00422,primary,aggTrades,agg_trade,futures,2022-09-07,2022-09-07T02:20:00+00:00,2022-09-07T02:25:00+00:00,canonical_5m,2022-09-07T02:24:32.611000+00:00,1440375453,18500.00,1850000,0.022,2797463131,2797463138,8,legacy_local_daily_aggtrades,/Users/yeshevika/Documents/Codex/2026-05-30/sfp-vah-val-poc-cvd-one/tick data/2022/09.2022/BTCUSDT-aggTrades-2022-09-07.zip,b3388b1ee6eea40db3ea23268967d4e9b82f87dafb59279b6f5130331a3ea52b
E00422,primary,aggTrades,agg_trade,futures,2022-09-07,2022-09-07T02:20:00+00:00,2022-09-07T02:25:00+00:00,canonical_5m,2022-09-07T02:24:32.630000+00:00,1440375457,18500.00,1850000,0.022,2797463145,2797463150,6,legacy_local_daily_aggtrades,/Users/yeshevika/Documents/Codex/2026-05-30/sfp-vah-val-poc-cvd-one/tick data/2022/09.2022/BTCUSDT-aggTrades-2022-09-07.zip,b3388b1ee6eea40db3ea23268967d4e9b82f87dafb59279b6f5130331a3ea52b
E00422,primary,aggTrades,agg_trade,futures,2022-09-07,2022-09-07T02:20:00+00:00,2022-09-07T02:25:00+00:00,canonical_5m,2022-09-07T02:24:32.638000+00:00,1440375459,18500.00,1850000,1.359,2797463154,2797463177,24,legacy_local_daily_aggtrades,/Users/yeshevika/Documents/Codex/2026-05-30/sfp-vah-val-poc-cvd-one/tick data/2022/09.2022/BTCUSDT-aggTrades-2022-09-07.zip,b3388b1ee6eea40db3ea23268967d4e9b82f87dafb59279b6f5130331a3ea52b
E00422,primary,aggTrades,agg_trade,futures,2022-09-07,2022-09-07T02:20:00+00:00,2022-09-07T02:25:00+00:00,canonical_5m,2022-09-07T02:24:32.640000+00:00,1440375461,18500.00,1850000,0.005,2797463182,2797463182,1,legacy_local_daily_aggtrades,/Users/yeshevika/Documents/Codex/2026-05-30/sfp-vah-val-poc-cvd-one/tick data/2022/09.2022/BTCUSDT-aggTrades-2022-09-07.zip,b3388b1ee6eea40db3ea23268967d4e9b82f87dafb59279b6f5130331a3ea52b
E00422,primary,aggTrades,agg_trade,futures,2022-09-07,2022-09-07T02:20:00+00:00,2022-09-07T02:25:00+00:00,canonical_5m,2022-09-07T02:24:32.641000+00:00,1440375463,18500.00,1850000,0.007,2797463185,2797463189,5,legacy_local_daily_aggtrades,/Users/yeshevika/Documents/Codex/2026-05-30/sfp-vah-val-poc-cvd-one/tick data/2022/09.2022/BTCUSDT-aggTrades-2022-09-07.zip,b3388b1ee6eea40db3ea23268967d4e9b82f87dafb59279b6f5130331a3ea52b
E00422,primary,aggTrades,agg_trade,futures,2022-09-07,2022-09-07T02:20:00+00:00,2022-09-07T02:25:00+00:00,canonical_5m,2022-09-07T02:24:32.646000+00:00,1440375466,18500.00,1850000,0.030,2797463198,2797463199,2,legacy_local_daily_aggtrades,/Users/yeshevika/Documents/Codex/2026-05-30/sfp-vah-val-poc-cvd-one/tick data/2022/09.2022/BTCUSDT-aggTrades-2022-09-07.zip,b3388b1ee6eea40db3ea23268967d4e9b82f87dafb59279b6f5130331a3ea52b
E00422,primary,aggTrades,agg_trade,futures,2022-09-07,2022-09-07T02:20:00+00:00,2022-09-07T02:25:00+00:00,canonical_5m,2022-09-07T02:24:32.648000+00:00,1440375469,18500.00,1850000,0.023,2797463203,2797463205,3,legacy_local_daily_aggtrades,/Users/yeshevika/Documents/Codex/2026-05-30/sfp-vah-val-poc-cvd-one/tick data/2022/09.2022/BTCUSDT-aggTrades-2022-09-07.zip,b3388b1ee6eea40db3ea23268967d4e9b82f87dafb59279b6f5130331a3ea52b
E00422,primary,aggTrades,agg_trade,futures,2022-09-07,2022-09-07T02:20:00+00:00,2022-09-07T02:25:00+00:00,canonical_5m,2022-09-07T02:24:32.655000+00:00,1440375471,18500.00,1850000,0.010,2797463210,2797463210,1,legacy_local_daily_aggtrades,/Users/yeshevika/Documents/Codex/2026-05-30/sfp-vah-val-poc-cvd-one/tick data/2022/09.2022/BTCUSDT-aggTrades-2022-09-07.zip,b3388b1ee6eea40db3ea23268967d4e9b82f87dafb59279b6f5130331a3ea52b
E00422,primary,aggTrades,agg_trade,futures,2022-09-07,2022-09-07T02:20:00+00:00,2022-09-07T02:25:00+00:00,canonical_5m,2022-09-07T02:24:32.656000+00:00,1440375473,18500.00,1850000,0.011,2797463214,2797463216,3,legacy_local_daily_aggtrades,/Users/yeshevika/Documents/Codex/2026-05-30/sfp-vah-val-poc-cvd-one/tick data/2022/09.2022/BTCUSDT-aggTrades-2022-09-07.zip,b3388b1ee6eea40db3ea23268967d4e9b82f87dafb59279b6f5130331a3ea52b
E00422,primary,aggTrades,agg_trade,futures,2022-09-07,2022-09-07T02:20:00+00:00,2022-09-07T02:25:00+00:00,canonical_5m,2022-09-07T02:24:32.658000+00:00,1440375475,18500.00,1850000,0.001,2797463219,2797463219,1,legacy_local_daily_aggtrades,/Users/yeshevika/Documents/Codex/2026-05-30/sfp-vah-val-poc-cvd-one/tick data/2022/09.2022/BTCUSDT-aggTrades-2022-09-07.zip,b3388b1ee6eea40db3ea23268967d4e9b82f87dafb59279b6f5130331a3ea52b
E00422,primary,aggTrades,agg_trade,futures,2022-09-07,2022-09-07T02:20:00+00:00,2022-09-07T02:25:00+00:00,canonical_5m,2022-09-07T02:24:32.701000+00:00,1440375537,18500.00,1850000,0.289,2797463409,2797463411,3,legacy_local_daily_aggtrades,/Users/yeshevika/Documents/Codex/2026-05-30/sfp-vah-val-poc-cvd-one/tick data/2022/09.2022/BTCUSDT-aggTrades-2022-09-07.zip,b3388b1ee6eea40db3ea23268967d4e9b82f87dafb59279b6f5130331a3ea52b
E00422,primary,aggTrades,agg_trade,futures,2022-09-07,2022-09-07T02:20:00+00:00,2022-09-07T02:25:00+00:00,canonical_5m,2022-09-07T02:24:32.706000+00:00,1440375543,18500.00,1850000,0.001,2797463423,2797463423,1,legacy_local_daily_aggtrades,/Users/yeshevika/Documents/Codex/2026-05-30/sfp-vah-val-poc-cvd-one/tick data/2022/09.2022/BTCUSDT-aggTrades-2022-09-07.zip,b3388b1ee6eea40db3ea23268967d4e9b82f87dafb59279b6f5130331a3ea52b
E00422,primary,aggTrades,agg_trade,futures,2022-09-07,2022-09-07T02:20:00+00:00,2022-09-07T02:25:00+00:00,canonical_5m,2022-09-07T02:24:32.709000+00:00,1440375550,18500.00,1850000,0.083,2797463432,2797463433,2,legacy_local_daily_aggtrades,/Users/yeshevika/Documents/Codex/2026-05-30/sfp-vah-val-poc-cvd-one/tick data/2022/09.2022/BTCUSDT-aggTrades-2022-09-07.zip,b3388b1ee6eea40db3ea23268967d4e9b82f87dafb59279b6f5130331a3ea52b
E00422,primary,aggTrades,agg_trade,futures,2022-09-07,2022-09-07T02:20:00+00:00,2022-09-07T02:25:00+00:00,canonical_5m,2022-09-07T02:24:53.235000+00:00,1440381473,18500.00,1850000,54.909,2797479384,2797479926,543,legacy_local_daily_aggtrades,/Users/yeshevika/Documents/Codex/2026-05-30/sfp-vah-val-poc-cvd-one/tick data/2022/09.2022/BTCUSDT-aggTrades-2022-09-07.zip,b3388b1ee6eea40db3ea23268967d4e9b82f87dafb59279b6f5130331a3ea52b
E00422,primary,aggTrades,agg_trade,futures,2022-09-07,2022-09-07T02:20:00+00:00,2022-09-07T02:25:00+00:00,canonical_5m,2022-09-07T02:24:53.242000+00:00,1440381539,18500.00,1850000,13.109,2797480164,2797480184,21,legacy_local_daily_aggtrades,/Users/yeshevika/Documents/Codex/2026-05-30/sfp-vah-val-poc-cvd-one/tick data/2022/09.2022/BTCUSDT-aggTrades-2022-09-07.zip,b3388b1ee6eea40db3ea23268967d4e9b82f87dafb59279b6f5130331a3ea52b
E00422,primary,aggTrades,agg_trade,futures,2022-09-07,2022-09-07T02:20:00+00:00,2022-09-07T02:25:00+00:00,canonical_5m,2022-09-07T02:24:53.242000+00:00,1440381546,18500.00,1850000,11.754,2797480191,2797480229,39,legacy_local_daily_aggtrades,/Users/yeshevika/Documents/Codex/2026-05-30/sfp-vah-val-poc-cvd-one/tick data/2022/09.2022/BTCUSDT-aggTrades-2022-09-07.zip,b3388b1ee6eea40db3ea23268967d4e9b82f87dafb59279b6f5130331a3ea52b
E00423,primary,aggTrades,agg_trade,futures,2022-09-13,2022-09-13T12:30:00+00:00,2022-09-13T12:35:00+00:00,canonical_5m,2022-09-13T12:30:04.727000+00:00,1448772922,22850.0,2285000,77.76,2823619655,2823620022,368,legacy_local_daily_aggtrades,/Users/yeshevika/Documents/Codex/2026-05-30/sfp-vah-val-poc-cvd-one/tick data/2022/09.2022/BTCUSDT-aggTrades-2022-09-13.zip,f578a654c08084af2c85e304faf4a59572a1bcbaff92aab49987148ed2d1f9b4
E00423,primary,aggTrades,agg_trade,futures,2022-09-13,2022-09-13T12:30:00+00:00,2022-09-13T12:35:00+00:00,canonical_5m,2022-09-13T12:30:04.733000+00:00,1448772925,22850.0,2285000,0.163,2823620031,2823620031,1,legacy_local_daily_aggtrades,/Users/yeshevika/Documents/Codex/2026-05-30/sfp-vah-val-poc-cvd-one/tick data/2022/09.2022/BTCUSDT-aggTrades-2022-09-13.zip,f578a654c08084af2c85e304faf4a59572a1bcbaff92aab49987148ed2d1f9b4
E00423,primary,aggTrades,agg_trade,futures,2022-09-13,2022-09-13T12:30:00+00:00,2022-09-13T12:35:00+00:00,canonical_5m,2022-09-13T12:30:04.735000+00:00,1448772927,22850.0,2285000,0.932,2823620034,2823620038,5,legacy_local_daily_aggtrades,/Users/yeshevika/Documents/Codex/2026-05-30/sfp-vah-val-poc-cvd-one/tick data/2022/09.2022/BTCUSDT-aggTrades-2022-09-13.zip,f578a654c08084af2c85e304faf4a59572a1bcbaff92aab49987148ed2d1f9b4
E00423,primary,aggTrades,agg_trade,futures,2022-09-13,2022-09-13T12:30:00+00:00,2022-09-13T12:35:00+00:00,canonical_5m,2022-09-13T12:30:04.738000+00:00,1448772929,22850.0,2285000,0.3,2823620040,2823620040,1,legacy_local_daily_aggtrades,/Users/yeshevika/Documents/Codex/2026-05-30/sfp-vah-val-poc-cvd-one/tick data/2022/09.2022/BTCUSDT-aggTrades-2022-09-13.zip,f578a654c08084af2c85e304faf4a59572a1bcbaff92aab49987148ed2d1f9b4
E00423,primary,aggTrades,agg_trade,futures,2022-09-13,2022-09-13T12:30:00+00:00,2022-09-13T12:35:00+00:00,canonical_5m,2022-09-13T12:30:04.744000+00:00,1448772933,22850.0,2285000,0.151,2823620045,2823620045,1,legacy_local_daily_aggtrades,/Users/yeshevika/Documents/Codex/2026-05-30/sfp-vah-val-poc-cvd-one/tick data/2022/09.2022/BTCUSDT-aggTrades-2022-09-13.zip,f578a654c08084af2c85e304faf4a59572a1bcbaff92aab49987148ed2d1f9b4
E00423,primary,aggTrades,agg_trade,futures,2022-09-13,2022-09-13T12:30:00+00:00,2022-09-13T12:35:00+00:00,canonical_5m,2022-09-13T12:30:04.745000+00:00,1448772938,22850.0,2285000,0.041,2823620054,2823620054,1,legacy_local_daily_aggtrades,/Users/yeshevika/Documents/Codex/2026-05-30/sfp-vah-val-poc-cvd-one/tick data/2022/09.2022/BTCUSDT-aggTrades-2022-09-13.zip,f578a654c08084af2c85e304faf4a59572a1bcbaff92aab49987148ed2d1f9b4
E00423,primary,aggTrades,agg_trade,futures,2022-09-13,2022-09-13T12:30:00+00:00,2022-09-13T12:35:00+00:00,canonical_5m,2022-09-13T12:30:04.747000+00:00,1448772940,22850.0,2285000,0.57,2823620059,2823620059,1,legacy_local_daily_aggtrades,/Users/yeshevika/Documents/Codex/2026-05-30/sfp-vah-val-poc-cvd-one/tick data/2022/09.2022/BTCUSDT-aggTrades-2022-09-13.zip,f578a654c08084af2c85e304faf4a59572a1bcbaff92aab49987148ed2d1f9b4
E00423,primary,aggTrades,agg_trade,futures,2022-09-13,2022-09-13T12:30:00+00:00,2022-09-13T12:35:00+00:00,canonical_5m,2022-09-13T12:30:04.753000+00:00,1448772946,22850.0,2285000,18.995,2823620073,2823620074,2,legacy_local_daily_aggtrades,/Users/yeshevika/Documents/Codex/2026-05-30/sfp-vah-val-poc-cvd-one/tick data/2022/09.2022/BTCUSDT-aggTrades-2022-09-13.zip,f578a654c08084af2c85e304faf4a59572a1bcbaff92aab49987148ed2d1f9b4
E00423,primary,aggTrades,agg_trade,futures,2022-09-13,2022-09-13T12:30:00+00:00,2022-09-13T12:35:00+00:00,canonical_5m,2022-09-13T12:30:04.755000+00:00,1448772949,22850.0,2285000,0.043,2823620077,2823620077,1,legacy_local_daily_aggtrades,/Users/yeshevika/Documents/Codex/2026-05-30/sfp-vah-val-poc-cvd-one/tick data/2022/09.2022/BTCUSDT-aggTrades-2022-09-13.zip,f578a654c08084af2c85e304faf4a59572a1bcbaff92aab49987148ed2d1f9b4
E00423,primary,aggTrades,agg_trade,futures,2022-09-13,2022-09-13T12:30:00+00:00,2022-09-13T12:35:00+00:00,canonical_5m,2022-09-13T12:30:04.755000+00:00,1448772951,22850.0,2285000,0.035,2823620079,2823620079,1,legacy_local_daily_aggtrades,/Users/yeshevika/Documents/Codex/2026-05-30/sfp-vah-val-poc-cvd-one/tick data/2022/09.2022/BTCUSDT-aggTrades-2022-09-13.zip,f578a654c08084af2c85e304faf4a59572a1bcbaff92aab49987148ed2d1f9b4
E00423,primary,aggTrades,agg_trade,futures,2022-09-13,2022-09-13T12:30:00+00:00,2022-09-13T12:35:00+00:00,canonical_5m,2022-09-13T12:30:04.760000+00:00,1448772966,22850.0,2285000,1.159,2823620105,2823620105,1,legacy_local_daily_aggtrades,/Users/yeshevika/Documents/Codex/2026-05-30/sfp-vah-val-poc-cvd-one/tick data/2022/09.2022/BTCUSDT-aggTrades-2022-09-13.zip,f578a654c08084af2c85e304faf4a59572a1bcbaff92aab49987148ed2d1f9b4
E00423,primary,aggTrades,agg_trade,futures,2022-09-13,2022-09-13T12:30:00+00:00,2022-09-13T12:35:00+00:00,canonical_5m,2022-09-13T12:30:04.760000+00:00,1448772968,22850.0,2285000,1.667,2823620107,2823620108,2,legacy_local_daily_aggtrades,/Users/yeshevika/Documents/Codex/2026-05-30/sfp-vah-val-poc-cvd-one/tick data/2022/09.2022/BTCUSDT-aggTrades-2022-09-13.zip,f578a654c08084af2c85e304faf4a59572a1bcbaff92aab49987148ed2d1f9b4
E00423,primary,aggTrades,agg_trade,futures,2022-09-13,2022-09-13T12:30:00+00:00,2022-09-13T12:35:00+00:00,canonical_5m,2022-09-13T12:30:04.780000+00:00,1448773016,22850.0,2285000,0.012,2823620167,2823620167,1,legacy_local_daily_aggtrades,/Users/yeshevika/Documents/Codex/2026-05-30/sfp-vah-val-poc-cvd-one/tick data/2022/09.2022/BTCUSDT-aggTrades-2022-09-13.zip,f578a654c08084af2c85e304faf4a59572a1bcbaff92aab49987148ed2d1f9b4
E00423,primary,aggTrades,agg_trade,futures,2022-09-13,2022-09-13T12:30:00+00:00,2022-09-13T12:35:00+00:00,canonical_5m,2022-09-13T12:30:04.784000+00:00,1448773018,22850.0,2285000,0.332,2823620172,2823620175,4,legacy_local_daily_aggtrades,/Users/yeshevika/Documents/Codex/2026-05-30/sfp-vah-val-poc-cvd-one/tick data/2022/09.2022/BTCUSDT-aggTrades-2022-09-13.zip,f578a654c08084af2c85e304faf4a59572a1bcbaff92aab49987148ed2d1f9b4
E00423,primary,aggTrades,agg_trade,futures,2022-09-13,2022-09-13T12:30:00+00:00,2022-09-13T12:35:00+00:00,canonical_5m,2022-09-13T12:30:04.835000+00:00,1448773076,22850.0,2285000,0.228,2823620269,2823620269,1,legacy_local_daily_aggtrades,/Users/yeshevika/Documents/Codex/2026-05-30/sfp-vah-val-poc-cvd-one/tick data/2022/09.2022/BTCUSDT-aggTrades-2022-09-13.zip,f578a654c08084af2c85e304faf4a59572a1bcbaff92aab49987148ed2d1f9b4
E00423,primary,aggTrades,agg_trade,futures,2022-09-13,2022-09-13T12:30:00+00:00,2022-09-13T12:35:00+00:00,canonical_5m,2022-09-13T12:30:04.840000+00:00,1448773078,22850.0,2285000,1.001,2823620276,2823620277,2,legacy_local_daily_aggtrades,/Users/yeshevika/Documents/Codex/2026-05-30/sfp-vah-val-poc-cvd-one/tick data/2022/09.2022/BTCUSDT-aggTrades-2022-09-13.zip,f578a654c08084af2c85e304faf4a59572a1bcbaff92aab49987148ed2d1f9b4
E00423,primary,aggTrades,agg_trade,futures,2022-09-13,2022-09-13T12:30:00+00:00,2022-09-13T12:35:00+00:00,canonical_5m,2022-09-13T12:30:04.847000+00:00,1448773080,22850.0,2285000,11.058,2823620281,2823620281,1,legacy_local_daily_aggtrades,/Users/yeshevika/Documents/Codex/2026-05-30/sfp-vah-val-poc-cvd-one/tick data/2022/09.2022/BTCUSDT-aggTrades-2022-09-13.zip,f578a654c08084af2c85e304faf4a59572a1bcbaff92aab49987148ed2d1f9b4
E00423,primary,aggTrades,agg_trade,futures,2022-09-13,2022-09-13T12:30:00+00:00,2022-09-13T12:35:00+00:00,canonical_5m,2022-09-13T12:30:04.848000+00:00,1448773083,22850.0,2285000,0.228,2823620285,2823620285,1,legacy_local_daily_aggtrades,/Users/yeshevika/Documents/Codex/2026-05-30/sfp-vah-val-poc-cvd-one/tick data/2022/09.2022/BTCUSDT-aggTrades-2022-09-13.zip,f578a654c08084af2c85e304faf4a59572a1bcbaff92aab49987148ed2d1f9b4
E00423,primary,aggTrades,agg_trade,futures,2022-09-13,2022-09-13T12:30:00+00:00,2022-09-13T12:35:00+00:00,canonical_5m,2022-09-13T12:30:04.850000+00:00,1448773086,22850.0,2285000,8.327,2823620292,2823620292,1,legacy_local_daily_aggtrades,/Users/yeshevika/Documents/Codex/2026-05-30/sfp-vah-val-poc-cvd-one/tick data/2022/09.2022/BTCUSDT-aggTrades-2022-09-13.zip,f578a654c08084af2c85e304faf4a59572a1bcbaff92aab49987148ed2d1f9b4
E00423,primary,aggTrades,agg_trade,futures,2022-09-13,2022-09-13T12:30:00+00:00,2022-09-13T12:35:00+00:00,canonical_5m,2022-09-13T12:30:04.887000+00:00,1448773119,22850.0,2285000,0.07,2823620345,2823620345,1,legacy_local_daily_aggtrades,/Users/yeshevika/Documents/Codex/2026-05-30/sfp-vah-val-poc-cvd-one/tick data/2022/09.2022/BTCUSDT-aggTrades-2022-09-13.zip,f578a654c08084af2c85e304faf4a59572a1bcbaff92aab49987148ed2d1f9b4
E00423,primary,aggTrades,agg_trade,futures,2022-09-13,2022-09-13T12:30:00+00:00,2022-09-13T12:35:00+00:00,canonical_5m,2022-09-13T12:30:04.895000+00:00,1448773126,22850.0,2285000,0.724,2823620353,2823620354,2,legacy_local_daily_aggtrades,/Users/yeshevika/Documents/Codex/2026-05-30/sfp-vah-val-poc-cvd-one/tick data/2022/09.2022/BTCUSDT-aggTrades-2022-09-13.zip,f578a654c08084af2c85e304faf4a59572a1bcbaff92aab49987148ed2d1f9b4
E00423,primary,aggTrades,agg_trade,futures,2022-09-13,2022-09-13T12:30:00+00:00,2022-09-13T12:35:00+00:00,canonical_5m,2022-09-13T12:30:04.905000+00:00,1448773129,22850.0,2285000,0.505,2823620359,2823620359,1,legacy_local_daily_aggtrades,/Users/yeshevika/Documents/Codex/2026-05-30/sfp-vah-val-poc-cvd-one/tick data/2022/09.2022/BTCUSDT-aggTrades-2022-09-13.zip,f578a654c08084af2c85e304faf4a59572a1bcbaff92aab49987148ed2d1f9b4
E00423,primary,aggTrades,agg_trade,futures,2022-09-13,2022-09-13T12:30:00+00:00,2022-09-13T12:35:00+00:00,canonical_5m,2022-09-13T12:30:04.908000+00:00,1448773131,22850.0,2285000,1.501,2823620361,2823620362,2,legacy_local_daily_aggtrades,/Users/yeshevika/Documents/Codex/2026-05-30/sfp-vah-val-poc-cvd-one/tick data/2022/09.2022/BTCUSDT-aggTrades-2022-09-13.zip,f578a654c08084af2c85e304faf4a59572a1bcbaff92aab49987148ed2d1f9b4
E00423,primary,aggTrades,agg_trade,futures,2022-09-13,2022-09-13T12:30:00+00:00,2022-09-13T12:35:00+00:00,canonical_5m,2022-09-13T12:30:04.913000+00:00,1448773133,22850.0,2285000,0.512,2823620364,2823620365,2,legacy_local_daily_aggtrades,/Users/yeshevika/Documents/Codex/2026-05-30/sfp-vah-val-poc-cvd-one/tick data/2022/09.2022/BTCUSDT-aggTrades-2022-09-13.zip,f578a654c08084af2c85e304faf4a59572a1bcbaff92aab49987148ed2d1f9b4
E00423,primary,aggTrades,agg_trade,futures,2022-09-13,2022-09-13T12:30:00+00:00,2022-09-13T12:35:00+00:00,canonical_5m,2022-09-13T12:30:04.929000+00:00,1448773137,22850.0,2285000,0.096,2823620381,2823620381,1,legacy_local_daily_aggtrades,/Users/yeshevika/Documents/Codex/2026-05-30/sfp-vah-val-poc-cvd-one/tick data/2022/09.2022/BTCUSDT-aggTrades-2022-09-13.zip,f578a654c08084af2c85e304faf4a59572a1bcbaff92aab49987148ed2d1f9b4
E00423,primary,aggTrades,agg_trade,futures,2022-09-13,2022-09-13T12:30:00+00:00,2022-09-13T12:35:00+00:00,canonical_5m,2022-09-13T12:30:04.929000+00:00,1448773139,22850.0,2285000,0.012,2823620383,2823620383,1,legacy_local_daily_aggtrades,/Users/yeshevika/Documents/Codex/2026-05-30/sfp-vah-val-poc-cvd-one/tick data/2022/09.2022/BTCUSDT-aggTrades-2022-09-13.zip,f578a654c08084af2c85e304faf4a59572a1bcbaff92aab49987148ed2d1f9b4
E00423,primary,aggTrades,agg_trade,futures,2022-09-13,2022-09-13T12:30:00+00:00,2022-09-13T12:35:00+00:00,canonical_5m,2022-09-13T12:30:04.932000+00:00,1448773141,22850.0,2285000,0.191,2823620385,2823620385,1,legacy_local_daily_aggtrades,/Users/yeshevika/Documents/Codex/2026-05-30/sfp-vah-val-poc-cvd-one/tick data/2022/09.2022/BTCUSDT-aggTrades-2022-09-13.zip,f578a654c08084af2c85e304faf4a59572a1bcbaff92aab49987148ed2d1f9b4
E00423,primary,aggTrades,agg_trade,futures,2022-09-13,2022-09-13T12:30:00+00:00,2022-09-13T12:35:00+00:00,canonical_5m,2022-09-13T12:30:04.935000+00:00,1448773147,22850.0,2285000,1.253,2823620399,2823620401,3,legacy_local_daily_aggtrades,/Users/yeshevika/Documents/Codex/2026-05-30/sfp-vah-val-poc-cvd-one/tick data/2022/09.2022/BTCUSDT-aggTrades-2022-09-13.zip,f578a654c08084af2c85e304faf4a59572a1bcbaff92aab49987148ed2d1f9b4
E00423,primary,aggTrades,agg_trade,futures,2022-09-13,2022-09-13T12:30:00+00:00,2022-09-13T12:35:00+00:00,canonical_5m,2022-09-13T12:30:04.938000+00:00,1448773149,22850.0,2285000,0.057,2823620403,2823620403,1,legacy_local_daily_aggtrades,/Users/yeshevika/Documents/Codex/2026-05-30/sfp-vah-val-poc-cvd-one/tick data/2022/09.2022/BTCUSDT-aggTrades-2022-09-13.zip,f578a654c08084af2c85e304faf4a59572a1bcbaff92aab49987148ed2d1f9b4
E00423,primary,aggTrades,agg_trade,futures,2022-09-13,2022-09-13T12:30:00+00:00,2022-09-13T12:35:00+00:00,canonical_5m,2022-09-13T12:30:04.939000+00:00,1448773151,22850.0,2285000,2.009,2823620406,2823620409,4,legacy_local_daily_aggtrades,/Users/yeshevika/Documents/Codex/2026-05-30/sfp-vah-val-poc-cvd-one/tick data/2022/09.2022/BTCUSDT-aggTrades-2022-09-13.zip,f578a654c08084af2c85e304faf4a59572a1bcbaff92aab49987148ed2d1f9b4
E00423,primary,aggTrades,agg_trade,futures,2022-09-13,2022-09-13T12:30:00+00:00,2022-09-13T12:35:00+00:00,canonical_5m,2022-09-13T12:30:04.943000+00:00,1448773153,22850.0,2285000,2.676,2823620411,2823620415,5,legacy_local_daily_aggtrades,/Users/yeshevika/Documents/Codex/2026-05-30/sfp-vah-val-poc-cvd-one/tick data/2022/09.2022/BTCUSDT-aggTrades-2022-09-13.zip,f578a654c08084af2c85e304faf4a59572a1bcbaff92aab49987148ed2d1f9b4
E00423,primary,aggTrades,agg_trade,futures,2022-09-13,2022-09-13T12:30:00+00:00,2022-09-13T12:35:00+00:00,canonical_5m,2022-09-13T12:30:04.948000+00:00,1448773157,22850.0,2285000,21.995,2823620423,2823620569,147,legacy_local_daily_aggtrades,/Users/yeshevika/Documents/Codex/2026-05-30/sfp-vah-val-poc-cvd-one/tick data/2022/09.2022/BTCUSDT-aggTrades-2022-09-13.zip,f578a654c08084af2c85e304faf4a59572a1bcbaff92aab49987148ed2d1f9b4
E00423,primary,aggTrades,agg_trade,futures,2022-09-13,2022-09-13T12:30:00+00:00,2022-09-13T12:35:00+00:00,canonical_5m,2022-09-13T12:30:04.956000+00:00,1448773164,22850.0,2285000,1.016,2823620579,2823620596,18,legacy_local_daily_aggtrades,/Users/yeshevika/Documents/Codex/2026-05-30/sfp-vah-val-poc-cvd-one/tick data/2022/09.2022/BTCUSDT-aggTrades-2022-09-13.zip,f578a654c08084af2c85e304faf4a59572a1bcbaff92aab49987148ed2d1f9b4
E00423,primary,aggTrades,agg_trade,futures,2022-09-13,2022-09-13T12:30:00+00:00,2022-09-13T12:35:00+00:00,canonical_5m,2022-09-13T12:30:04.959000+00:00,1448773166,22850.0,2285000,2.061,2823620598,2823620606,9,legacy_local_daily_aggtrades,/Users/yeshevika/Documents/Codex/2026-05-30/sfp-vah-val-poc-cvd-one/tick data/2022/09.2022/BTCUSDT-aggTrades-2022-09-13.zip,f578a654c08084af2c85e304faf4a59572a1bcbaff92aab49987148ed2d1f9b4
E00423,primary,aggTrades,agg_trade,futures,2022-09-13,2022-09-13T12:30:00+00:00,2022-09-13T12:35:00+00:00,canonical_5m,2022-09-13T12:30:04.962000+00:00,1448773170,22850.0,2285000,0.136,2823620610,2823620611,2,legacy_local_daily_aggtrades,/Users/yeshevika/Documents/Codex/2026-05-30/sfp-vah-val-poc-cvd-one/tick data/2022/09.2022/BTCUSDT-aggTrades-2022-09-13.zip,f578a654c08084af2c85e304faf4a59572a1bcbaff92aab49987148ed2d1f9b4
E00423,primary,aggTrades,agg_trade,futures,2022-09-13,2022-09-13T12:30:00+00:00,2022-09-13T12:35:00+00:00,canonical_5m,2022-09-13T12:30:04.969000+00:00,1448773218,22850.0,2285000,0.683,2823620705,2823620705,1,legacy_local_daily_aggtrades,/Users/yeshevika/Documents/Codex/2026-05-30/sfp-vah-val-poc-cvd-one/tick data/2022/09.2022/BTCUSDT-aggTrades-2022-09-13.zip,f578a654c08084af2c85e304faf4a59572a1bcbaff92aab49987148ed2d1f9b4
E00423,primary,aggTrades,agg_trade,futures,2022-09-13,2022-09-13T12:30:00+00:00,2022-09-13T12:35:00+00:00,canonical_5m,2022-09-13T12:30:04.972000+00:00,1448773221,22850.0,2285000,0.223,2823620709,2823620709,1,legacy_local_daily_aggtrades,/Users/yeshevika/Documents/Codex/2026-05-30/sfp-vah-val-poc-cvd-one/tick data/2022/09.2022/BTCUSDT-aggTrades-2022-09-13.zip,f578a654c08084af2c85e304faf4a59572a1bcbaff92aab49987148ed2d1f9b4
E00423,primary,aggTrades,agg_trade,futures,2022-09-13,2022-09-13T12:30:00+00:00,2022-09-13T12:35:00+00:00,canonical_5m,2022-09-13T12:30:04.975000+00:00,1448773226,22850.0,2285000,1.314,2823620715,2823620715,1,legacy_local_daily_aggtrades,/Users/yeshevika/Documents/Codex/2026-05-30/sfp-vah-val-poc-cvd-one/tick data/2022/09.2022/BTCUSDT-aggTrades-2022-09-13.zip,f578a654c08084af2c85e304faf4a59572a1bcbaff92aab49987148ed2d1f9b4
E00423,primary,aggTrades,agg_trade,futures,2022-09-13,2022-09-13T12:30:00+00:00,2022-09-13T12:35:00+00:00,canonical_5m,2022-09-13T12:30:04.992000+00:00,1448773256,22850.0,2285000,0.988,2823620751,2823620751,1,legacy_local_daily_aggtrades,/Users/yeshevika/Documents/Codex/2026-05-30/sfp-vah-val-poc-cvd-one/tick data/2022/09.2022/BTCUSDT-aggTrades-2022-09-13.zip,f578a654c08084af2c85e304faf4a59572a1bcbaff92aab49987148ed2d1f9b4
E00432,primary,aggTrades,agg_trade,futures,2022-11-21,2022-11-21T21:50:00+00:00,2022-11-21T21:55:00+00:00,canonical_5m,2022-11-21T21:52:03.459000+00:00,1534957699,15443.20,1544320,0.190,3092564803,3092564804,2,legacy_local_daily_aggtrades,/Users/yeshevika/Documents/Codex/2026-05-30/sfp-vah-val-poc-cvd-one/tick data/2022/11.2022/BTCUSDT-aggTrades-2022-11-21.zip,8644bd0120267eda9491f9253b6233445b9dc5ca790d07a65e717af971d48166
E00432,primary,aggTrades,agg_trade,futures,2022-11-21,2022-11-21T21:50:00+00:00,2022-11-21T21:55:00+00:00,canonical_5m,2022-11-21T21:52:03.459000+00:00,1534957701,15443.20,1544320,0.973,3092564806,3092564811,6,legacy_local_daily_aggtrades,/Users/yeshevika/Documents/Codex/2026-05-30/sfp-vah-val-poc-cvd-one/tick data/2022/11.2022/BTCUSDT-aggTrades-2022-11-21.zip,8644bd0120267eda9491f9253b6233445b9dc5ca790d07a65e717af971d48166
E00432,primary,aggTrades,agg_trade,futures,2022-11-21,2022-11-21T21:50:00+00:00,2022-11-21T21:55:00+00:00,canonical_5m,2022-11-21T21:52:03.469000+00:00,1534957703,15443.20,1544320,0.090,3092564814,3092564814,1,legacy_local_daily_aggtrades,/Users/yeshevika/Documents/Codex/2026-05-30/sfp-vah-val-poc-cvd-one/tick data/2022/11.2022/BTCUSDT-aggTrades-2022-11-21.zip,8644bd0120267eda9491f9253b6233445b9dc5ca790d07a65e717af971d48166
E00432,primary,aggTrades,agg_trade,futures,2022-11-21,2022-11-21T21:50:00+00:00,2022-11-21T21:55:00+00:00,canonical_5m,2022-11-21T21:52:03.473000+00:00,1534957724,15443.20,1544320,0.059,3092564849,3092564849,1,legacy_local_daily_aggtrades,/Users/yeshevika/Documents/Codex/2026-05-30/sfp-vah-val-poc-cvd-one/tick data/2022/11.2022/BTCUSDT-aggTrades-2022-11-21.zip,8644bd0120267eda9491f9253b6233445b9dc5ca790d07a65e717af971d48166
E00432,primary,aggTrades,agg_trade,futures,2022-11-21,2022-11-21T21:50:00+00:00,2022-11-21T21:55:00+00:00,canonical_5m,2022-11-21T21:52:03.473000+00:00,1534957726,15443.20,1544320,0.158,3092564851,3092564851,1,legacy_local_daily_aggtrades,/Users/yeshevika/Documents/Codex/2026-05-30/sfp-vah-val-poc-cvd-one/tick data/2022/11.2022/BTCUSDT-aggTrades-2022-11-21.zip,8644bd0120267eda9491f9253b6233445b9dc5ca790d07a65e717af971d48166
E00432,primary,aggTrades,agg_trade,futures,2022-11-21,2022-11-21T21:50:00+00:00,2022-11-21T21:55:00+00:00,canonical_5m,2022-11-21T21:52:03.475000+00:00,1534957731,15443.20,1544320,0.037,3092564856,3092564856,1,legacy_local_daily_aggtrades,/Users/yeshevika/Documents/Codex/2026-05-30/sfp-vah-val-poc-cvd-one/tick data/2022/11.2022/BTCUSDT-aggTrades-2022-11-21.zip,8644bd0120267eda9491f9253b6233445b9dc5ca790d07a65e717af971d48166
E00432,primary,aggTrades,agg_trade,futures,2022-11-21,2022-11-21T21:50:00+00:00,2022-11-21T21:55:00+00:00,canonical_5m,2022-11-21T21:52:03.478000+00:00,1534957737,15443.20,1544320,0.133,3092564869,3092564869,1,legacy_local_daily_aggtrades,/Users/yeshevika/Documents/Codex/2026-05-30/sfp-vah-val-poc-cvd-one/tick data/2022/11.2022/BTCUSDT-aggTrades-2022-11-21.zip,8644bd0120267eda9491f9253b6233445b9dc5ca790d07a65e717af971d48166
E00432,primary,aggTrades,agg_trade,futures,2022-11-21,2022-11-21T21:50:00+00:00,2022-11-21T21:55:00+00:00,canonical_5m,2022-11-21T21:52:03.480000+00:00,1534957741,15443.20,1544320,0.026,3092564873,3092564873,1,legacy_local_daily_aggtrades,/Users/yeshevika/Documents/Codex/2026-05-30/sfp-vah-val-poc-cvd-one/tick data/2022/11.2022/BTCUSDT-aggTrades-2022-11-21.zip,8644bd0120267eda9491f9253b6233445b9dc5ca790d07a65e717af971d48166
E00432,primary,aggTrades,agg_trade,futures,2022-11-21,2022-11-21T21:50:00+00:00,2022-11-21T21:55:00+00:00,canonical_5m,2022-11-21T21:52:03.482000+00:00,1534957743,15443.20,1544320,0.019,3092564880,3092564880,1,legacy_local_daily_aggtrades,/Users/yeshevika/Documents/Codex/2026-05-30/sfp-vah-val-poc-cvd-one/tick data/2022/11.2022/BTCUSDT-aggTrades-2022-11-21.zip,8644bd0120267eda9491f9253b6233445b9dc5ca790d07a65e717af971d48166
E00432,primary,aggTrades,agg_trade,futures,2022-11-21,2022-11-21T21:50:00+00:00,2022-11-21T21:55:00+00:00,canonical_5m,2022-11-21T21:52:03.486000+00:00,1534957747,15443.20,1544320,1.571,3092564888,3092564889,2,legacy_local_daily_aggtrades,/Users/yeshevika/Documents/Codex/2026-05-30/sfp-vah-val-poc-cvd-one/tick data/2022/11.2022/BTCUSDT-aggTrades-2022-11-21.zip,8644bd0120267eda9491f9253b6233445b9dc5ca790d07a65e717af971d48166
E00432,primary,aggTrades,agg_trade,futures,2022-11-21,2022-11-21T21:50:00+00:00,2022-11-21T21:55:00+00:00,canonical_5m,2022-11-21T21:52:03.504000+00:00,1534957764,15443.20,1544320,4.477,3092564933,3092564943,11,legacy_local_daily_aggtrades,/Users/yeshevika/Documents/Codex/2026-05-30/sfp-vah-val-poc-cvd-one/tick data/2022/11.2022/BTCUSDT-aggTrades-2022-11-21.zip,8644bd0120267eda9491f9253b6233445b9dc5ca790d07a65e717af971d48166
E00432,primary,aggTrades,agg_trade,futures,2022-11-21,2022-11-21T21:50:00+00:00,2022-11-21T21:55:00+00:00,canonical_5m,2022-11-21T21:52:03.511000+00:00,1534957766,15443.20,1544320,2.216,3092564945,3092564951,7,legacy_local_daily_aggtrades,/Users/yeshevika/Documents/Codex/2026-05-30/sfp-vah-val-poc-cvd-one/tick data/2022/11.2022/BTCUSDT-aggTrades-2022-11-21.zip,8644bd0120267eda9491f9253b6233445b9dc5ca790d07a65e717af971d48166
E00432,primary,aggTrades,agg_trade,futures,2022-11-21,2022-11-21T21:50:00+00:00,2022-11-21T21:55:00+00:00,canonical_5m,2022-11-21T21:52:03.516000+00:00,1534957770,15443.20,1544320,0.499,3092564955,3092564962,8,legacy_local_daily_aggtrades,/Users/yeshevika/Documents/Codex/2026-05-30/sfp-vah-val-poc-cvd-one/tick data/2022/11.2022/BTCUSDT-aggTrades-2022-11-21.zip,8644bd0120267eda9491f9253b6233445b9dc5ca790d07a65e717af971d48166
E00432,primary,aggTrades,agg_trade,futures,2022-11-21,2022-11-21T21:50:00+00:00,2022-11-21T21:55:00+00:00,canonical_5m,2022-11-21T21:52:03.525000+00:00,1534957773,15443.20,1544320,0.009,3092564965,3092564965,1,legacy_local_daily_aggtrades,/Users/yeshevika/Documents/Codex/2026-05-30/sfp-vah-val-poc-cvd-one/tick data/2022/11.2022/BTCUSDT-aggTrades-2022-11-21.zip,8644bd0120267eda9491f9253b6233445b9dc5ca790d07a65e717af971d48166
E00433,primary,aggTrades,agg_trade,futures,2023-02-21,2023-02-21T08:25:00+00:00,2023-02-21T08:30:00+00:00,canonical_5m,2023-02-21T08:29:11.203000+00:00,1609195866,25347.60,2534760,0.612,3316950462,3316950468,7,legacy_local_daily_aggtrades,/Users/yeshevika/Documents/Codex/2026-05-30/sfp-vah-val-poc-cvd-one/tick data/2023/02.2023/BTCUSDT-aggTrades-2023-02-21.zip,be40edce7ebe9870b482fca4a21630222f9fe6b2051d77c27058149e9d4b29ef
E00435,primary,aggTrades,agg_trade,futures,2023-03-10,2023-03-10T10:45:00+00:00,2023-03-10T10:50:00+00:00,canonical_5m,2023-03-10T10:48:17.357000+00:00,1628330739,19521.60,1952160,3.541,3379391951,3379391953,3,legacy_local_daily_aggtrades,/Users/yeshevika/Documents/Codex/2026-05-30/sfp-vah-val-poc-cvd-one/tick data/2023/03.2023/BTCUSDT-aggTrades-2023-03-10.zip,3718813c08cbb176011470817004117cc50c6530308a1ca13621607dc21ce30a
E00435,primary,aggTrades,agg_trade,futures,2023-03-10,2023-03-10T10:45:00+00:00,2023-03-10T10:50:00+00:00,canonical_5m,2023-03-10T10:48:17.365000+00:00,1628330747,19521.60,1952160,0.580,3379391968,3379391975,8,legacy_local_daily_aggtrades,/Users/yeshevika/Documents/Codex/2026-05-30/sfp-vah-val-poc-cvd-one/tick data/2023/03.2023/BTCUSDT-aggTrades-2023-03-10.zip,3718813c08cbb176011470817004117cc50c6530308a1ca13621607dc21ce30a
E00435,primary,aggTrades,agg_trade,futures,2023-03-10,2023-03-10T10:45:00+00:00,2023-03-10T10:50:00+00:00,canonical_5m,2023-03-10T10:48:17.374000+00:00,1628330754,19521.60,1952160,0.327,3379391985,3379391986,2,legacy_local_daily_aggtrades,/Users/yeshevika/Documents/Codex/2026-05-30/sfp-vah-val-poc-cvd-one/tick data/2023/03.2023/BTCUSDT-aggTrades-2023-03-10.zip,3718813c08cbb176011470817004117cc50c6530308a1ca13621607dc21ce30a
E00435,primary,aggTrades,agg_trade,futures,2023-03-10,2023-03-10T10:45:00+00:00,2023-03-10T10:50:00+00:00,canonical_5m,2023-03-10T10:48:17.376000+00:00,1628330760,19521.60,1952160,0.374,3379391994,3379391997,4,legacy_local_daily_aggtrades,/Users/yeshevika/Documents/Codex/2026-05-30/sfp-vah-val-poc-cvd-one/tick data/2023/03.2023/BTCUSDT-aggTrades-2023-03-10.zip,3718813c08cbb176011470817004117cc50c6530308a1ca13621607dc21ce30a
E00435,primary,aggTrades,agg_trade,futures,2023-03-10,2023-03-10T10:45:00+00:00,2023-03-10T10:50:00+00:00,canonical_5m,2023-03-10T10:48:17.377000+00:00,1628330764,19521.60,1952160,0.820,3379392003,3379392013,11,legacy_local_daily_aggtrades,/Users/yeshevika/Documents/Codex/2026-05-30/sfp-vah-val-poc-cvd-one/tick data/2023/03.2023/BTCUSDT-aggTrades-2023-03-10.zip,3718813c08cbb176011470817004117cc50c6530308a1ca13621607dc21ce30a
E00435,primary,aggTrades,agg_trade,futures,2023-03-10,2023-03-10T10:45:00+00:00,2023-03-10T10:50:00+00:00,canonical_5m,2023-03-10T10:48:17.388000+00:00,1628330768,19521.60,1952160,0.018,3379392019,3379392019,1,legacy_local_daily_aggtrades,/Users/yeshevika/Documents/Codex/2026-05-30/sfp-vah-val-poc-cvd-one/tick data/2023/03.2023/BTCUSDT-aggTrades-2023-03-10.zip,3718813c08cbb176011470817004117cc50c6530308a1ca13621607dc21ce30a
E00435,primary,aggTrades,agg_trade,futures,2023-03-10,2023-03-10T10:45:00+00:00,2023-03-10T10:50:00+00:00,canonical_5m,2023-03-10T10:48:17.406000+00:00,1628330812,19521.60,1952160,0.003,3379392078,3379392078,1,legacy_local_daily_aggtrades,/Users/yeshevika/Documents/Codex/2026-05-30/sfp-vah-val-poc-cvd-one/tick data/2023/03.2023/BTCUSDT-aggTrades-2023-03-10.zip,3718813c08cbb176011470817004117cc50c6530308a1ca13621607dc21ce30a
E00436,primary,aggTrades,agg_trade,futures,2023-04-14,2023-04-14T06:50:00+00:00,2023-04-14T06:55:00+00:00,canonical_5m,2023-04-14T06:53:37.378000+00:00,1691566159,31059.00,3105900,1.046,3566876893,3566876905,13,legacy_local_daily_aggtrades,/Users/yeshevika/Documents/Codex/2026-05-30/sfp-vah-val-poc-cvd-one/tick data/2023/04.2023/BTCUSDT-aggTrades-2023-04-14.zip,6ed99acb07611ea1191a33808f78c9a3b4990358906687f82138eebd7217c2cd
E00448,primary,aggTrades,agg_trade,futures,2023-06-15,2023-06-15T11:15:00+00:00,2023-06-15T11:20:00+00:00,canonical_5m,2023-06-15T11:17:36.456000+00:00,1768214022,24777.0,2477700,24.912,3823843139,3823843206,68,legacy_local_daily_aggtrades,/Users/yeshevika/Documents/Codex/2026-05-30/sfp-vah-val-poc-cvd-one/tick data/2023/06.2023/BTCUSDT-aggTrades-2023-06-15.zip,5b56d1ae725daa9f9f6079c970f4dcad97e375c90a556afbb9023e09e5418146
E00448,primary,aggTrades,agg_trade,futures,2023-06-15,2023-06-15T11:15:00+00:00,2023-06-15T11:20:00+00:00,canonical_5m,2023-06-15T11:17:36.457000+00:00,1768214030,24777.0,2477700,0.233,3823843219,3823843221,3,legacy_local_daily_aggtrades,/Users/yeshevika/Documents/Codex/2026-05-30/sfp-vah-val-poc-cvd-one/tick data/2023/06.2023/BTCUSDT-aggTrades-2023-06-15.zip,5b56d1ae725daa9f9f6079c970f4dcad97e375c90a556afbb9023e09e5418146
E00448,primary,aggTrades,agg_trade,futures,2023-06-15,2023-06-15T11:15:00+00:00,2023-06-15T11:20:00+00:00,canonical_5m,2023-06-15T11:17:36.463000+00:00,1768214032,24777.0,2477700,0.257,3823843223,3823843224,2,legacy_local_daily_aggtrades,/Users/yeshevika/Documents/Codex/2026-05-30/sfp-vah-val-poc-cvd-one/tick data/2023/06.2023/BTCUSDT-aggTrades-2023-06-15.zip,5b56d1ae725daa9f9f6079c970f4dcad97e375c90a556afbb9023e09e5418146
E00448,primary,aggTrades,agg_trade,futures,2023-06-15,2023-06-15T11:15:00+00:00,2023-06-15T11:20:00+00:00,canonical_5m,2023-06-15T11:17:36.470000+00:00,1768214035,24777.0,2477700,0.02,3823843227,3823843227,1,legacy_local_daily_aggtrades,/Users/yeshevika/Documents/Codex/2026-05-30/sfp-vah-val-poc-cvd-one/tick data/2023/06.2023/BTCUSDT-aggTrades-2023-06-15.zip,5b56d1ae725daa9f9f6079c970f4dcad97e375c90a556afbb9023e09e5418146
E00449,primary,aggTrades,agg_trade,futures,2023-07-13,2023-07-13T19:30:00+00:00,2023-07-13T19:35:00+00:00,canonical_5m,2023-07-13T19:32:00.064000+00:00,1802701966,31850.0,3185000,0.364,3935935331,3935935340,10,legacy_local_daily_aggtrades,/Users/yeshevika/Documents/Codex/2026-05-30/sfp-vah-val-poc-cvd-one/tick data/2023/07.2023/BTCUSDT-aggTrades-2023-07-13.zip,a13df5505cc59dc52451859e7a907e7e7c737525ede7ec19278649e46b7bab96
E00449,primary,aggTrades,agg_trade,futures,2023-07-13,2023-07-13T19:30:00+00:00,2023-07-13T19:35:00+00:00,canonical_5m,2023-07-13T19:32:00.065000+00:00,1802701972,31850.0,3185000,0.818,3935935348,3935935365,18,legacy_local_daily_aggtrades,/Users/yeshevika/Documents/Codex/2026-05-30/sfp-vah-val-poc-cvd-one/tick data/2023/07.2023/BTCUSDT-aggTrades-2023-07-13.zip,a13df5505cc59dc52451859e7a907e7e7c737525ede7ec19278649e46b7bab96
E00449,primary,aggTrades,agg_trade,futures,2023-07-13,2023-07-13T19:30:00+00:00,2023-07-13T19:35:00+00:00,canonical_5m,2023-07-13T19:32:00.065000+00:00,1802701975,31850.0,3185000,0.115,3935935370,3935935373,4,legacy_local_daily_aggtrades,/Users/yeshevika/Documents/Codex/2026-05-30/sfp-vah-val-poc-cvd-one/tick data/2023/07.2023/BTCUSDT-aggTrades-2023-07-13.zip,a13df5505cc59dc52451859e7a907e7e7c737525ede7ec19278649e46b7bab96
E00449,primary,aggTrades,agg_trade,futures,2023-07-13,2023-07-13T19:30:00+00:00,2023-07-13T19:35:00+00:00,canonical_5m,2023-07-13T19:32:00.065000+00:00,1802701977,31850.0,3185000,0.032,3935935376,3935935376,1,legacy_local_daily_aggtrades,/Users/yeshevika/Documents/Codex/2026-05-30/sfp-vah-val-poc-cvd-one/tick data/2023/07.2023/BTCUSDT-aggTrades-2023-07-13.zip,a13df5505cc59dc52451859e7a907e7e7c737525ede7ec19278649e46b7bab96
E00449,primary,aggTrades,agg_trade,futures,2023-07-13,2023-07-13T19:30:00+00:00,2023-07-13T19:35:00+00:00,canonical_5m,2023-07-13T19:32:00.065000+00:00,1802701979,31850.0,3185000,2.155,3935935378,3935935403,26,legacy_local_daily_aggtrades,/Users/yeshevika/Documents/Codex/2026-05-30/sfp-vah-val-poc-cvd-one/tick data/2023/07.2023/BTCUSDT-aggTrades-2023-07-13.zip,a13df5505cc59dc52451859e7a907e7e7c737525ede7ec19278649e46b7bab96
E00449,primary,aggTrades,agg_trade,futures,2023-07-13,2023-07-13T19:30:00+00:00,2023-07-13T19:35:00+00:00,canonical_5m,2023-07-13T19:32:00.066000+00:00,1802701982,31850.0,3185000,5.096,3935935406,3935935515,110,legacy_local_daily_aggtrades,/Users/yeshevika/Documents/Codex/2026-05-30/sfp-vah-val-poc-cvd-one/tick data/2023/07.2023/BTCUSDT-aggTrades-2023-07-13.zip,a13df5505cc59dc52451859e7a907e7e7c737525ede7ec19278649e46b7bab96
E00449,primary,aggTrades,agg_trade,futures,2023-07-13,2023-07-13T19:30:00+00:00,2023-07-13T19:35:00+00:00,canonical_5m,2023-07-13T19:32:00.067000+00:00,1802701984,31850.0,3185000,9.669,3935935517,3935935572,56,legacy_local_daily_aggtrades,/Users/yeshevika/Documents/Codex/2026-05-30/sfp-vah-val-poc-cvd-one/tick data/2023/07.2023/BTCUSDT-aggTrades-2023-07-13.zip,a13df5505cc59dc52451859e7a907e7e7c737525ede7ec19278649e46b7bab96
E00449,primary,aggTrades,agg_trade,futures,2023-07-13,2023-07-13T19:30:00+00:00,2023-07-13T19:35:00+00:00,canonical_5m,2023-07-13T19:32:00.068000+00:00,1802701986,31850.0,3185000,0.465,3935935574,3935935581,8,legacy_local_daily_aggtrades,/Users/yeshevika/Documents/Codex/2026-05-30/sfp-vah-val-poc-cvd-one/tick data/2023/07.2023/BTCUSDT-aggTrades-2023-07-13.zip,a13df5505cc59dc52451859e7a907e7e7c737525ede7ec19278649e46b7bab96
E00449,primary,aggTrades,agg_trade,futures,2023-07-13,2023-07-13T19:30:00+00:00,2023-07-13T19:35:00+00:00,canonical_5m,2023-07-13T19:32:00.068000+00:00,1802701991,31850.0,3185000,0.402,3935935586,3935935587,2,legacy_local_daily_aggtrades,/Users/yeshevika/Documents/Codex/2026-05-30/sfp-vah-val-poc-cvd-one/tick data/2023/07.2023/BTCUSDT-aggTrades-2023-07-13.zip,a13df5505cc59dc52451859e7a907e7e7c737525ede7ec19278649e46b7bab96
E00449,primary,aggTrades,agg_trade,futures,2023-07-13,2023-07-13T19:30:00+00:00,2023-07-13T19:35:00+00:00,canonical_5m,2023-07-13T19:32:00.069000+00:00,1802702006,31850.0,3185000,6.135,3935935608,3935935669,62,legacy_local_daily_aggtrades,/Users/yeshevika/Documents/Codex/2026-05-30/sfp-vah-val-poc-cvd-one/tick data/2023/07.2023/BTCUSDT-aggTrades-2023-07-13.zip,a13df5505cc59dc52451859e7a907e7e7c737525ede7ec19278649e46b7bab96
E00449,primary,aggTrades,agg_trade,futures,2023-07-13,2023-07-13T19:30:00+00:00,2023-07-13T19:35:00+00:00,canonical_5m,2023-07-13T19:32:00.079000+00:00,1802702012,31850.0,3185000,0.826,3935935679,3935935679,1,legacy_local_daily_aggtrades,/Users/yeshevika/Documents/Codex/2026-05-30/sfp-vah-val-poc-cvd-one/tick data/2023/07.2023/BTCUSDT-aggTrades-2023-07-13.zip,a13df5505cc59dc52451859e7a907e7e7c737525ede7ec19278649e46b7bab96
E00449,primary,aggTrades,agg_trade,futures,2023-07-13,2023-07-13T19:30:00+00:00,2023-07-13T19:35:00+00:00,canonical_5m,2023-07-13T19:32:00.086000+00:00,1802702018,31850.0,3185000,0.9,3935935685,3935935697,13,legacy_local_daily_aggtrades,/Users/yeshevika/Documents/Codex/2026-05-30/sfp-vah-val-poc-cvd-one/tick data/2023/07.2023/BTCUSDT-aggTrades-2023-07-13.zip,a13df5505cc59dc52451859e7a907e7e7c737525ede7ec19278649e46b7bab96
E00449,primary,aggTrades,agg_trade,futures,2023-07-13,2023-07-13T19:30:00+00:00,2023-07-13T19:35:00+00:00,canonical_5m,2023-07-13T19:32:00.088000+00:00,1802702023,31850.0,3185000,3.325,3935935702,3935935704,3,legacy_local_daily_aggtrades,/Users/yeshevika/Documents/Codex/2026-05-30/sfp-vah-val-poc-cvd-one/tick data/2023/07.2023/BTCUSDT-aggTrades-2023-07-13.zip,a13df5505cc59dc52451859e7a907e7e7c737525ede7ec19278649e46b7bab96
E00449,primary,aggTrades,agg_trade,futures,2023-07-13,2023-07-13T19:30:00+00:00,2023-07-13T19:35:00+00:00,canonical_5m,2023-07-13T19:32:00.098000+00:00,1802702030,31850.0,3185000,0.031,3935935720,3935935720,1,legacy_local_daily_aggtrades,/Users/yeshevika/Documents/Codex/2026-05-30/sfp-vah-val-poc-cvd-one/tick data/2023/07.2023/BTCUSDT-aggTrades-2023-07-13.zip,a13df5505cc59dc52451859e7a907e7e7c737525ede7ec19278649e46b7bab96
E00449,primary,aggTrades,agg_trade,futures,2023-07-13,2023-07-13T19:30:00+00:00,2023-07-13T19:35:00+00:00,canonical_5m,2023-07-13T19:32:00.101000+00:00,1802702034,31850.0,3185000,0.008,3935935725,3935935725,1,legacy_local_daily_aggtrades,/Users/yeshevika/Documents/Codex/2026-05-30/sfp-vah-val-poc-cvd-one/tick data/2023/07.2023/BTCUSDT-aggTrades-2023-07-13.zip,a13df5505cc59dc52451859e7a907e7e7c737525ede7ec19278649e46b7bab96
E00453,primary,aggTrades,agg_trade,futures,2023-09-11,2023-09-11T20:00:00+00:00,2023-09-11T20:05:00+00:00,canonical_5m,2023-09-11T20:02:00.207000+00:00,1847033842,24888.0,2488800,68.517,4078384478,4078384754,277,legacy_local_daily_aggtrades,/Users/yeshevika/Documents/Codex/2026-05-30/sfp-vah-val-poc-cvd-one/tick data/2023/09.2023/BTCUSDT-aggTrades-2023-09-11.zip,6f117b474dfe11b204bf54afe09fb5a1a37bb4d43b8c9e35503a6ceea38b40da
E00453,primary,aggTrades,agg_trade,futures,2023-09-11,2023-09-11T20:00:00+00:00,2023-09-11T20:05:00+00:00,canonical_5m,2023-09-11T20:02:00.212000+00:00,1847033858,24888.0,2488800,0.613,4078384858,4078384862,5,legacy_local_daily_aggtrades,/Users/yeshevika/Documents/Codex/2026-05-30/sfp-vah-val-poc-cvd-one/tick data/2023/09.2023/BTCUSDT-aggTrades-2023-09-11.zip,6f117b474dfe11b204bf54afe09fb5a1a37bb4d43b8c9e35503a6ceea38b40da
E00453,primary,aggTrades,agg_trade,futures,2023-09-11,2023-09-11T20:00:00+00:00,2023-09-11T20:05:00+00:00,canonical_5m,2023-09-11T20:02:00.213000+00:00,1847033862,24888.0,2488800,0.006,4078384868,4078384868,1,legacy_local_daily_aggtrades,/Users/yeshevika/Documents/Codex/2026-05-30/sfp-vah-val-poc-cvd-one/tick data/2023/09.2023/BTCUSDT-aggTrades-2023-09-11.zip,6f117b474dfe11b204bf54afe09fb5a1a37bb4d43b8c9e35503a6ceea38b40da
E00453,primary,aggTrades,agg_trade,futures,2023-09-11,2023-09-11T20:00:00+00:00,2023-09-11T20:05:00+00:00,canonical_5m,2023-09-11T20:02:00.213000+00:00,1847033865,24888.0,2488800,7.97,4078384871,4078384888,18,legacy_local_daily_aggtrades,/Users/yeshevika/Documents/Codex/2026-05-30/sfp-vah-val-poc-cvd-one/tick data/2023/09.2023/BTCUSDT-aggTrades-2023-09-11.zip,6f117b474dfe11b204bf54afe09fb5a1a37bb4d43b8c9e35503a6ceea38b40da
E00453,primary,aggTrades,agg_trade,futures,2023-09-11,2023-09-11T20:00:00+00:00,2023-09-11T20:05:00+00:00,canonical_5m,2023-09-11T20:02:00.214000+00:00,1847033869,24888.0,2488800,0.001,4078384909,4078384909,1,legacy_local_daily_aggtrades,/Users/yeshevika/Documents/Codex/2026-05-30/sfp-vah-val-poc-cvd-one/tick data/2023/09.2023/BTCUSDT-aggTrades-2023-09-11.zip,6f117b474dfe11b204bf54afe09fb5a1a37bb4d43b8c9e35503a6ceea38b40da
E00453,primary,aggTrades,agg_trade,futures,2023-09-11,2023-09-11T20:00:00+00:00,2023-09-11T20:05:00+00:00,canonical_5m,2023-09-11T20:02:00.228000+00:00,1847033883,24888.0,2488800,0.289,4078384948,4078384948,1,legacy_local_daily_aggtrades,/Users/yeshevika/Documents/Codex/2026-05-30/sfp-vah-val-poc-cvd-one/tick data/2023/09.2023/BTCUSDT-aggTrades-2023-09-11.zip,6f117b474dfe11b204bf54afe09fb5a1a37bb4d43b8c9e35503a6ceea38b40da
E00453,primary,aggTrades,agg_trade,futures,2023-09-11,2023-09-11T20:00:00+00:00,2023-09-11T20:05:00+00:00,canonical_5m,2023-09-11T20:02:00.672000+00:00,1847034238,24888.0,2488800,2.685,4078385745,4078385752,8,legacy_local_daily_aggtrades,/Users/yeshevika/Documents/Codex/2026-05-30/sfp-vah-val-poc-cvd-one/tick data/2023/09.2023/BTCUSDT-aggTrades-2023-09-11.zip,6f117b474dfe11b204bf54afe09fb5a1a37bb4d43b8c9e35503a6ceea38b40da
E00453,primary,aggTrades,agg_trade,futures,2023-09-11,2023-09-11T20:00:00+00:00,2023-09-11T20:05:00+00:00,canonical_5m,2023-09-11T20:02:00.676000+00:00,1847034244,24888.0,2488800,0.472,4078385758,4078385765,8,legacy_local_daily_aggtrades,/Users/yeshevika/Documents/Codex/2026-05-30/sfp-vah-val-poc-cvd-one/tick data/2023/09.2023/BTCUSDT-aggTrades-2023-09-11.zip,6f117b474dfe11b204bf54afe09fb5a1a37bb4d43b8c9e35503a6ceea38b40da
E00453,primary,aggTrades,agg_trade,futures,2023-09-11,2023-09-11T20:00:00+00:00,2023-09-11T20:05:00+00:00,canonical_5m,2023-09-11T20:02:00.688000+00:00,1847034246,24888.0,2488800,0.153,4078385767,4078385767,1,legacy_local_daily_aggtrades,/Users/yeshevika/Documents/Codex/2026-05-30/sfp-vah-val-poc-cvd-one/tick data/2023/09.2023/BTCUSDT-aggTrades-2023-09-11.zip,6f117b474dfe11b204bf54afe09fb5a1a37bb4d43b8c9e35503a6ceea38b40da
E00453,primary,aggTrades,agg_trade,futures,2023-09-11,2023-09-11T20:00:00+00:00,2023-09-11T20:05:00+00:00,canonical_5m,2023-09-11T20:02:00.689000+00:00,1847034249,24888.0,2488800,0.002,4078385771,4078385771,1,legacy_local_daily_aggtrades,/Users/yeshevika/Documents/Codex/2026-05-30/sfp-vah-val-poc-cvd-one/tick data/2023/09.2023/BTCUSDT-aggTrades-2023-09-11.zip,6f117b474dfe11b204bf54afe09fb5a1a37bb4d43b8c9e35503a6ceea38b40da
E00453,primary,aggTrades,agg_trade,futures,2023-09-11,2023-09-11T20:00:00+00:00,2023-09-11T20:05:00+00:00,canonical_5m,2023-09-11T20:02:00.690000+00:00,1847034251,24888.0,2488800,0.038,4078385773,4078385773,1,legacy_local_daily_aggtrades,/Users/yeshevika/Documents/Codex/2026-05-30/sfp-vah-val-poc-cvd-one/tick data/2023/09.2023/BTCUSDT-aggTrades-2023-09-11.zip,6f117b474dfe11b204bf54afe09fb5a1a37bb4d43b8c9e35503a6ceea38b40da
E00453,primary,aggTrades,agg_trade,futures,2023-09-11,2023-09-11T20:00:00+00:00,2023-09-11T20:05:00+00:00,canonical_5m,2023-09-11T20:02:00.692000+00:00,1847034255,24888.0,2488800,0.132,4078385780,4078385782,3,legacy_local_daily_aggtrades,/Users/yeshevika/Documents/Codex/2026-05-30/sfp-vah-val-poc-cvd-one/tick data/2023/09.2023/BTCUSDT-aggTrades-2023-09-11.zip,6f117b474dfe11b204bf54afe09fb5a1a37bb4d43b8c9e35503a6ceea38b40da
E00453,primary,aggTrades,agg_trade,futures,2023-09-11,2023-09-11T20:00:00+00:00,2023-09-11T20:05:00+00:00,canonical_5m,2023-09-11T20:02:00.695000+00:00,1847034257,24888.0,2488800,0.185,4078385784,4078385787,4,legacy_local_daily_aggtrades,/Users/yeshevika/Documents/Codex/2026-05-30/sfp-vah-val-poc-cvd-one/tick data/2023/09.2023/BTCUSDT-aggTrades-2023-09-11.zip,6f117b474dfe11b204bf54afe09fb5a1a37bb4d43b8c9e35503a6ceea38b40da
E00453,primary,aggTrades,agg_trade,futures,2023-09-11,2023-09-11T20:00:00+00:00,2023-09-11T20:05:00+00:00,canonical_5m,2023-09-11T20:02:00.700000+00:00,1847034259,24888.0,2488800,0.105,4078385790,4078385794,5,legacy_local_daily_aggtrades,/Users/yeshevika/Documents/Codex/2026-05-30/sfp-vah-val-poc-cvd-one/tick data/2023/09.2023/BTCUSDT-aggTrades-2023-09-11.zip,6f117b474dfe11b204bf54afe09fb5a1a37bb4d43b8c9e35503a6ceea38b40da
E00453,primary,aggTrades,agg_trade,futures,2023-09-11,2023-09-11T20:00:00+00:00,2023-09-11T20:05:00+00:00,canonical_5m,2023-09-11T20:02:00.715000+00:00,1847034268,24888.0,2488800,1.808,4078385807,4078385808,2,legacy_local_daily_aggtrades,/Users/yeshevika/Documents/Codex/2026-05-30/sfp-vah-val-poc-cvd-one/tick data/2023/09.2023/BTCUSDT-aggTrades-2023-09-11.zip,6f117b474dfe11b204bf54afe09fb5a1a37bb4d43b8c9e35503a6ceea38b40da
E00453,primary,aggTrades,agg_trade,futures,2023-09-11,2023-09-11T20:00:00+00:00,2023-09-11T20:05:00+00:00,canonical_5m,2023-09-11T20:02:00.720000+00:00,1847034270,24888.0,2488800,0.064,4078385810,4078385811,2,legacy_local_daily_aggtrades,/Users/yeshevika/Documents/Codex/2026-05-30/sfp-vah-val-poc-cvd-one/tick data/2023/09.2023/BTCUSDT-aggTrades-2023-09-11.zip,6f117b474dfe11b204bf54afe09fb5a1a37bb4d43b8c9e35503a6ceea38b40da
E00453,primary,aggTrades,agg_trade,futures,2023-09-11,2023-09-11T20:00:00+00:00,2023-09-11T20:05:00+00:00,canonical_5m,2023-09-11T20:02:00.723000+00:00,1847034273,24888.0,2488800,0.291,4078385814,4078385814,1,legacy_local_daily_aggtrades,/Users/yeshevika/Documents/Codex/2026-05-30/sfp-vah-val-poc-cvd-one/tick data/2023/09.2023/BTCUSDT-aggTrades-2023-09-11.zip,6f117b474dfe11b204bf54afe09fb5a1a37bb4d43b8c9e35503a6ceea38b40da
E00453,primary,aggTrades,agg_trade,futures,2023-09-11,2023-09-11T20:00:00+00:00,2023-09-11T20:05:00+00:00,canonical_5m,2023-09-11T20:02:00.730000+00:00,1847034299,24888.0,2488800,1.441,4078385849,4078385849,1,legacy_local_daily_aggtrades,/Users/yeshevika/Documents/Codex/2026-05-30/sfp-vah-val-poc-cvd-one/tick data/2023/09.2023/BTCUSDT-aggTrades-2023-09-11.zip,6f117b474dfe11b204bf54afe09fb5a1a37bb4d43b8c9e35503a6ceea38b40da
E00453,primary,aggTrades,agg_trade,futures,2023-09-11,2023-09-11T20:00:00+00:00,2023-09-11T20:05:00+00:00,canonical_5m,2023-09-11T20:02:00.793000+00:00,1847034411,24888.0,2488800,1.512,4078386093,4078386097,5,legacy_local_daily_aggtrades,/Users/yeshevika/Documents/Codex/2026-05-30/sfp-vah-val-poc-cvd-one/tick data/2023/09.2023/BTCUSDT-aggTrades-2023-09-11.zip,6f117b474dfe11b204bf54afe09fb5a1a37bb4d43b8c9e35503a6ceea38b40da
E00453,primary,aggTrades,agg_trade,futures,2023-09-11,2023-09-11T20:00:00+00:00,2023-09-11T20:05:00+00:00,canonical_5m,2023-09-11T20:02:00.796000+00:00,1847034413,24888.0,2488800,0.085,4078386099,4078386100,2,legacy_local_daily_aggtrades,/Users/yeshevika/Documents/Codex/2026-05-30/sfp-vah-val-poc-cvd-one/tick data/2023/09.2023/BTCUSDT-aggTrades-2023-09-11.zip,6f117b474dfe11b204bf54afe09fb5a1a37bb4d43b8c9e35503a6ceea38b40da
E00453,primary,aggTrades,agg_trade,futures,2023-09-11,2023-09-11T20:00:00+00:00,2023-09-11T20:05:00+00:00,canonical_5m,2023-09-11T20:02:00.798000+00:00,1847034416,24888.0,2488800,0.048,4078386103,4078386103,1,legacy_local_daily_aggtrades,/Users/yeshevika/Documents/Codex/2026-05-30/sfp-vah-val-poc-cvd-one/tick data/2023/09.2023/BTCUSDT-aggTrades-2023-09-11.zip,6f117b474dfe11b204bf54afe09fb5a1a37bb4d43b8c9e35503a6ceea38b40da
E00454,primary,aggTrades,agg_trade,futures,2023-10-23,2023-10-23T22:40:00+00:00,2023-10-23T22:45:00+00:00,canonical_5m,2023-10-23T22:42:46.306000+00:00,1886812085,35981.9,3598190,0.862,4205858128,4205858128,1,legacy_local_daily_aggtrades,/Users/yeshevika/Documents/Codex/2026-05-30/sfp-vah-val-poc-cvd-one/tick data/2023/10.2023/BTCUSDT-aggTrades-2023-10-23.zip,5658fbec2645d773f5188b99476acda222bd253c3807ef7cd6666d99102d011b
E00454,primary,aggTrades,agg_trade,futures,2023-10-23,2023-10-23T22:40:00+00:00,2023-10-23T22:45:00+00:00,canonical_5m,2023-10-23T22:42:46.317000+00:00,1886812088,35981.9,3598190,0.06,4205858133,4205858133,1,legacy_local_daily_aggtrades,/Users/yeshevika/Documents/Codex/2026-05-30/sfp-vah-val-poc-cvd-one/tick data/2023/10.2023/BTCUSDT-aggTrades-2023-10-23.zip,5658fbec2645d773f5188b99476acda222bd253c3807ef7cd6666d99102d011b
E00454,primary,aggTrades,agg_trade,futures,2023-10-23,2023-10-23T22:40:00+00:00,2023-10-23T22:45:00+00:00,canonical_5m,2023-10-23T22:42:46.320000+00:00,1886812092,35981.9,3598190,0.488,4205858138,4205858140,3,legacy_local_daily_aggtrades,/Users/yeshevika/Documents/Codex/2026-05-30/sfp-vah-val-poc-cvd-one/tick data/2023/10.2023/BTCUSDT-aggTrades-2023-10-23.zip,5658fbec2645d773f5188b99476acda222bd253c3807ef7cd6666d99102d011b
E00456,primary,aggTrades,agg_trade,futures,2023-10-24,2023-10-24T00:05:00+00:00,2023-10-24T00:10:00+00:00,canonical_5m,2023-10-24T00:09:11.318000+00:00,1887826421,32833.5,3283350,0.01,4207785678,4207785679,2,legacy_local_daily_aggtrades,/Users/yeshevika/Documents/Codex/2026-05-30/sfp-vah-val-poc-cvd-one/tick data/2023/10.2023/BTCUSDT-aggTrades-2023-10-24.zip,839db2652e093353b59a43cd46f7bccb68786418ccea1c843c23f5956b9ec29a
E00456,primary,aggTrades,agg_trade,futures,2023-10-24,2023-10-24T00:05:00+00:00,2023-10-24T00:10:00+00:00,canonical_5m,2023-10-24T00:09:11.340000+00:00,1887826423,32833.5,3283350,0.06,4207785683,4207785683,1,legacy_local_daily_aggtrades,/Users/yeshevika/Documents/Codex/2026-05-30/sfp-vah-val-poc-cvd-one/tick data/2023/10.2023/BTCUSDT-aggTrades-2023-10-24.zip,839db2652e093353b59a43cd46f7bccb68786418ccea1c843c23f5956b9ec29a
E00456,primary,aggTrades,agg_trade,futures,2023-10-24,2023-10-24T00:05:00+00:00,2023-10-24T00:10:00+00:00,canonical_5m,2023-10-24T00:09:11.432000+00:00,1887826425,32833.5,3283350,1.053,4207785688,4207785690,3,legacy_local_daily_aggtrades,/Users/yeshevika/Documents/Codex/2026-05-30/sfp-vah-val-poc-cvd-one/tick data/2023/10.2023/BTCUSDT-aggTrades-2023-10-24.zip,839db2652e093353b59a43cd46f7bccb68786418ccea1c843c23f5956b9ec29a
E00457,primary,aggTrades,agg_trade,futures,2024-01-11,2024-01-11T14:50:00+00:00,2024-01-11T14:55:00+00:00,canonical_5m,2024-01-11T14:51:33.460000+00:00,1982838972,49027.5,4902750,0.263,4474960566,4474960568,3,legacy_local_daily_aggtrades,/Users/yeshevika/Documents/Codex/2026-05-30/sfp-vah-val-poc-cvd-one/tick data/2024/01.2024/BTCUSDT-aggTrades-2024-01-11.zip,f5b1638ab61108675228e0a30654efbcff9c867a97dffc69ed1f1ff9d11ba576
E00457,primary,aggTrades,agg_trade,futures,2024-01-11,2024-01-11T14:50:00+00:00,2024-01-11T14:55:00+00:00,canonical_5m,2024-01-11T14:51:33.461000+00:00,1982838975,49027.5,4902750,0.101,4474960571,4474960572,2,legacy_local_daily_aggtrades,/Users/yeshevika/Documents/Codex/2026-05-30/sfp-vah-val-poc-cvd-one/tick data/2024/01.2024/BTCUSDT-aggTrades-2024-01-11.zip,f5b1638ab61108675228e0a30654efbcff9c867a97dffc69ed1f1ff9d11ba576
E00457,primary,aggTrades,agg_trade,futures,2024-01-11,2024-01-11T14:50:00+00:00,2024-01-11T14:55:00+00:00,canonical_5m,2024-01-11T14:51:33.461000+00:00,1982838977,49027.5,4902750,0.047,4474960574,4474960574,1,legacy_local_daily_aggtrades,/Users/yeshevika/Documents/Codex/2026-05-30/sfp-vah-val-poc-cvd-one/tick data/2024/01.2024/BTCUSDT-aggTrades-2024-01-11.zip,f5b1638ab61108675228e0a30654efbcff9c867a97dffc69ed1f1ff9d11ba576
E00461,primary,aggTrades,agg_trade,futures,2024-01-23,2024-01-23T14:20:00+00:00,2024-01-23T14:25:00+00:00,canonical_5m,2024-01-23T14:21:48.753000+00:00,1997454887,38545.0,3854500,1.717,4521504970,4521504976,7,legacy_local_daily_aggtrades,/Users/yeshevika/Documents/Codex/2026-05-30/sfp-vah-val-poc-cvd-one/tick data/2024/01.2024/BTCUSDT-aggTrades-2024-01-23.zip,f8dbeaaccb08408feb344f2f6c46041239bc980a3b103d52e921f8ff1e435e0e
E00461,primary,aggTrades,agg_trade,futures,2024-01-23,2024-01-23T14:20:00+00:00,2024-01-23T14:25:00+00:00,canonical_5m,2024-01-23T14:21:48.753000+00:00,1997454889,38545.0,3854500,1.21,4521504978,4521504983,6,legacy_local_daily_aggtrades,/Users/yeshevika/Documents/Codex/2026-05-30/sfp-vah-val-poc-cvd-one/tick data/2024/01.2024/BTCUSDT-aggTrades-2024-01-23.zip,f8dbeaaccb08408feb344f2f6c46041239bc980a3b103d52e921f8ff1e435e0e
E00461,primary,aggTrades,agg_trade,futures,2024-01-23,2024-01-23T14:20:00+00:00,2024-01-23T14:25:00+00:00,canonical_5m,2024-01-23T14:21:48.754000+00:00,1997454892,38545.0,3854500,5.037,4521504986,4521504997,12,legacy_local_daily_aggtrades,/Users/yeshevika/Documents/Codex/2026-05-30/sfp-vah-val-poc-cvd-one/tick data/2024/01.2024/BTCUSDT-aggTrades-2024-01-23.zip,f8dbeaaccb08408feb344f2f6c46041239bc980a3b103d52e921f8ff1e435e0e
E00461,primary,aggTrades,agg_trade,futures,2024-01-23,2024-01-23T14:20:00+00:00,2024-01-23T14:25:00+00:00,canonical_5m,2024-01-23T14:21:48.754000+00:00,1997454894,38545.0,3854500,2.104,4521504999,4521505002,4,legacy_local_daily_aggtrades,/Users/yeshevika/Documents/Codex/2026-05-30/sfp-vah-val-poc-cvd-one/tick data/2024/01.2024/BTCUSDT-aggTrades-2024-01-23.zip,f8dbeaaccb08408feb344f2f6c46041239bc980a3b103d52e921f8ff1e435e0e
E00461,primary,aggTrades,agg_trade,futures,2024-01-23,2024-01-23T14:20:00+00:00,2024-01-23T14:25:00+00:00,canonical_5m,2024-01-23T14:21:48.754000+00:00,1997454899,38545.0,3854500,0.08,4521505011,4521505011,1,legacy_local_daily_aggtrades,/Users/yeshevika/Documents/Codex/2026-05-30/sfp-vah-val-poc-cvd-one/tick data/2024/01.2024/BTCUSDT-aggTrades-2024-01-23.zip,f8dbeaaccb08408feb344f2f6c46041239bc980a3b103d52e921f8ff1e435e0e
E00461,primary,aggTrades,agg_trade,futures,2024-01-23,2024-01-23T14:20:00+00:00,2024-01-23T14:25:00+00:00,canonical_5m,2024-01-23T14:21:48.754000+00:00,1997454901,38545.0,3854500,0.66,4521505013,4521505029,17,legacy_local_daily_aggtrades,/Users/yeshevika/Documents/Codex/2026-05-30/sfp-vah-val-poc-cvd-one/tick data/2024/01.2024/BTCUSDT-aggTrades-2024-01-23.zip,f8dbeaaccb08408feb344f2f6c46041239bc980a3b103d52e921f8ff1e435e0e
E00468,primary,aggTrades,agg_trade,futures,2024-03-14,2024-03-14T07:05:00+00:00,2024-03-14T07:10:00+00:00,canonical_5m,2024-03-14T07:05:53.032000+00:00,2070178248,73881.4,7388140,2.278,4729726875,4729726880,6,legacy_local_daily_aggtrades,/Users/yeshevika/Documents/Codex/2026-05-30/sfp-vah-val-poc-cvd-one/tick data/2024/03.2024/BTCUSDT-aggTrades-2024-03-14.zip,40033db6c64e897f2ffc6cae5f5cd1c86c8a0c626f6fbedaf5a0b01605f4564b
E00476,primary,aggTrades,agg_trade,futures,2024-05-01,2024-05-01T08:20:00+00:00,2024-05-01T08:25:00+00:00,canonical_5m,2024-05-01T08:21:56.947000+00:00,2161757521,56537.7,5653770,0.002,4957253688,4957253688,1,legacy_local_daily_aggtrades,/Users/yeshevika/Documents/Codex/2026-05-30/sfp-vah-val-poc-cvd-one/tick data/2024/05.2024/BTCUSDT-aggTrades-2024-05-01.zip,f41f292348137f14cfc888ba458fabbaa7db95a871c45191c42c74993cce8c4a
E00476,primary,aggTrades,agg_trade,futures,2024-05-01,2024-05-01T08:20:00+00:00,2024-05-01T08:25:00+00:00,canonical_5m,2024-05-01T08:21:56.958000+00:00,2161757523,56537.7,5653770,0.005,4957253691,4957253691,1,legacy_local_daily_aggtrades,/Users/yeshevika/Documents/Codex/2026-05-30/sfp-vah-val-poc-cvd-one/tick data/2024/05.2024/BTCUSDT-aggTrades-2024-05-01.zip,f41f292348137f14cfc888ba458fabbaa7db95a871c45191c42c74993cce8c4a
E00476,primary,aggTrades,agg_trade,futures,2024-05-01,2024-05-01T08:20:00+00:00,2024-05-01T08:25:00+00:00,canonical_5m,2024-05-01T08:21:56.961000+00:00,2161757525,56537.7,5653770,0.025,4957253694,4957253695,2,legacy_local_daily_aggtrades,/Users/yeshevika/Documents/Codex/2026-05-30/sfp-vah-val-poc-cvd-one/tick data/2024/05.2024/BTCUSDT-aggTrades-2024-05-01.zip,f41f292348137f14cfc888ba458fabbaa7db95a871c45191c42c74993cce8c4a
E00476,primary,aggTrades,agg_trade,futures,2024-05-01,2024-05-01T08:20:00+00:00,2024-05-01T08:25:00+00:00,canonical_5m,2024-05-01T08:21:56.970000+00:00,2161757527,56537.7,5653770,0.002,4957253698,4957253698,1,legacy_local_daily_aggtrades,/Users/yeshevika/Documents/Codex/2026-05-30/sfp-vah-val-poc-cvd-one/tick data/2024/05.2024/BTCUSDT-aggTrades-2024-05-01.zip,f41f292348137f14cfc888ba458fabbaa7db95a871c45191c42c74993cce8c4a
E00476,primary,aggTrades,agg_trade,futures,2024-05-01,2024-05-01T08:20:00+00:00,2024-05-01T08:25:00+00:00,canonical_5m,2024-05-01T08:21:56.973000+00:00,2161757531,56537.7,5653770,0.092,4957253705,4957253707,3,legacy_local_daily_aggtrades,/Users/yeshevika/Documents/Codex/2026-05-30/sfp-vah-val-poc-cvd-one/tick data/2024/05.2024/BTCUSDT-aggTrades-2024-05-01.zip,f41f292348137f14cfc888ba458fabbaa7db95a871c45191c42c74993cce8c4a
E00477,primary,aggTrades,agg_trade,futures,2024-06-07,2024-06-07T12:30:00+00:00,2024-06-07T12:35:00+00:00,canonical_5m,2024-06-07T12:30:02.888000+00:00,2205085023,72144.0,7214400,0.995,5070227112,5070227115,4,legacy_local_daily_aggtrades,/Users/yeshevika/Documents/Codex/2026-05-30/sfp-vah-val-poc-cvd-one/tick data/2024/06.2024/BTCUSDT-aggTrades-2024-06-07.zip,7ab0dbb225de014133a92b4cadefdba25f35faf7639fa54b26495b22fb4581ab
E00477,primary,aggTrades,agg_trade,futures,2024-06-07,2024-06-07T12:30:00+00:00,2024-06-07T12:35:00+00:00,canonical_5m,2024-06-07T12:30:02.888000+00:00,2205085025,72144.0,7214400,0.039,5070227117,5070227118,2,legacy_local_daily_aggtrades,/Users/yeshevika/Documents/Codex/2026-05-30/sfp-vah-val-poc-cvd-one/tick data/2024/06.2024/BTCUSDT-aggTrades-2024-06-07.zip,7ab0dbb225de014133a92b4cadefdba25f35faf7639fa54b26495b22fb4581ab
E00477,primary,aggTrades,agg_trade,futures,2024-06-07,2024-06-07T12:30:00+00:00,2024-06-07T12:35:00+00:00,canonical_5m,2024-06-07T12:30:02.888000+00:00,2205085027,72144.0,7214400,7.658,5070227120,5070227129,10,legacy_local_daily_aggtrades,/Users/yeshevika/Documents/Codex/2026-05-30/sfp-vah-val-poc-cvd-one/tick data/2024/06.2024/BTCUSDT-aggTrades-2024-06-07.zip,7ab0dbb225de014133a92b4cadefdba25f35faf7639fa54b26495b22fb4581ab
E00477,primary,aggTrades,agg_trade,futures,2024-06-07,2024-06-07T12:30:00+00:00,2024-06-07T12:35:00+00:00,canonical_5m,2024-06-07T12:30:02.888000+00:00,2205085029,72144.0,7214400,4.918,5070227131,5070227153,23,legacy_local_daily_aggtrades,/Users/yeshevika/Documents/Codex/2026-05-30/sfp-vah-val-poc-cvd-one/tick data/2024/06.2024/BTCUSDT-aggTrades-2024-06-07.zip,7ab0dbb225de014133a92b4cadefdba25f35faf7639fa54b26495b22fb4581ab
E00477,primary,aggTrades,agg_trade,futures,2024-06-07,2024-06-07T12:30:00+00:00,2024-06-07T12:35:00+00:00,canonical_5m,2024-06-07T12:30:02.889000+00:00,2205085032,72144.0,7214400,1.534,5070227162,5070227168,7,legacy_local_daily_aggtrades,/Users/yeshevika/Documents/Codex/2026-05-30/sfp-vah-val-poc-cvd-one/tick data/2024/06.2024/BTCUSDT-aggTrades-2024-06-07.zip,7ab0dbb225de014133a92b4cadefdba25f35faf7639fa54b26495b22fb4581ab
E00477,primary,aggTrades,agg_trade,futures,2024-06-07,2024-06-07T12:30:00+00:00,2024-06-07T12:35:00+00:00,canonical_5m,2024-06-07T12:30:02.889000+00:00,2205085034,72144.0,7214400,0.228,5070227170,5070227171,2,legacy_local_daily_aggtrades,/Users/yeshevika/Documents/Codex/2026-05-30/sfp-vah-val-poc-cvd-one/tick data/2024/06.2024/BTCUSDT-aggTrades-2024-06-07.zip,7ab0dbb225de014133a92b4cadefdba25f35faf7639fa54b26495b22fb4581ab
E00477,primary,aggTrades,agg_trade,futures,2024-06-07,2024-06-07T12:30:00+00:00,2024-06-07T12:35:00+00:00,canonical_5m,2024-06-07T12:30:02.889000+00:00,2205085036,72144.0,7214400,0.612,5070227173,5070227173,1,legacy_local_daily_aggtrades,/Users/yeshevika/Documents/Codex/2026-05-30/sfp-vah-val-poc-cvd-one/tick data/2024/06.2024/BTCUSDT-aggTrades-2024-06-07.zip,7ab0dbb225de014133a92b4cadefdba25f35faf7639fa54b26495b22fb4581ab
E00483,primary,aggTrades,agg_trade,futures,2024-07-05,2024-07-05T04:15:00+00:00,2024-07-05T04:20:00+00:00,canonical_5m,2024-07-05T04:19:40.895000+00:00,2231021578,53329.5,5332950,0.136,5136164713,5136164713,1,legacy_local_daily_aggtrades,/Users/yeshevika/Documents/Codex/2026-05-30/sfp-vah-val-poc-cvd-one/tick data/2024/07.2024/BTCUSDT-aggTrades-2024-07-05.zip,4c2e5fe5c82068a20c425f504698f51d0d42a064fbde9fc257d1eac8b1cae49a
E00483,primary,aggTrades,agg_trade,futures,2024-07-05,2024-07-05T04:15:00+00:00,2024-07-05T04:20:00+00:00,canonical_5m,2024-07-05T04:19:40.899000+00:00,2231021588,53329.5,5332950,0.011,5136164735,5136164735,1,legacy_local_daily_aggtrades,/Users/yeshevika/Documents/Codex/2026-05-30/sfp-vah-val-poc-cvd-one/tick data/2024/07.2024/BTCUSDT-aggTrades-2024-07-05.zip,4c2e5fe5c82068a20c425f504698f51d0d42a064fbde9fc257d1eac8b1cae49a
E00483,primary,aggTrades,agg_trade,futures,2024-07-05,2024-07-05T04:15:00+00:00,2024-07-05T04:20:00+00:00,canonical_5m,2024-07-05T04:19:40.910000+00:00,2231021596,53329.5,5332950,0.024,5136164758,5136164758,1,legacy_local_daily_aggtrades,/Users/yeshevika/Documents/Codex/2026-05-30/sfp-vah-val-poc-cvd-one/tick data/2024/07.2024/BTCUSDT-aggTrades-2024-07-05.zip,4c2e5fe5c82068a20c425f504698f51d0d42a064fbde9fc257d1eac8b1cae49a
E00483,primary,aggTrades,agg_trade,futures,2024-07-05,2024-07-05T04:15:00+00:00,2024-07-05T04:20:00+00:00,canonical_5m,2024-07-05T04:19:40.915000+00:00,2231021602,53329.5,5332950,0.327,5136164771,5136164771,1,legacy_local_daily_aggtrades,/Users/yeshevika/Documents/Codex/2026-05-30/sfp-vah-val-poc-cvd-one/tick data/2024/07.2024/BTCUSDT-aggTrades-2024-07-05.zip,4c2e5fe5c82068a20c425f504698f51d0d42a064fbde9fc257d1eac8b1cae49a
E00483,primary,aggTrades,agg_trade,futures,2024-07-05,2024-07-05T04:15:00+00:00,2024-07-05T04:20:00+00:00,canonical_5m,2024-07-05T04:19:40.930000+00:00,2231021613,53329.5,5332950,0.067,5136164813,5136164819,7,legacy_local_daily_aggtrades,/Users/yeshevika/Documents/Codex/2026-05-30/sfp-vah-val-poc-cvd-one/tick data/2024/07.2024/BTCUSDT-aggTrades-2024-07-05.zip,4c2e5fe5c82068a20c425f504698f51d0d42a064fbde9fc257d1eac8b1cae49a
E00483,primary,aggTrades,agg_trade,futures,2024-07-05,2024-07-05T04:15:00+00:00,2024-07-05T04:20:00+00:00,canonical_5m,2024-07-05T04:19:40.940000+00:00,2231021617,53329.5,5332950,1.388,5136164830,5136164832,3,legacy_local_daily_aggtrades,/Users/yeshevika/Documents/Codex/2026-05-30/sfp-vah-val-poc-cvd-one/tick data/2024/07.2024/BTCUSDT-aggTrades-2024-07-05.zip,4c2e5fe5c82068a20c425f504698f51d0d42a064fbde9fc257d1eac8b1cae49a
E00483,primary,aggTrades,agg_trade,futures,2024-07-05,2024-07-05T04:15:00+00:00,2024-07-05T04:20:00+00:00,canonical_5m,2024-07-05T04:19:40.950000+00:00,2231021619,53329.5,5332950,0.076,5136164843,5136164843,1,legacy_local_daily_aggtrades,/Users/yeshevika/Documents/Codex/2026-05-30/sfp-vah-val-poc-cvd-one/tick data/2024/07.2024/BTCUSDT-aggTrades-2024-07-05.zip,4c2e5fe5c82068a20c425f504698f51d0d42a064fbde9fc257d1eac8b1cae49a
E00483,primary,aggTrades,agg_trade,futures,2024-07-05,2024-07-05T04:15:00+00:00,2024-07-05T04:20:00+00:00,canonical_5m,2024-07-05T04:19:40.953000+00:00,2231021623,53329.5,5332950,0.186,5136164849,5136164851,3,legacy_local_daily_aggtrades,/Users/yeshevika/Documents/Codex/2026-05-30/sfp-vah-val-poc-cvd-one/tick data/2024/07.2024/BTCUSDT-aggTrades-2024-07-05.zip,4c2e5fe5c82068a20c425f504698f51d0d42a064fbde9fc257d1eac8b1cae49a
E00483,primary,aggTrades,agg_trade,futures,2024-07-05,2024-07-05T04:15:00+00:00,2024-07-05T04:20:00+00:00,canonical_5m,2024-07-05T04:19:40.958000+00:00,2231021630,53329.5,5332950,1.17,5136164866,5136164867,2,legacy_local_daily_aggtrades,/Users/yeshevika/Documents/Codex/2026-05-30/sfp-vah-val-poc-cvd-one/tick data/2024/07.2024/BTCUSDT-aggTrades-2024-07-05.zip,4c2e5fe5c82068a20c425f504698f51d0d42a064fbde9fc257d1eac8b1cae49a
E00483,primary,aggTrades,agg_trade,futures,2024-07-05,2024-07-05T04:15:00+00:00,2024-07-05T04:20:00+00:00,canonical_5m,2024-07-05T04:19:40.960000+00:00,2231021632,53329.5,5332950,0.003,5136164870,5136164870,1,legacy_local_daily_aggtrades,/Users/yeshevika/Documents/Codex/2026-05-30/sfp-vah-val-poc-cvd-one/tick data/2024/07.2024/BTCUSDT-aggTrades-2024-07-05.zip,4c2e5fe5c82068a20c425f504698f51d0d42a064fbde9fc257d1eac8b1cae49a
E00483,primary,aggTrades,agg_trade,futures,2024-07-05,2024-07-05T04:15:00+00:00,2024-07-05T04:20:00+00:00,canonical_5m,2024-07-05T04:19:40.972000+00:00,2231021646,53329.5,5332950,0.182,5136164899,5136164899,1,legacy_local_daily_aggtrades,/Users/yeshevika/Documents/Codex/2026-05-30/sfp-vah-val-poc-cvd-one/tick data/2024/07.2024/BTCUSDT-aggTrades-2024-07-05.zip,4c2e5fe5c82068a20c425f504698f51d0d42a064fbde9fc257d1eac8b1cae49a
E00484,primary,aggTrades,agg_trade,futures,2024-07-29,2024-07-29T13:05:00+00:00,2024-07-29T13:10:00+00:00,canonical_5m,2024-07-29T13:06:47.057000+00:00,2260272558,70081.0,7008100,2.59,5211786500,5211786503,4,legacy_local_daily_aggtrades,/Users/yeshevika/Documents/Codex/2026-05-30/sfp-vah-val-poc-cvd-one/tick data/2024/07.2024/BTCUSDT-aggTrades-2024-07-29.zip,5216f2a88fc9c99e718fa62fcefab11bb8124ed565d67cb5ce89b6537c028133
E00484,primary,aggTrades,agg_trade,futures,2024-07-29,2024-07-29T13:05:00+00:00,2024-07-29T13:10:00+00:00,canonical_5m,2024-07-29T13:06:47.057000+00:00,2260272560,70081.0,7008100,0.716,5211786505,5211786512,8,legacy_local_daily_aggtrades,/Users/yeshevika/Documents/Codex/2026-05-30/sfp-vah-val-poc-cvd-one/tick data/2024/07.2024/BTCUSDT-aggTrades-2024-07-29.zip,5216f2a88fc9c99e718fa62fcefab11bb8124ed565d67cb5ce89b6537c028133
E00484,primary,aggTrades,agg_trade,futures,2024-07-29,2024-07-29T13:05:00+00:00,2024-07-29T13:10:00+00:00,canonical_5m,2024-07-29T13:06:47.057000+00:00,2260272562,70081.0,7008100,0.097,5211786514,5211786516,3,legacy_local_daily_aggtrades,/Users/yeshevika/Documents/Codex/2026-05-30/sfp-vah-val-poc-cvd-one/tick data/2024/07.2024/BTCUSDT-aggTrades-2024-07-29.zip,5216f2a88fc9c99e718fa62fcefab11bb8124ed565d67cb5ce89b6537c028133
E00484,primary,aggTrades,agg_trade,futures,2024-07-29,2024-07-29T13:05:00+00:00,2024-07-29T13:10:00+00:00,canonical_5m,2024-07-29T13:06:47.057000+00:00,2260272564,70081.0,7008100,1.312,5211786518,5211786533,16,legacy_local_daily_aggtrades,/Users/yeshevika/Documents/Codex/2026-05-30/sfp-vah-val-poc-cvd-one/tick data/2024/07.2024/BTCUSDT-aggTrades-2024-07-29.zip,5216f2a88fc9c99e718fa62fcefab11bb8124ed565d67cb5ce89b6537c028133
E00484,primary,aggTrades,agg_trade,futures,2024-07-29,2024-07-29T13:05:00+00:00,2024-07-29T13:10:00+00:00,canonical_5m,2024-07-29T13:06:47.057000+00:00,2260272566,70081.0,7008100,2.122,5211786535,5211786557,23,legacy_local_daily_aggtrades,/Users/yeshevika/Documents/Codex/2026-05-30/sfp-vah-val-poc-cvd-one/tick data/2024/07.2024/BTCUSDT-aggTrades-2024-07-29.zip,5216f2a88fc9c99e718fa62fcefab11bb8124ed565d67cb5ce89b6537c028133
E00484,primary,aggTrades,agg_trade,futures,2024-07-29,2024-07-29T13:05:00+00:00,2024-07-29T13:10:00+00:00,canonical_5m,2024-07-29T13:06:47.057000+00:00,2260272569,70081.0,7008100,0.067,5211786561,5211786561,1,legacy_local_daily_aggtrades,/Users/yeshevika/Documents/Codex/2026-05-30/sfp-vah-val-poc-cvd-one/tick data/2024/07.2024/BTCUSDT-aggTrades-2024-07-29.zip,5216f2a88fc9c99e718fa62fcefab11bb8124ed565d67cb5ce89b6537c028133
E00484,primary,aggTrades,agg_trade,futures,2024-07-29,2024-07-29T13:05:00+00:00,2024-07-29T13:10:00+00:00,canonical_5m,2024-07-29T13:06:47.057000+00:00,2260272571,70081.0,7008100,1.212,5211786563,5211786565,3,legacy_local_daily_aggtrades,/Users/yeshevika/Documents/Codex/2026-05-30/sfp-vah-val-poc-cvd-one/tick data/2024/07.2024/BTCUSDT-aggTrades-2024-07-29.zip,5216f2a88fc9c99e718fa62fcefab11bb8124ed565d67cb5ce89b6537c028133
E00484,primary,aggTrades,agg_trade,futures,2024-07-29,2024-07-29T13:05:00+00:00,2024-07-29T13:10:00+00:00,canonical_5m,2024-07-29T13:06:47.057000+00:00,2260272574,70081.0,7008100,0.682,5211786568,5211786574,7,legacy_local_daily_aggtrades,/Users/yeshevika/Documents/Codex/2026-05-30/sfp-vah-val-poc-cvd-one/tick data/2024/07.2024/BTCUSDT-aggTrades-2024-07-29.zip,5216f2a88fc9c99e718fa62fcefab11bb8124ed565d67cb5ce89b6537c028133
E00484,primary,aggTrades,agg_trade,futures,2024-07-29,2024-07-29T13:05:00+00:00,2024-07-29T13:10:00+00:00,canonical_5m,2024-07-29T13:06:47.057000+00:00,2260272576,70081.0,7008100,0.569,5211786576,5211786578,3,legacy_local_daily_aggtrades,/Users/yeshevika/Documents/Codex/2026-05-30/sfp-vah-val-poc-cvd-one/tick data/2024/07.2024/BTCUSDT-aggTrades-2024-07-29.zip,5216f2a88fc9c99e718fa62fcefab11bb8124ed565d67cb5ce89b6537c028133
E00484,primary,aggTrades,agg_trade,futures,2024-07-29,2024-07-29T13:05:00+00:00,2024-07-29T13:10:00+00:00,canonical_5m,2024-07-29T13:06:47.057000+00:00,2260272578,70081.0,7008100,0.165,5211786580,5211786581,2,legacy_local_daily_aggtrades,/Users/yeshevika/Documents/Codex/2026-05-30/sfp-vah-val-poc-cvd-one/tick data/2024/07.2024/BTCUSDT-aggTrades-2024-07-29.zip,5216f2a88fc9c99e718fa62fcefab11bb8124ed565d67cb5ce89b6537c028133
E00484,primary,aggTrades,agg_trade,futures,2024-07-29,2024-07-29T13:05:00+00:00,2024-07-29T13:10:00+00:00,canonical_5m,2024-07-29T13:06:47.057000+00:00,2260272580,70081.0,7008100,0.56,5211786583,5211786590,8,legacy_local_daily_aggtrades,/Users/yeshevika/Documents/Codex/2026-05-30/sfp-vah-val-poc-cvd-one/tick data/2024/07.2024/BTCUSDT-aggTrades-2024-07-29.zip,5216f2a88fc9c99e718fa62fcefab11bb8124ed565d67cb5ce89b6537c028133
E00484,primary,aggTrades,agg_trade,futures,2024-07-29,2024-07-29T13:05:00+00:00,2024-07-29T13:10:00+00:00,canonical_5m,2024-07-29T13:06:47.057000+00:00,2260272582,70081.0,7008100,0.739,5211786592,5211786599,8,legacy_local_daily_aggtrades,/Users/yeshevika/Documents/Codex/2026-05-30/sfp-vah-val-poc-cvd-one/tick data/2024/07.2024/BTCUSDT-aggTrades-2024-07-29.zip,5216f2a88fc9c99e718fa62fcefab11bb8124ed565d67cb5ce89b6537c028133
E00484,primary,aggTrades,agg_trade,futures,2024-07-29,2024-07-29T13:05:00+00:00,2024-07-29T13:10:00+00:00,canonical_5m,2024-07-29T13:06:47.057000+00:00,2260272584,70081.0,7008100,8.9,5211786601,5211786625,25,legacy_local_daily_aggtrades,/Users/yeshevika/Documents/Codex/2026-05-30/sfp-vah-val-poc-cvd-one/tick data/2024/07.2024/BTCUSDT-aggTrades-2024-07-29.zip,5216f2a88fc9c99e718fa62fcefab11bb8124ed565d67cb5ce89b6537c028133
E00484,primary,aggTrades,agg_trade,futures,2024-07-29,2024-07-29T13:05:00+00:00,2024-07-29T13:10:00+00:00,canonical_5m,2024-07-29T13:06:47.058000+00:00,2260272586,70081.0,7008100,0.992,5211786627,5211786635,9,legacy_local_daily_aggtrades,/Users/yeshevika/Documents/Codex/2026-05-30/sfp-vah-val-poc-cvd-one/tick data/2024/07.2024/BTCUSDT-aggTrades-2024-07-29.zip,5216f2a88fc9c99e718fa62fcefab11bb8124ed565d67cb5ce89b6537c028133
E00484,primary,aggTrades,agg_trade,futures,2024-07-29,2024-07-29T13:05:00+00:00,2024-07-29T13:10:00+00:00,canonical_5m,2024-07-29T13:06:47.058000+00:00,2260272588,70081.0,7008100,0.043,5211786637,5211786637,1,legacy_local_daily_aggtrades,/Users/yeshevika/Documents/Codex/2026-05-30/sfp-vah-val-poc-cvd-one/tick data/2024/07.2024/BTCUSDT-aggTrades-2024-07-29.zip,5216f2a88fc9c99e718fa62fcefab11bb8124ed565d67cb5ce89b6537c028133
E00484,primary,aggTrades,agg_trade,futures,2024-07-29,2024-07-29T13:05:00+00:00,2024-07-29T13:10:00+00:00,canonical_5m,2024-07-29T13:06:47.058000+00:00,2260272590,70081.0,7008100,0.499,5211786643,5211786647,5,legacy_local_daily_aggtrades,/Users/yeshevika/Documents/Codex/2026-05-30/sfp-vah-val-poc-cvd-one/tick data/2024/07.2024/BTCUSDT-aggTrades-2024-07-29.zip,5216f2a88fc9c99e718fa62fcefab11bb8124ed565d67cb5ce89b6537c028133
E00484,primary,aggTrades,agg_trade,futures,2024-07-29,2024-07-29T13:05:00+00:00,2024-07-29T13:10:00+00:00,canonical_5m,2024-07-29T13:06:47.058000+00:00,2260272592,70081.0,7008100,0.045,5211786649,5211786649,1,legacy_local_daily_aggtrades,/Users/yeshevika/Documents/Codex/2026-05-30/sfp-vah-val-poc-cvd-one/tick data/2024/07.2024/BTCUSDT-aggTrades-2024-07-29.zip,5216f2a88fc9c99e718fa62fcefab11bb8124ed565d67cb5ce89b6537c028133
E00484,primary,aggTrades,agg_trade,futures,2024-07-29,2024-07-29T13:05:00+00:00,2024-07-29T13:10:00+00:00,canonical_5m,2024-07-29T13:06:47.058000+00:00,2260272594,70081.0,7008100,0.012,5211786651,5211786651,1,legacy_local_daily_aggtrades,/Users/yeshevika/Documents/Codex/2026-05-30/sfp-vah-val-poc-cvd-one/tick data/2024/07.2024/BTCUSDT-aggTrades-2024-07-29.zip,5216f2a88fc9c99e718fa62fcefab11bb8124ed565d67cb5ce89b6537c028133
E00484,primary,aggTrades,agg_trade,futures,2024-07-29,2024-07-29T13:05:00+00:00,2024-07-29T13:10:00+00:00,canonical_5m,2024-07-29T13:06:47.058000+00:00,2260272596,70081.0,7008100,0.51,5211786654,5211786656,3,legacy_local_daily_aggtrades,/Users/yeshevika/Documents/Codex/2026-05-30/sfp-vah-val-poc-cvd-one/tick data/2024/07.2024/BTCUSDT-aggTrades-2024-07-29.zip,5216f2a88fc9c99e718fa62fcefab11bb8124ed565d67cb5ce89b6537c028133
E00484,primary,aggTrades,agg_trade,futures,2024-07-29,2024-07-29T13:05:00+00:00,2024-07-29T13:10:00+00:00,canonical_5m,2024-07-29T13:06:47.058000+00:00,2260272599,70081.0,7008100,0.715,5211786659,5211786663,5,legacy_local_daily_aggtrades,/Users/yeshevika/Documents/Codex/2026-05-30/sfp-vah-val-poc-cvd-one/tick data/2024/07.2024/BTCUSDT-aggTrades-2024-07-29.zip,5216f2a88fc9c99e718fa62fcefab11bb8124ed565d67cb5ce89b6537c028133
E00484,primary,aggTrades,agg_trade,futures,2024-07-29,2024-07-29T13:05:00+00:00,2024-07-29T13:10:00+00:00,canonical_5m,2024-07-29T13:06:47.063000+00:00,2260272601,70081.0,7008100,0.728,5211786676,5211786679,4,legacy_local_daily_aggtrades,/Users/yeshevika/Documents/Codex/2026-05-30/sfp-vah-val-poc-cvd-one/tick data/2024/07.2024/BTCUSDT-aggTrades-2024-07-29.zip,5216f2a88fc9c99e718fa62fcefab11bb8124ed565d67cb5ce89b6537c028133
E00484,primary,aggTrades,agg_trade,futures,2024-07-29,2024-07-29T13:05:00+00:00,2024-07-29T13:10:00+00:00,canonical_5m,2024-07-29T13:06:47.064000+00:00,2260272603,70081.0,7008100,0.023,5211786681,5211786682,2,legacy_local_daily_aggtrades,/Users/yeshevika/Documents/Codex/2026-05-30/sfp-vah-val-poc-cvd-one/tick data/2024/07.2024/BTCUSDT-aggTrades-2024-07-29.zip,5216f2a88fc9c99e718fa62fcefab11bb8124ed565d67cb5ce89b6537c028133
E00484,primary,aggTrades,agg_trade,futures,2024-07-29,2024-07-29T13:05:00+00:00,2024-07-29T13:10:00+00:00,canonical_5m,2024-07-29T13:06:47.065000+00:00,2260272605,70081.0,7008100,0.214,5211786684,5211786684,1,legacy_local_daily_aggtrades,/Users/yeshevika/Documents/Codex/2026-05-30/sfp-vah-val-poc-cvd-one/tick data/2024/07.2024/BTCUSDT-aggTrades-2024-07-29.zip,5216f2a88fc9c99e718fa62fcefab11bb8124ed565d67cb5ce89b6537c028133
E00484,primary,aggTrades,agg_trade,futures,2024-07-29,2024-07-29T13:05:00+00:00,2024-07-29T13:10:00+00:00,canonical_5m,2024-07-29T13:06:47.066000+00:00,2260272607,70081.0,7008100,0.213,5211786686,5211786691,6,legacy_local_daily_aggtrades,/Users/yeshevika/Documents/Codex/2026-05-30/sfp-vah-val-poc-cvd-one/tick data/2024/07.2024/BTCUSDT-aggTrades-2024-07-29.zip,5216f2a88fc9c99e718fa62fcefab11bb8124ed565d67cb5ce89b6537c028133
E00484,primary,aggTrades,agg_trade,futures,2024-07-29,2024-07-29T13:05:00+00:00,2024-07-29T13:10:00+00:00,canonical_5m,2024-07-29T13:06:47.069000+00:00,2260272610,70081.0,7008100,0.085,5211786695,5211786696,2,legacy_local_daily_aggtrades,/Users/yeshevika/Documents/Codex/2026-05-30/sfp-vah-val-poc-cvd-one/tick data/2024/07.2024/BTCUSDT-aggTrades-2024-07-29.zip,5216f2a88fc9c99e718fa62fcefab11bb8124ed565d67cb5ce89b6537c028133
E00484,primary,aggTrades,agg_trade,futures,2024-07-29,2024-07-29T13:05:00+00:00,2024-07-29T13:10:00+00:00,canonical_5m,2024-07-29T13:06:47.072000+00:00,2260272613,70081.0,7008100,0.002,5211786700,5211786700,1,legacy_local_daily_aggtrades,/Users/yeshevika/Documents/Codex/2026-05-30/sfp-vah-val-poc-cvd-one/tick data/2024/07.2024/BTCUSDT-aggTrades-2024-07-29.zip,5216f2a88fc9c99e718fa62fcefab11bb8124ed565d67cb5ce89b6537c028133
E00484,primary,aggTrades,agg_trade,futures,2024-07-29,2024-07-29T13:05:00+00:00,2024-07-29T13:10:00+00:00,canonical_5m,2024-07-29T13:06:47.115000+00:00,2260272662,70081.0,7008100,2.483,5211786788,5211786788,1,legacy_local_daily_aggtrades,/Users/yeshevika/Documents/Codex/2026-05-30/sfp-vah-val-poc-cvd-one/tick data/2024/07.2024/BTCUSDT-aggTrades-2024-07-29.zip,5216f2a88fc9c99e718fa62fcefab11bb8124ed565d67cb5ce89b6537c028133
E00486,primary,aggTrades,agg_trade,futures,2024-08-05,2024-08-05T06:20:00+00:00,2024-08-05T06:25:00+00:00,canonical_5m,2024-08-05T06:24:52.854000+00:00,2271636866,48888.0,4888800,16.564,5240841049,5240841073,25,legacy_local_daily_aggtrades,/Users/yeshevika/Documents/Codex/2026-05-30/sfp-vah-val-poc-cvd-one/tick data/2024/08.2024/BTCUSDT-aggTrades-2024-08-05.zip,84551287a2c06e0e9e862fb76c51cf5d8cd42f7532151c73a1a1753fb058677c
E00486,primary,aggTrades,agg_trade,futures,2024-08-05,2024-08-05T06:20:00+00:00,2024-08-05T06:25:00+00:00,canonical_5m,2024-08-05T06:24:52.854000+00:00,2271636869,48888.0,4888800,0.006,5240841077,5240841077,1,legacy_local_daily_aggtrades,/Users/yeshevika/Documents/Codex/2026-05-30/sfp-vah-val-poc-cvd-one/tick data/2024/08.2024/BTCUSDT-aggTrades-2024-08-05.zip,84551287a2c06e0e9e862fb76c51cf5d8cd42f7532151c73a1a1753fb058677c
E00486,primary,aggTrades,agg_trade,futures,2024-08-05,2024-08-05T06:20:00+00:00,2024-08-05T06:25:00+00:00,canonical_5m,2024-08-05T06:24:52.854000+00:00,2271636872,48888.0,4888800,0.01,5240841082,5240841082,1,legacy_local_daily_aggtrades,/Users/yeshevika/Documents/Codex/2026-05-30/sfp-vah-val-poc-cvd-one/tick data/2024/08.2024/BTCUSDT-aggTrades-2024-08-05.zip,84551287a2c06e0e9e862fb76c51cf5d8cd42f7532151c73a1a1753fb058677c
E00486,primary,aggTrades,agg_trade,futures,2024-08-05,2024-08-05T06:20:00+00:00,2024-08-05T06:25:00+00:00,canonical_5m,2024-08-05T06:24:52.856000+00:00,2271636874,48888.0,4888800,0.064,5240841089,5240841097,9,legacy_local_daily_aggtrades,/Users/yeshevika/Documents/Codex/2026-05-30/sfp-vah-val-poc-cvd-one/tick data/2024/08.2024/BTCUSDT-aggTrades-2024-08-05.zip,84551287a2c06e0e9e862fb76c51cf5d8cd42f7532151c73a1a1753fb058677c
E00486,primary,aggTrades,agg_trade,futures,2024-08-05,2024-08-05T06:20:00+00:00,2024-08-05T06:25:00+00:00,canonical_5m,2024-08-05T06:24:52.869000+00:00,2271636876,48888.0,4888800,0.367,5240841103,5240841108,6,legacy_local_daily_aggtrades,/Users/yeshevika/Documents/Codex/2026-05-30/sfp-vah-val-poc-cvd-one/tick data/2024/08.2024/BTCUSDT-aggTrades-2024-08-05.zip,84551287a2c06e0e9e862fb76c51cf5d8cd42f7532151c73a1a1753fb058677c
E00486,primary,aggTrades,agg_trade,futures,2024-08-05,2024-08-05T06:20:00+00:00,2024-08-05T06:25:00+00:00,canonical_5m,2024-08-05T06:24:52.874000+00:00,2271636878,48888.0,4888800,0.656,5240841111,5240841122,12,legacy_local_daily_aggtrades,/Users/yeshevika/Documents/Codex/2026-05-30/sfp-vah-val-poc-cvd-one/tick data/2024/08.2024/BTCUSDT-aggTrades-2024-08-05.zip,84551287a2c06e0e9e862fb76c51cf5d8cd42f7532151c73a1a1753fb058677c
E00486,primary,aggTrades,agg_trade,futures,2024-08-05,2024-08-05T06:20:00+00:00,2024-08-05T06:25:00+00:00,canonical_5m,2024-08-05T06:24:52.902000+00:00,2271636922,48888.0,4888800,3.901,5240841224,5240841240,17,legacy_local_daily_aggtrades,/Users/yeshevika/Documents/Codex/2026-05-30/sfp-vah-val-poc-cvd-one/tick data/2024/08.2024/BTCUSDT-aggTrades-2024-08-05.zip,84551287a2c06e0e9e862fb76c51cf5d8cd42f7532151c73a1a1753fb058677c
E00486,primary,aggTrades,agg_trade,futures,2024-08-05,2024-08-05T06:20:00+00:00,2024-08-05T06:25:00+00:00,canonical_5m,2024-08-05T06:24:52.930000+00:00,2271636951,48888.0,4888800,3.854,5240841301,5240841331,31,legacy_local_daily_aggtrades,/Users/yeshevika/Documents/Codex/2026-05-30/sfp-vah-val-poc-cvd-one/tick data/2024/08.2024/BTCUSDT-aggTrades-2024-08-05.zip,84551287a2c06e0e9e862fb76c51cf5d8cd42f7532151c73a1a1753fb058677c
E00486,primary,aggTrades,agg_trade,futures,2024-08-05,2024-08-05T06:20:00+00:00,2024-08-05T06:25:00+00:00,canonical_5m,2024-08-05T06:24:52.959000+00:00,2271636960,48888.0,4888800,0.419,5240841355,5240841355,1,legacy_local_daily_aggtrades,/Users/yeshevika/Documents/Codex/2026-05-30/sfp-vah-val-poc-cvd-one/tick data/2024/08.2024/BTCUSDT-aggTrades-2024-08-05.zip,84551287a2c06e0e9e862fb76c51cf5d8cd42f7532151c73a1a1753fb058677c
E00486,primary,aggTrades,agg_trade,futures,2024-08-05,2024-08-05T06:20:00+00:00,2024-08-05T06:25:00+00:00,canonical_5m,2024-08-05T06:24:52.964000+00:00,2271636965,48888.0,4888800,0.007,5240841367,5240841367,1,legacy_local_daily_aggtrades,/Users/yeshevika/Documents/Codex/2026-05-30/sfp-vah-val-poc-cvd-one/tick data/2024/08.2024/BTCUSDT-aggTrades-2024-08-05.zip,84551287a2c06e0e9e862fb76c51cf5d8cd42f7532151c73a1a1753fb058677c
E00487,primary,aggTrades,agg_trade,futures,2024-08-25,2024-08-25T23:25:00+00:00,2024-08-25T23:30:00+00:00,canonical_5m,2024-08-25T23:28:04.672000+00:00,2303766331,65175.4,6517540,0.434,5320299013,5320299016,4,legacy_local_daily_aggtrades,/Users/yeshevika/Documents/Codex/2026-05-30/sfp-vah-val-poc-cvd-one/tick data/2024/08.2024/BTCUSDT-aggTrades-2024-08-25.zip,75f92adac3b98842f57ef1004ee5ce05a07132897eb1d566f00d0e823877211b
E00490,primary,aggTrades,agg_trade,futures,2024-09-08,2024-09-08T16:00:00+00:00,2024-09-08T16:05:00+00:00,canonical_5m,2024-09-08T16:02:18.637000+00:00,2321251002,53596.5,5359650,0.168,5363997208,5363997209,2,legacy_local_daily_aggtrades,/Users/yeshevika/Documents/Codex/2026-05-30/sfp-vah-val-poc-cvd-one/tick data/2024/09.2024/BTCUSDT-aggTrades-2024-09-08.zip,654cce830312bb3858e00f88b04713b60b9d2014d4c8c9e0ffd1ef191064090a
E00490,primary,aggTrades,agg_trade,futures,2024-09-08,2024-09-08T16:00:00+00:00,2024-09-08T16:05:00+00:00,canonical_5m,2024-09-08T16:02:18.709000+00:00,2321251004,53596.5,5359650,0.5,5363997230,5363997231,2,legacy_local_daily_aggtrades,/Users/yeshevika/Documents/Codex/2026-05-30/sfp-vah-val-poc-cvd-one/tick data/2024/09.2024/BTCUSDT-aggTrades-2024-09-08.zip,654cce830312bb3858e00f88b04713b60b9d2014d4c8c9e0ffd1ef191064090a
E00506,primary,aggTrades,agg_trade,futures,2024-12-17,2024-12-17T14:55:00+00:00,2024-12-17T15:00:00+00:00,canonical_5m,2024-12-17T14:57:49.021000+00:00,2469302393,108366.8,10836680,0.062,5731640433,5731640435,3,legacy_local_daily_aggtrades,/Users/yeshevika/Documents/Codex/2026-05-30/sfp-vah-val-poc-cvd-one/tick data/2024/12.2024/BTCUSDT-aggTrades-2024-12-17.zip,c35e22515ce95e39f9c0040b9c69d8bd85869c38d6521803884dc6e0b490f913
E00513,primary,aggTrades,agg_trade,futures,2025-02-28,2025-02-28T08:45:00+00:00,2025-02-28T08:50:00+00:00,canonical_5m,2025-02-28T08:45:42.153000+00:00,2594762637,78200.2,7820020,2.173,6020603633,6020603641,9,legacy_local_daily_aggtrades,/Users/yeshevika/Documents/Codex/2026-05-30/sfp-vah-val-poc-cvd-one/tick data/2025/02.2025/BTCUSDT-aggTrades-2025-02-28.zip,1ea4d9d99262334d775530a85cc021f3fcf52bf8978a62d1def7b95839e1380f
E00513,primary,aggTrades,agg_trade,futures,2025-02-28,2025-02-28T08:45:00+00:00,2025-02-28T08:50:00+00:00,canonical_5m,2025-02-28T08:45:42.153000+00:00,2594762639,78200.2,7820020,0.799,6020603643,6020603647,5,legacy_local_daily_aggtrades,/Users/yeshevika/Documents/Codex/2026-05-30/sfp-vah-val-poc-cvd-one/tick data/2025/02.2025/BTCUSDT-aggTrades-2025-02-28.zip,1ea4d9d99262334d775530a85cc021f3fcf52bf8978a62d1def7b95839e1380f
E00513,primary,aggTrades,agg_trade,futures,2025-02-28,2025-02-28T08:45:00+00:00,2025-02-28T08:50:00+00:00,canonical_5m,2025-02-28T08:45:42.153000+00:00,2594762641,78200.2,7820020,0.069,6020603649,6020603651,3,legacy_local_daily_aggtrades,/Users/yeshevika/Documents/Codex/2026-05-30/sfp-vah-val-poc-cvd-one/tick data/2025/02.2025/BTCUSDT-aggTrades-2025-02-28.zip,1ea4d9d99262334d775530a85cc021f3fcf52bf8978a62d1def7b95839e1380f
E00513,primary,aggTrades,agg_trade,futures,2025-02-28,2025-02-28T08:45:00+00:00,2025-02-28T08:50:00+00:00,canonical_5m,2025-02-28T08:45:42.153000+00:00,2594762643,78200.2,7820020,0.024,6020603653,6020603654,2,legacy_local_daily_aggtrades,/Users/yeshevika/Documents/Codex/2026-05-30/sfp-vah-val-poc-cvd-one/tick data/2025/02.2025/BTCUSDT-aggTrades-2025-02-28.zip,1ea4d9d99262334d775530a85cc021f3fcf52bf8978a62d1def7b95839e1380f
E00513,primary,aggTrades,agg_trade,futures,2025-02-28,2025-02-28T08:45:00+00:00,2025-02-28T08:50:00+00:00,canonical_5m,2025-02-28T08:45:42.153000+00:00,2594762645,78200.2,7820020,0.799,6020603656,6020603666,11,legacy_local_daily_aggtrades,/Users/yeshevika/Documents/Codex/2026-05-30/sfp-vah-val-poc-cvd-one/tick data/2025/02.2025/BTCUSDT-aggTrades-2025-02-28.zip,1ea4d9d99262334d775530a85cc021f3fcf52bf8978a62d1def7b95839e1380f
E00513,primary,aggTrades,agg_trade,futures,2025-02-28,2025-02-28T08:45:00+00:00,2025-02-28T08:50:00+00:00,canonical_5m,2025-02-28T08:45:42.154000+00:00,2594762647,78200.2,7820020,0.19,6020603668,6020603669,2,legacy_local_daily_aggtrades,/Users/yeshevika/Documents/Codex/2026-05-30/sfp-vah-val-poc-cvd-one/tick data/2025/02.2025/BTCUSDT-aggTrades-2025-02-28.zip,1ea4d9d99262334d775530a85cc021f3fcf52bf8978a62d1def7b95839e1380f
E00513,primary,aggTrades,agg_trade,futures,2025-02-28,2025-02-28T08:45:00+00:00,2025-02-28T08:50:00+00:00,canonical_5m,2025-02-28T08:45:42.154000+00:00,2594762649,78200.2,7820020,0.16,6020603671,6020603675,5,legacy_local_daily_aggtrades,/Users/yeshevika/Documents/Codex/2026-05-30/sfp-vah-val-poc-cvd-one/tick data/2025/02.2025/BTCUSDT-aggTrades-2025-02-28.zip,1ea4d9d99262334d775530a85cc021f3fcf52bf8978a62d1def7b95839e1380f
E00513,primary,aggTrades,agg_trade,futures,2025-02-28,2025-02-28T08:45:00+00:00,2025-02-28T08:50:00+00:00,canonical_5m,2025-02-28T08:45:42.232000+00:00,2594762704,78200.2,7820020,2.141,6020603786,6020603787,2,legacy_local_daily_aggtrades,/Users/yeshevika/Documents/Codex/2026-05-30/sfp-vah-val-poc-cvd-one/tick data/2025/02.2025/BTCUSDT-aggTrades-2025-02-28.zip,1ea4d9d99262334d775530a85cc021f3fcf52bf8978a62d1def7b95839e1380f
E00514,primary,aggTrades,agg_trade,futures,2025-03-02,2025-03-02T17:45:00+00:00,2025-03-02T17:50:00+00:00,canonical_5m,2025-03-02T17:47:13.169000+00:00,2600198822,94971.0,9497100,0.01,6032890623,6032890624,2,legacy_local_daily_aggtrades,/Users/yeshevika/Documents/Codex/2026-05-30/sfp-vah-val-poc-cvd-one/tick data/2025/03.2025/BTCUSDT-aggTrades-2025-03-02.zip,72aa169e62f891c6759fa7cfc7f9014cf0552612510fe1cee549b17ef59c2d20
E00517,primary,aggTrades,agg_trade,futures,2025-04-07,2025-04-07T07:00:00+00:00,2025-04-07T07:05:00+00:00,canonical_5m,2025-04-07T07:04:39.253000+00:00,2665735165,74457.0,7445700,0.974,6178962285,6178962287,3,legacy_local_daily_aggtrades,/Users/yeshevika/Documents/Codex/2026-05-30/sfp-vah-val-poc-cvd-one/tick data/2025/04.2025/BTCUSDT-aggTrades-2025-04-07.zip,5ad51685f958a72b2c6cd05df1671333fa734bf0742c3cd500bcca5e3dc0cc7c
E00529,primary,aggTrades,agg_trade,futures,2025-10-06,2025-10-06T18:55:00+00:00,2025-10-06T19:00:00+00:00,canonical_5m,2025-10-06T18:58:12.120000+00:00,2875524135,126208.5,12620850,1.717,6688437073,6688437075,3,legacy_local_daily_aggtrades,/Users/yeshevika/Documents/Codex/2026-05-30/sfp-vah-val-poc-cvd-one/tick data/2025/10.2025/BTCUSDT-aggTrades-2025-10-06.zip,7a516de260d670cae2e6a0f84ae42054612485b9976e9c5bd97338244d8e6432
E00542,primary,aggTrades,agg_trade,futures,2025-11-21,2025-11-21T12:25:00+00:00,2025-11-21T12:30:00+00:00,canonical_5m,2025-11-21T12:29:36.882000+00:00,2970929543,80600.0,8060000,0.181,6918323995,6918324001,7,legacy_local_daily_aggtrades,/Users/yeshevika/Documents/Codex/2026-05-30/sfp-vah-val-poc-cvd-one/tick data/2025/11.2025/BTCUSDT-aggTrades-2025-11-21.zip,49e8b14b2035c0140e5bd190f51a1c863877878ea74ba92ffb80f62b47e94e1c
E00542,primary,aggTrades,agg_trade,futures,2025-11-21,2025-11-21T12:25:00+00:00,2025-11-21T12:30:00+00:00,canonical_5m,2025-11-21T12:29:36.885000+00:00,2970929545,80600.0,8060000,0.766,6918324004,6918324017,14,legacy_local_daily_aggtrades,/Users/yeshevika/Documents/Codex/2026-05-30/sfp-vah-val-poc-cvd-one/tick data/2025/11.2025/BTCUSDT-aggTrades-2025-11-21.zip,49e8b14b2035c0140e5bd190f51a1c863877878ea74ba92ffb80f62b47e94e1c
E00542,primary,aggTrades,agg_trade,futures,2025-11-21,2025-11-21T12:25:00+00:00,2025-11-21T12:30:00+00:00,canonical_5m,2025-11-21T12:29:36.886000+00:00,2970929547,80600.0,8060000,0.084,6918324019,6918324020,2,legacy_local_daily_aggtrades,/Users/yeshevika/Documents/Codex/2026-05-30/sfp-vah-val-poc-cvd-one/tick data/2025/11.2025/BTCUSDT-aggTrades-2025-11-21.zip,49e8b14b2035c0140e5bd190f51a1c863877878ea74ba92ffb80f62b47e94e1c
E00542,primary,aggTrades,agg_trade,futures,2025-11-21,2025-11-21T12:25:00+00:00,2025-11-21T12:30:00+00:00,canonical_5m,2025-11-21T12:29:36.918000+00:00,2970929549,80600.0,8060000,0.04,6918324022,6918324022,1,legacy_local_daily_aggtrades,/Users/yeshevika/Documents/Codex/2026-05-30/sfp-vah-val-poc-cvd-one/tick data/2025/11.2025/BTCUSDT-aggTrades-2025-11-21.zip,49e8b14b2035c0140e5bd190f51a1c863877878ea74ba92ffb80f62b47e94e1c
E00542,primary,aggTrades,agg_trade,futures,2025-11-21,2025-11-21T12:25:00+00:00,2025-11-21T12:30:00+00:00,canonical_5m,2025-11-21T12:29:36.928000+00:00,2970929551,80600.0,8060000,0.002,6918324024,6918324024,1,legacy_local_daily_aggtrades,/Users/yeshevika/Documents/Codex/2026-05-30/sfp-vah-val-poc-cvd-one/tick data/2025/11.2025/BTCUSDT-aggTrades-2025-11-21.zip,49e8b14b2035c0140e5bd190f51a1c863877878ea74ba92ffb80f62b47e94e1c
E00542,primary,aggTrades,agg_trade,futures,2025-11-21,2025-11-21T12:25:00+00:00,2025-11-21T12:30:00+00:00,canonical_5m,2025-11-21T12:29:36.953000+00:00,2970929553,80600.0,8060000,0.246,6918324026,6918324026,1,legacy_local_daily_aggtrades,/Users/yeshevika/Documents/Codex/2026-05-30/sfp-vah-val-poc-cvd-one/tick data/2025/11.2025/BTCUSDT-aggTrades-2025-11-21.zip,49e8b14b2035c0140e5bd190f51a1c863877878ea74ba92ffb80f62b47e94e1c
E00542,primary,aggTrades,agg_trade,futures,2025-11-21,2025-11-21T12:25:00+00:00,2025-11-21T12:30:00+00:00,canonical_5m,2025-11-21T12:29:37.032000+00:00,2970929555,80600.0,8060000,0.126,6918324029,6918324034,6,legacy_local_daily_aggtrades,/Users/yeshevika/Documents/Codex/2026-05-30/sfp-vah-val-poc-cvd-one/tick data/2025/11.2025/BTCUSDT-aggTrades-2025-11-21.zip,49e8b14b2035c0140e5bd190f51a1c863877878ea74ba92ffb80f62b47e94e1c
E00542,primary,aggTrades,agg_trade,futures,2025-11-21,2025-11-21T12:25:00+00:00,2025-11-21T12:30:00+00:00,canonical_5m,2025-11-21T12:29:37.035000+00:00,2970929557,80600.0,8060000,2.0,6918324036,6918324036,1,legacy_local_daily_aggtrades,/Users/yeshevika/Documents/Codex/2026-05-30/sfp-vah-val-poc-cvd-one/tick data/2025/11.2025/BTCUSDT-aggTrades-2025-11-21.zip,49e8b14b2035c0140e5bd190f51a1c863877878ea74ba92ffb80f62b47e94e1c
E00542,primary,aggTrades,agg_trade,futures,2025-11-21,2025-11-21T12:25:00+00:00,2025-11-21T12:30:00+00:00,canonical_5m,2025-11-21T12:29:37.043000+00:00,2970929559,80600.0,8060000,0.075,6918324038,6918324041,4,legacy_local_daily_aggtrades,/Users/yeshevika/Documents/Codex/2026-05-30/sfp-vah-val-poc-cvd-one/tick data/2025/11.2025/BTCUSDT-aggTrades-2025-11-21.zip,49e8b14b2035c0140e5bd190f51a1c863877878ea74ba92ffb80f62b47e94e1c
E00542,primary,aggTrades,agg_trade,futures,2025-11-21,2025-11-21T12:25:00+00:00,2025-11-21T12:30:00+00:00,canonical_5m,2025-11-21T12:29:37.078000+00:00,2970929561,80600.0,8060000,0.138,6918324045,6918324050,6,legacy_local_daily_aggtrades,/Users/yeshevika/Documents/Codex/2026-05-30/sfp-vah-val-poc-cvd-one/tick data/2025/11.2025/BTCUSDT-aggTrades-2025-11-21.zip,49e8b14b2035c0140e5bd190f51a1c863877878ea74ba92ffb80f62b47e94e1c
E00542,primary,aggTrades,agg_trade,futures,2025-11-21,2025-11-21T12:25:00+00:00,2025-11-21T12:30:00+00:00,canonical_5m,2025-11-21T12:29:37.107000+00:00,2970929563,80600.0,8060000,2.112,6918324052,6918324057,6,legacy_local_daily_aggtrades,/Users/yeshevika/Documents/Codex/2026-05-30/sfp-vah-val-poc-cvd-one/tick data/2025/11.2025/BTCUSDT-aggTrades-2025-11-21.zip,49e8b14b2035c0140e5bd190f51a1c863877878ea74ba92ffb80f62b47e94e1c
E00542,primary,aggTrades,agg_trade,futures,2025-11-21,2025-11-21T12:25:00+00:00,2025-11-21T12:30:00+00:00,canonical_5m,2025-11-21T12:29:37.151000+00:00,2970929565,80600.0,8060000,1.523,6918324059,6918324072,14,legacy_local_daily_aggtrades,/Users/yeshevika/Documents/Codex/2026-05-30/sfp-vah-val-poc-cvd-one/tick data/2025/11.2025/BTCUSDT-aggTrades-2025-11-21.zip,49e8b14b2035c0140e5bd190f51a1c863877878ea74ba92ffb80f62b47e94e1c
E00542,primary,aggTrades,agg_trade,futures,2025-11-21,2025-11-21T12:25:00+00:00,2025-11-21T12:30:00+00:00,canonical_5m,2025-11-21T12:29:37.172000+00:00,2970929567,80600.0,8060000,0.039,6918324074,6918324076,3,legacy_local_daily_aggtrades,/Users/yeshevika/Documents/Codex/2026-05-30/sfp-vah-val-poc-cvd-one/tick data/2025/11.2025/BTCUSDT-aggTrades-2025-11-21.zip,49e8b14b2035c0140e5bd190f51a1c863877878ea74ba92ffb80f62b47e94e1c
E00542,primary,aggTrades,agg_trade,futures,2025-11-21,2025-11-21T12:25:00+00:00,2025-11-21T12:30:00+00:00,canonical_5m,2025-11-21T12:29:37.179000+00:00,2970929569,80600.0,8060000,0.471,6918324078,6918324079,2,legacy_local_daily_aggtrades,/Users/yeshevika/Documents/Codex/2026-05-30/sfp-vah-val-poc-cvd-one/tick data/2025/11.2025/BTCUSDT-aggTrades-2025-11-21.zip,49e8b14b2035c0140e5bd190f51a1c863877878ea74ba92ffb80f62b47e94e1c
E00542,primary,aggTrades,agg_trade,futures,2025-11-21,2025-11-21T12:25:00+00:00,2025-11-21T12:30:00+00:00,canonical_5m,2025-11-21T12:29:37.202000+00:00,2970929571,80600.0,8060000,0.323,6918324081,6918324088,8,legacy_local_daily_aggtrades,/Users/yeshevika/Documents/Codex/2026-05-30/sfp-vah-val-poc-cvd-one/tick data/2025/11.2025/BTCUSDT-aggTrades-2025-11-21.zip,49e8b14b2035c0140e5bd190f51a1c863877878ea74ba92ffb80f62b47e94e1c
E00542,primary,aggTrades,agg_trade,futures,2025-11-21,2025-11-21T12:25:00+00:00,2025-11-21T12:30:00+00:00,canonical_5m,2025-11-21T12:29:37.256000+00:00,2970929573,80600.0,8060000,0.007,6918324090,6918324091,2,legacy_local_daily_aggtrades,/Users/yeshevika/Documents/Codex/2026-05-30/sfp-vah-val-poc-cvd-one/tick data/2025/11.2025/BTCUSDT-aggTrades-2025-11-21.zip,49e8b14b2035c0140e5bd190f51a1c863877878ea74ba92ffb80f62b47e94e1c
E00542,primary,aggTrades,agg_trade,futures,2025-11-21,2025-11-21T12:25:00+00:00,2025-11-21T12:30:00+00:00,canonical_5m,2025-11-21T12:29:37.283000+00:00,2970929575,80600.0,8060000,0.756,6918324094,6918324094,1,legacy_local_daily_aggtrades,/Users/yeshevika/Documents/Codex/2026-05-30/sfp-vah-val-poc-cvd-one/tick data/2025/11.2025/BTCUSDT-aggTrades-2025-11-21.zip,49e8b14b2035c0140e5bd190f51a1c863877878ea74ba92ffb80f62b47e94e1c
E00542,primary,aggTrades,agg_trade,futures,2025-11-21,2025-11-21T12:25:00+00:00,2025-11-21T12:30:00+00:00,canonical_5m,2025-11-21T12:29:37.288000+00:00,2970929577,80600.0,8060000,1.103,6918324096,6918324098,3,legacy_local_daily_aggtrades,/Users/yeshevika/Documents/Codex/2026-05-30/sfp-vah-val-poc-cvd-one/tick data/2025/11.2025/BTCUSDT-aggTrades-2025-11-21.zip,49e8b14b2035c0140e5bd190f51a1c863877878ea74ba92ffb80f62b47e94e1c
E00542,primary,aggTrades,agg_trade,futures,2025-11-21,2025-11-21T12:25:00+00:00,2025-11-21T12:30:00+00:00,canonical_5m,2025-11-21T12:29:37.299000+00:00,2970929579,80600.0,8060000,0.036,6918324100,6918324100,1,legacy_local_daily_aggtrades,/Users/yeshevika/Documents/Codex/2026-05-30/sfp-vah-val-poc-cvd-one/tick data/2025/11.2025/BTCUSDT-aggTrades-2025-11-21.zip,49e8b14b2035c0140e5bd190f51a1c863877878ea74ba92ffb80f62b47e94e1c
E00542,primary,aggTrades,agg_trade,futures,2025-11-21,2025-11-21T12:25:00+00:00,2025-11-21T12:30:00+00:00,canonical_5m,2025-11-21T12:29:37.304000+00:00,2970929581,80600.0,8060000,0.027,6918324102,6918324102,1,legacy_local_daily_aggtrades,/Users/yeshevika/Documents/Codex/2026-05-30/sfp-vah-val-poc-cvd-one/tick data/2025/11.2025/BTCUSDT-aggTrades-2025-11-21.zip,49e8b14b2035c0140e5bd190f51a1c863877878ea74ba92ffb80f62b47e94e1c
E00542,primary,aggTrades,agg_trade,futures,2025-11-21,2025-11-21T12:25:00+00:00,2025-11-21T12:30:00+00:00,canonical_5m,2025-11-21T12:29:37.310000+00:00,2970929583,80600.0,8060000,2.298,6918324106,6918324141,36,legacy_local_daily_aggtrades,/Users/yeshevika/Documents/Codex/2026-05-30/sfp-vah-val-poc-cvd-one/tick data/2025/11.2025/BTCUSDT-aggTrades-2025-11-21.zip,49e8b14b2035c0140e5bd190f51a1c863877878ea74ba92ffb80f62b47e94e1c
E00542,primary,aggTrades,agg_trade,futures,2025-11-21,2025-11-21T12:25:00+00:00,2025-11-21T12:30:00+00:00,canonical_5m,2025-11-21T12:29:37.403000+00:00,2970929585,80600.0,8060000,0.002,6918324143,6918324143,1,legacy_local_daily_aggtrades,/Users/yeshevika/Documents/Codex/2026-05-30/sfp-vah-val-poc-cvd-one/tick data/2025/11.2025/BTCUSDT-aggTrades-2025-11-21.zip,49e8b14b2035c0140e5bd190f51a1c863877878ea74ba92ffb80f62b47e94e1c
E00542,primary,aggTrades,agg_trade,futures,2025-11-21,2025-11-21T12:25:00+00:00,2025-11-21T12:30:00+00:00,canonical_5m,2025-11-21T12:29:37.432000+00:00,2970929587,80600.0,8060000,0.012,6918324150,6918324150,1,legacy_local_daily_aggtrades,/Users/yeshevika/Documents/Codex/2026-05-30/sfp-vah-val-poc-cvd-one/tick data/2025/11.2025/BTCUSDT-aggTrades-2025-11-21.zip,49e8b14b2035c0140e5bd190f51a1c863877878ea74ba92ffb80f62b47e94e1c
E00542,primary,aggTrades,agg_trade,futures,2025-11-21,2025-11-21T12:25:00+00:00,2025-11-21T12:30:00+00:00,canonical_5m,2025-11-21T12:29:37.437000+00:00,2970929589,80600.0,8060000,0.054,6918324152,6918324155,4,legacy_local_daily_aggtrades,/Users/yeshevika/Documents/Codex/2026-05-30/sfp-vah-val-poc-cvd-one/tick data/2025/11.2025/BTCUSDT-aggTrades-2025-11-21.zip,49e8b14b2035c0140e5bd190f51a1c863877878ea74ba92ffb80f62b47e94e1c
E00542,primary,aggTrades,agg_trade,futures,2025-11-21,2025-11-21T12:25:00+00:00,2025-11-21T12:30:00+00:00,canonical_5m,2025-11-21T12:29:37.463000+00:00,2970929591,80600.0,8060000,0.097,6918324158,6918324161,4,legacy_local_daily_aggtrades,/Users/yeshevika/Documents/Codex/2026-05-30/sfp-vah-val-poc-cvd-one/tick data/2025/11.2025/BTCUSDT-aggTrades-2025-11-21.zip,49e8b14b2035c0140e5bd190f51a1c863877878ea74ba92ffb80f62b47e94e1c
E00542,primary,aggTrades,agg_trade,futures,2025-11-21,2025-11-21T12:25:00+00:00,2025-11-21T12:30:00+00:00,canonical_5m,2025-11-21T12:29:37.481000+00:00,2970929593,80600.0,8060000,0.074,6918324163,6918324165,3,legacy_local_daily_aggtrades,/Users/yeshevika/Documents/Codex/2026-05-30/sfp-vah-val-poc-cvd-one/tick data/2025/11.2025/BTCUSDT-aggTrades-2025-11-21.zip,49e8b14b2035c0140e5bd190f51a1c863877878ea74ba92ffb80f62b47e94e1c
E00542,primary,aggTrades,agg_trade,futures,2025-11-21,2025-11-21T12:25:00+00:00,2025-11-21T12:30:00+00:00,canonical_5m,2025-11-21T12:29:37.516000+00:00,2970929595,80600.0,8060000,1.354,6918324168,6918324172,5,legacy_local_daily_aggtrades,/Users/yeshevika/Documents/Codex/2026-05-30/sfp-vah-val-poc-cvd-one/tick data/2025/11.2025/BTCUSDT-aggTrades-2025-11-21.zip,49e8b14b2035c0140e5bd190f51a1c863877878ea74ba92ffb80f62b47e94e1c
E00542,primary,aggTrades,agg_trade,futures,2025-11-21,2025-11-21T12:25:00+00:00,2025-11-21T12:30:00+00:00,canonical_5m,2025-11-21T12:29:37.571000+00:00,2970929597,80600.0,8060000,0.056,6918324187,6918324187,1,legacy_local_daily_aggtrades,/Users/yeshevika/Documents/Codex/2026-05-30/sfp-vah-val-poc-cvd-one/tick data/2025/11.2025/BTCUSDT-aggTrades-2025-11-21.zip,49e8b14b2035c0140e5bd190f51a1c863877878ea74ba92ffb80f62b47e94e1c
E00542,primary,aggTrades,agg_trade,futures,2025-11-21,2025-11-21T12:25:00+00:00,2025-11-21T12:30:00+00:00,canonical_5m,2025-11-21T12:29:37.572000+00:00,2970929599,80600.0,8060000,0.169,6918324190,6918324194,5,legacy_local_daily_aggtrades,/Users/yeshevika/Documents/Codex/2026-05-30/sfp-vah-val-poc-cvd-one/tick data/2025/11.2025/BTCUSDT-aggTrades-2025-11-21.zip,49e8b14b2035c0140e5bd190f51a1c863877878ea74ba92ffb80f62b47e94e1c
E00542,primary,aggTrades,agg_trade,futures,2025-11-21,2025-11-21T12:25:00+00:00,2025-11-21T12:30:00+00:00,canonical_5m,2025-11-21T12:29:37.617000+00:00,2970929601,80600.0,8060000,0.316,6918324196,6918324216,21,legacy_local_daily_aggtrades,/Users/yeshevika/Documents/Codex/2026-05-30/sfp-vah-val-poc-cvd-one/tick data/2025/11.2025/BTCUSDT-aggTrades-2025-11-21.zip,49e8b14b2035c0140e5bd190f51a1c863877878ea74ba92ffb80f62b47e94e1c
E00542,primary,aggTrades,agg_trade,futures,2025-11-21,2025-11-21T12:25:00+00:00,2025-11-21T12:30:00+00:00,canonical_5m,2025-11-21T12:29:37.659000+00:00,2970929603,80600.0,8060000,0.096,6918324218,6918324225,8,legacy_local_daily_aggtrades,/Users/yeshevika/Documents/Codex/2026-05-30/sfp-vah-val-poc-cvd-one/tick data/2025/11.2025/BTCUSDT-aggTrades-2025-11-21.zip,49e8b14b2035c0140e5bd190f51a1c863877878ea74ba92ffb80f62b47e94e1c
E00542,primary,aggTrades,agg_trade,futures,2025-11-21,2025-11-21T12:25:00+00:00,2025-11-21T12:30:00+00:00,canonical_5m,2025-11-21T12:29:37.715000+00:00,2970929605,80600.0,8060000,0.043,6918324227,6918324230,4,legacy_local_daily_aggtrades,/Users/yeshevika/Documents/Codex/2026-05-30/sfp-vah-val-poc-cvd-one/tick data/2025/11.2025/BTCUSDT-aggTrades-2025-11-21.zip,49e8b14b2035c0140e5bd190f51a1c863877878ea74ba92ffb80f62b47e94e1c
E00543,primary,aggTrades,agg_trade,futures,2026-01-14,2026-01-14T20:10:00+00:00,2026-01-14T20:15:00+00:00,canonical_5m,2026-01-14T20:11:46.467000+00:00,3054491161,97932.1,9793210,0.029,7104115834,7104115834,1,legacy_local_daily_aggtrades,/Users/yeshevika/Documents/Codex/2026-05-30/sfp-vah-val-poc-cvd-one/tick data/2026/01.2026/BTCUSDT-aggTrades-2026-01-14.zip,bfaaae59b290421aae3bf9cd2c82ce0f77d6dc007198cb48e4864759225e091c
E00550,primary,aggTrades,agg_trade,futures,2026-02-06,2026-02-06T00:15:00+00:00,2026-02-06T00:20:00+00:00,canonical_5m,2026-02-06T00:19:52.422000+00:00,3108676626,59800.0,5980000,1.835,7222035392,7222035415,24,legacy_local_daily_aggtrades,/Users/yeshevika/Documents/Codex/2026-05-30/sfp-vah-val-poc-cvd-one/tick data/2026/02.2026/BTCUSDT-aggTrades-2026-02-06.zip,f5c23447f8120f1a762506d8a7c8355ecf95ff132ffa837c3ef2c2e87054a3f1
E00550,primary,aggTrades,agg_trade,futures,2026-02-06,2026-02-06T00:15:00+00:00,2026-02-06T00:20:00+00:00,canonical_5m,2026-02-06T00:19:52.422000+00:00,3108676638,59800.0,5980000,18.309,7222035467,7222035512,46,legacy_local_daily_aggtrades,/Users/yeshevika/Documents/Codex/2026-05-30/sfp-vah-val-poc-cvd-one/tick data/2026/02.2026/BTCUSDT-aggTrades-2026-02-06.zip,f5c23447f8120f1a762506d8a7c8355ecf95ff132ffa837c3ef2c2e87054a3f1
E00550,primary,aggTrades,agg_trade,futures,2026-02-06,2026-02-06T00:15:00+00:00,2026-02-06T00:20:00+00:00,canonical_5m,2026-02-06T00:19:52.422000+00:00,3108676646,59800.0,5980000,0.02,7222035539,7222035540,2,legacy_local_daily_aggtrades,/Users/yeshevika/Documents/Codex/2026-05-30/sfp-vah-val-poc-cvd-one/tick data/2026/02.2026/BTCUSDT-aggTrades-2026-02-06.zip,f5c23447f8120f1a762506d8a7c8355ecf95ff132ffa837c3ef2c2e87054a3f1
E00550,primary,aggTrades,agg_trade,futures,2026-02-06,2026-02-06T00:15:00+00:00,2026-02-06T00:20:00+00:00,canonical_5m,2026-02-06T00:19:52.423000+00:00,3108676651,59800.0,5980000,0.577,7222035546,7222035548,3,legacy_local_daily_aggtrades,/Users/yeshevika/Documents/Codex/2026-05-30/sfp-vah-val-poc-cvd-one/tick data/2026/02.2026/BTCUSDT-aggTrades-2026-02-06.zip,f5c23447f8120f1a762506d8a7c8355ecf95ff132ffa837c3ef2c2e87054a3f1
E00550,primary,aggTrades,agg_trade,futures,2026-02-06,2026-02-06T00:15:00+00:00,2026-02-06T00:20:00+00:00,canonical_5m,2026-02-06T00:19:52.423000+00:00,3108676656,59800.0,5980000,0.086,7222035560,7222035561,2,legacy_local_daily_aggtrades,/Users/yeshevika/Documents/Codex/2026-05-30/sfp-vah-val-poc-cvd-one/tick data/2026/02.2026/BTCUSDT-aggTrades-2026-02-06.zip,f5c23447f8120f1a762506d8a7c8355ecf95ff132ffa837c3ef2c2e87054a3f1
E00550,primary,aggTrades,agg_trade,futures,2026-02-06,2026-02-06T00:15:00+00:00,2026-02-06T00:20:00+00:00,canonical_5m,2026-02-06T00:19:52.428000+00:00,3108676673,59800.0,5980000,0.069,7222035618,7222035618,1,legacy_local_daily_aggtrades,/Users/yeshevika/Documents/Codex/2026-05-30/sfp-vah-val-poc-cvd-one/tick data/2026/02.2026/BTCUSDT-aggTrades-2026-02-06.zip,f5c23447f8120f1a762506d8a7c8355ecf95ff132ffa837c3ef2c2e87054a3f1
E00550,primary,aggTrades,agg_trade,futures,2026-02-06,2026-02-06T00:15:00+00:00,2026-02-06T00:20:00+00:00,canonical_5m,2026-02-06T00:19:52.430000+00:00,3108676675,59800.0,5980000,1.074,7222035641,7222035641,1,legacy_local_daily_aggtrades,/Users/yeshevika/Documents/Codex/2026-05-30/sfp-vah-val-poc-cvd-one/tick data/2026/02.2026/BTCUSDT-aggTrades-2026-02-06.zip,f5c23447f8120f1a762506d8a7c8355ecf95ff132ffa837c3ef2c2e87054a3f1
E00550,primary,aggTrades,agg_trade,futures,2026-02-06,2026-02-06T00:15:00+00:00,2026-02-06T00:20:00+00:00,canonical_5m,2026-02-06T00:19:52.431000+00:00,3108676678,59800.0,5980000,0.007,7222035644,7222035644,1,legacy_local_daily_aggtrades,/Users/yeshevika/Documents/Codex/2026-05-30/sfp-vah-val-poc-cvd-one/tick data/2026/02.2026/BTCUSDT-aggTrades-2026-02-06.zip,f5c23447f8120f1a762506d8a7c8355ecf95ff132ffa837c3ef2c2e87054a3f1
E00550,primary,aggTrades,agg_trade,futures,2026-02-06,2026-02-06T00:15:00+00:00,2026-02-06T00:20:00+00:00,canonical_5m,2026-02-06T00:19:52.436000+00:00,3108676683,59800.0,5980000,0.034,7222035667,7222035667,1,legacy_local_daily_aggtrades,/Users/yeshevika/Documents/Codex/2026-05-30/sfp-vah-val-poc-cvd-one/tick data/2026/02.2026/BTCUSDT-aggTrades-2026-02-06.zip,f5c23447f8120f1a762506d8a7c8355ecf95ff132ffa837c3ef2c2e87054a3f1
E00550,primary,aggTrades,agg_trade,futures,2026-02-06,2026-02-06T00:15:00+00:00,2026-02-06T00:20:00+00:00,canonical_5m,2026-02-06T00:19:52.446000+00:00,3108676698,59800.0,5980000,0.029,7222035779,7222035779,1,legacy_local_daily_aggtrades,/Users/yeshevika/Documents/Codex/2026-05-30/sfp-vah-val-poc-cvd-one/tick data/2026/02.2026/BTCUSDT-aggTrades-2026-02-06.zip,f5c23447f8120f1a762506d8a7c8355ecf95ff132ffa837c3ef2c2e87054a3f1
E00550,primary,aggTrades,agg_trade,futures,2026-02-06,2026-02-06T00:15:00+00:00,2026-02-06T00:20:00+00:00,canonical_5m,2026-02-06T00:19:52.607000+00:00,3108677116,59800.0,5980000,4.768,7222036828,7222036828,1,legacy_local_daily_aggtrades,/Users/yeshevika/Documents/Codex/2026-05-30/sfp-vah-val-poc-cvd-one/tick data/2026/02.2026/BTCUSDT-aggTrades-2026-02-06.zip,f5c23447f8120f1a762506d8a7c8355ecf95ff132ffa837c3ef2c2e87054a3f1
E00550,primary,aggTrades,agg_trade,futures,2026-02-06,2026-02-06T00:15:00+00:00,2026-02-06T00:20:00+00:00,canonical_5m,2026-02-06T00:19:52.609000+00:00,3108677118,59800.0,5980000,0.003,7222036834,7222036834,1,legacy_local_daily_aggtrades,/Users/yeshevika/Documents/Codex/2026-05-30/sfp-vah-val-poc-cvd-one/tick data/2026/02.2026/BTCUSDT-aggTrades-2026-02-06.zip,f5c23447f8120f1a762506d8a7c8355ecf95ff132ffa837c3ef2c2e87054a3f1
E00551,primary,aggTrades,agg_trade,futures,2026-05-06,2026-05-06T11:20:00+00:00,2026-05-06T11:25:00+00:00,canonical_5m,2026-05-06T11:22:38.699000+00:00,3280084004,82828.7,8282870,0.197,7635036441,7635036442,2,legacy_local_daily_aggtrades,/Users/yeshevika/Documents/Codex/2026-05-30/sfp-vah-val-poc-cvd-one/tick data/2026/05.2026/BTCUSDT-aggTrades-2026-05-06.zip,790b617d9fa5888280e0baa8cf465a20641ab09c49f1259d4876e4a43f51685a
E00551,primary,aggTrades,agg_trade,futures,2026-05-06,2026-05-06T11:20:00+00:00,2026-05-06T11:25:00+00:00,canonical_5m,2026-05-06T11:22:38.699000+00:00,3280084006,82828.7,8282870,0.068,7635036445,7635036445,1,legacy_local_daily_aggtrades,/Users/yeshevika/Documents/Codex/2026-05-30/sfp-vah-val-poc-cvd-one/tick data/2026/05.2026/BTCUSDT-aggTrades-2026-05-06.zip,790b617d9fa5888280e0baa8cf465a20641ab09c49f1259d4876e4a43f51685a
E00551,primary,aggTrades,agg_trade,futures,2026-05-06,2026-05-06T11:20:00+00:00,2026-05-06T11:25:00+00:00,canonical_5m,2026-05-06T11:22:38.699000+00:00,3280084008,82828.7,8282870,0.35,7635036447,7635036449,3,legacy_local_daily_aggtrades,/Users/yeshevika/Documents/Codex/2026-05-30/sfp-vah-val-poc-cvd-one/tick data/2026/05.2026/BTCUSDT-aggTrades-2026-05-06.zip,790b617d9fa5888280e0baa8cf465a20641ab09c49f1259d4876e4a43f51685a
E00008,primary_fallback,trades,raw_trade,spot,2017-08-23,2017-08-23T00:10:00+00:00,2017-08-23T00:15:00+00:00,canonical_5m,2017-08-23T00:11:41.065000+00:00,23639,4013.89000000,401389,0.24470800,23639,23639,1,raw_fallback_missing_local_aggtrades,/Users/yeshevika/Documents/Codex/2026-08-16/files-pasted-by-the-user-read/work/candle and tick data/spot/ticks/official_daily_raw_trades_zip/2017/08.2017/BTCUSDT-trades-2017-08-23.zip,d8efb694e0b601c5ab66e016082e43af1f7d026e30000405cbd529ecba5d199e
E00010,primary,aggTrades,agg_trade,spot,2017-09-02,2017-09-02T02:15:00+00:00,2017-09-02T02:20:00+00:00,canonical_5m,2017-09-02T02:17:51.603000+00:00,65441,4939.19,493919,0.006225,73806,73806,1,local_official_monthly_aggtrades,/Users/yeshevika/Documents/Codex/2026-08-16/files-pasted-by-the-user-read/work/btc_1m_binance_official/spot/monthly_aggtrades_zip/BTCUSDT-aggTrades-2017-09.zip,9c84120fa94ea8faeddab302de6d628fbaa80d468838738aa04d45154bdc8679
E00012,primary,aggTrades,agg_trade,spot,2017-09-05,2017-09-05T02:00:00+00:00,2017-09-05T02:05:00+00:00,canonical_5m,2017-09-05T02:00:07.506000+00:00,86731,3603.0,360300,0.060327,97090,97090,1,local_official_monthly_aggtrades,/Users/yeshevika/Documents/Codex/2026-08-16/files-pasted-by-the-user-read/work/btc_1m_binance_official/spot/monthly_aggtrades_zip/BTCUSDT-aggTrades-2017-09.zip,9c84120fa94ea8faeddab302de6d628fbaa80d468838738aa04d45154bdc8679
E00013,primary,aggTrades,agg_trade,spot,2017-09-07,2017-09-07T16:25:00+00:00,2017-09-07T16:30:00+00:00,canonical_5m,2017-09-07T16:26:07.914000+00:00,105101,4788.59,478859,0.349741,116481,116481,1,local_official_monthly_aggtrades,/Users/yeshevika/Documents/Codex/2026-08-16/files-pasted-by-the-user-read/work/btc_1m_binance_official/spot/monthly_aggtrades_zip/BTCUSDT-aggTrades-2017-09.zip,9c84120fa94ea8faeddab302de6d628fbaa80d468838738aa04d45154bdc8679
E00018,primary,aggTrades,agg_trade,spot,2017-09-14,2017-09-14T23:50:00+00:00,2017-09-14T23:55:00+00:00,canonical_5m,2017-09-14T23:52:25.178000+00:00,139111,3165.13,316513,0.382013,153804,153805,2,local_official_monthly_aggtrades,/Users/yeshevika/Documents/Codex/2026-08-16/files-pasted-by-the-user-read/work/btc_1m_binance_official/spot/monthly_aggtrades_zip/BTCUSDT-aggTrades-2017-09.zip,9c84120fa94ea8faeddab302de6d628fbaa80d468838738aa04d45154bdc8679
E00018,primary,aggTrades,agg_trade,spot,2017-09-14,2017-09-14T23:50:00+00:00,2017-09-14T23:55:00+00:00,canonical_5m,2017-09-14T23:52:25.230000+00:00,139112,3165.13,316513,0.359787,153806,153807,2,local_official_monthly_aggtrades,/Users/yeshevika/Documents/Codex/2026-08-16/files-pasted-by-the-user-read/work/btc_1m_binance_official/spot/monthly_aggtrades_zip/BTCUSDT-aggTrades-2017-09.zip,9c84120fa94ea8faeddab302de6d628fbaa80d468838738aa04d45154bdc8679
E00038,primary_fallback,trades,raw_trade,spot,2017-11-08,2017-11-08T17:30:00+00:00,2017-11-08T17:35:00+00:00,canonical_5m,2017-11-08T17:32:12.034000+00:00,717928,7770.02000000,777002,0.01700900,717928,717928,1,raw_fallback_missing_local_aggtrades,/Users/yeshevika/Documents/Codex/2026-08-16/files-pasted-by-the-user-read/work/candle and tick data/spot/ticks/official_daily_raw_trades_zip/2017/11.2017/BTCUSDT-trades-2017-11-08.zip,41b24de9d5e92e19680c843cfa7c9232bdf96a8072fa265ac0166c5978d53557
E00041,primary_fallback,trades,raw_trade,spot,2017-11-12,2017-11-12T06:50:00+00:00,2017-11-12T06:55:00+00:00,canonical_5m,2017-11-12T06:53:34.543000+00:00,790487,5325.01000000,532501,0.04327100,790487,790487,1,raw_fallback_missing_local_aggtrades,/Users/yeshevika/Documents/Codex/2026-08-16/files-pasted-by-the-user-read/work/candle and tick data/spot/ticks/official_daily_raw_trades_zip/2017/11.2017/BTCUSDT-trades-2017-11-12.zip,2b587a5f3a0567ca8a560147aed827db4b89c03d0136bd822181b9bbae4be624
E00041,primary_fallback,trades,raw_trade,spot,2017-11-12,2017-11-12T06:50:00+00:00,2017-11-12T06:55:00+00:00,canonical_5m,2017-11-12T06:53:35.875000+00:00,790488,5325.01000000,532501,0.05355900,790488,790488,1,raw_fallback_missing_local_aggtrades,/Users/yeshevika/Documents/Codex/2026-08-16/files-pasted-by-the-user-read/work/candle and tick data/spot/ticks/official_daily_raw_trades_zip/2017/11.2017/BTCUSDT-trades-2017-11-12.zip,2b587a5f3a0567ca8a560147aed827db4b89c03d0136bd822181b9bbae4be624
E00052,primary_fallback,trades,raw_trade,spot,2017-11-29,2017-11-29T14:10:00+00:00,2017-11-29T14:15:00+00:00,canonical_5m,2017-11-29T14:13:57.414000+00:00,1109794,11300.03000000,1130003,0.00100000,1109794,1109794,1,raw_fallback_missing_local_aggtrades,/Users/yeshevika/Documents/Codex/2026-08-16/files-pasted-by-the-user-read/work/candle and tick data/spot/ticks/official_daily_raw_trades_zip/2017/11.2017/BTCUSDT-trades-2017-11-29.zip,874e8da1be993da249be924d161ec0aebffc43df00ea8828d93be3e61378bf9f
E00052,primary_fallback,trades,raw_trade,spot,2017-11-29,2017-11-29T14:10:00+00:00,2017-11-29T14:15:00+00:00,canonical_5m,2017-11-29T14:13:57.417000+00:00,1109795,11300.03000000,1130003,0.14495600,1109795,1109795,1,raw_fallback_missing_local_aggtrades,/Users/yeshevika/Documents/Codex/2026-08-16/files-pasted-by-the-user-read/work/candle and tick data/spot/ticks/official_daily_raw_trades_zip/2017/11.2017/BTCUSDT-trades-2017-11-29.zip,874e8da1be993da249be924d161ec0aebffc43df00ea8828d93be3e61378bf9f
E00054,primary_fallback,trades,raw_trade,spot,2017-11-30,2017-11-30T14:05:00+00:00,2017-11-30T14:10:00+00:00,canonical_5m,2017-11-30T14:08:45.532000+00:00,1162864,8850.80000000,885080,0.12327800,1162864,1162864,1,raw_fallback_missing_local_aggtrades,/Users/yeshevika/Documents/Codex/2026-08-16/files-pasted-by-the-user-read/work/candle and tick data/spot/ticks/official_daily_raw_trades_zip/2017/11.2017/BTCUSDT-trades-2017-11-30.zip,e9716c63c7df3b7f2af01705fbbb3f02edd3b1ed9636b8b9ceb4f23338817f45
E00054,primary_fallback,trades,raw_trade,spot,2017-11-30,2017-11-30T14:05:00+00:00,2017-11-30T14:10:00+00:00,canonical_5m,2017-11-30T14:09:17.587000+00:00,1162894,8850.80000000,885080,0.11263300,1162894,1162894,1,raw_fallback_missing_local_aggtrades,/Users/yeshevika/Documents/Codex/2026-08-16/files-pasted-by-the-user-read/work/candle and tick data/spot/ticks/official_daily_raw_trades_zip/2017/11.2017/BTCUSDT-trades-2017-11-30.zip,e9716c63c7df3b7f2af01705fbbb3f02edd3b1ed9636b8b9ceb4f23338817f45
E00059,primary,aggTrades,agg_trade,spot,2017-12-07,2017-12-07T23:55:20.799000+00:00,2017-12-08T00:00:20.799000+00:00,off_grid_source_5m,2017-12-07T23:58:50.452000+00:00,1334365,16649.96000000,1664996,0.03433500,1441368,1441368,1,local_official_monthly_aggtrades,/Users/yeshevika/Documents/Codex/2026-08-16/files-pasted-by-the-user-read/work/btc_1m_binance_official/spot/monthly_aggtrades_zip/BTCUSDT-aggTrades-2017-12.zip,45261b647c70862edd60e788ce20f32d3b78d0753f9841ba3ca0e50afdbfbefe
E00065,primary,aggTrades,agg_trade,spot,2017-12-10,2017-12-10T04:30:20.799000+00:00,2017-12-10T04:35:20.799000+00:00,off_grid_source_5m,2017-12-10T04:32:07.876000+00:00,1487622,12368.00000000,1236800,0.00288800,1609377,1609377,1,local_official_monthly_aggtrades,/Users/yeshevika/Documents/Codex/2026-08-16/files-pasted-by-the-user-read/work/btc_1m_binance_official/spot/monthly_aggtrades_zip/BTCUSDT-aggTrades-2017-12.zip,45261b647c70862edd60e788ce20f32d3b78d0753f9841ba3ca0e50afdbfbefe
E00070,primary,aggTrades,agg_trade,spot,2017-12-17,2017-12-17T12:10:20.799000+00:00,2017-12-17T12:15:20.799000+00:00,off_grid_source_5m,2017-12-17T12:14:29.261000+00:00,1991545,19798.68000000,1979868,0.78891700,2166336,2166337,2,local_official_monthly_aggtrades,/Users/yeshevika/Documents/Codex/2026-08-16/files-pasted-by-the-user-read/work/btc_1m_binance_official/spot/monthly_aggtrades_zip/BTCUSDT-aggTrades-2017-12.zip,45261b647c70862edd60e788ce20f32d3b78d0753f9841ba3ca0e50afdbfbefe
E00070,primary,aggTrades,agg_trade,spot,2017-12-17,2017-12-17T12:10:20.799000+00:00,2017-12-17T12:15:20.799000+00:00,off_grid_source_5m,2017-12-17T12:14:32.017000+00:00,1991546,19798.68000000,1979868,0.00025300,2166338,2166338,1,local_official_monthly_aggtrades,/Users/yeshevika/Documents/Codex/2026-08-16/files-pasted-by-the-user-read/work/btc_1m_binance_official/spot/monthly_aggtrades_zip/BTCUSDT-aggTrades-2017-12.zip,45261b647c70862edd60e788ce20f32d3b78d0753f9841ba3ca0e50afdbfbefe
E00070,primary,aggTrades,agg_trade,spot,2017-12-17,2017-12-17T12:10:20.799000+00:00,2017-12-17T12:15:20.799000+00:00,off_grid_source_5m,2017-12-17T12:14:42.321000+00:00,1991557,19798.68000000,1979868,0.07576300,2166350,2166350,1,local_official_monthly_aggtrades,/Users/yeshevika/Documents/Codex/2026-08-16/files-pasted-by-the-user-read/work/btc_1m_binance_official/spot/monthly_aggtrades_zip/BTCUSDT-aggTrades-2017-12.zip,45261b647c70862edd60e788ce20f32d3b78d0753f9841ba3ca0e50afdbfbefe
E00070,primary,aggTrades,agg_trade,spot,2017-12-17,2017-12-17T12:10:20.799000+00:00,2017-12-17T12:15:20.799000+00:00,off_grid_source_5m,2017-12-17T12:14:42.726000+00:00,1991558,19798.68000000,1979868,0.04531200,2166351,2166351,1,local_official_monthly_aggtrades,/Users/yeshevika/Documents/Codex/2026-08-16/files-pasted-by-the-user-read/work/btc_1m_binance_official/spot/monthly_aggtrades_zip/BTCUSDT-aggTrades-2017-12.zip,45261b647c70862edd60e788ce20f32d3b78d0753f9841ba3ca0e50afdbfbefe
E00070,primary,aggTrades,agg_trade,spot,2017-12-17,2017-12-17T12:10:20.799000+00:00,2017-12-17T12:15:20.799000+00:00,off_grid_source_5m,2017-12-17T12:14:43.132000+00:00,1991559,19798.68000000,1979868,0.02282500,2166352,2166352,1,local_official_monthly_aggtrades,/Users/yeshevika/Documents/Codex/2026-08-16/files-pasted-by-the-user-read/work/btc_1m_binance_official/spot/monthly_aggtrades_zip/BTCUSDT-aggTrades-2017-12.zip,45261b647c70862edd60e788ce20f32d3b78d0753f9841ba3ca0e50afdbfbefe
E00077,primary,aggTrades,agg_trade,spot,2017-12-24,2017-12-24T12:40:00+00:00,2017-12-24T12:45:00+00:00,canonical_5m,2017-12-24T12:40:08.103000+00:00,2895244,11640.00000000,1164000,0.01125700,3151246,3151246,1,local_official_monthly_aggtrades,/Users/yeshevika/Documents/Codex/2026-08-16/files-pasted-by-the-user-read/work/btc_1m_binance_official/spot/monthly_aggtrades_zip/BTCUSDT-aggTrades-2017-12.zip,45261b647c70862edd60e788ce20f32d3b78d0753f9841ba3ca0e50afdbfbefe
E00078,primary,aggTrades,agg_trade,spot,2017-12-27,2017-12-27T06:00:00+00:00,2017-12-27T06:05:00+00:00,canonical_5m,2017-12-27T06:03:58.248000+00:00,3217150,16498.05000000,1649805,0.13217700,3497457,3497457,1,local_official_monthly_aggtrades,/Users/yeshevika/Documents/Codex/2026-08-16/files-pasted-by-the-user-read/work/btc_1m_binance_official/spot/monthly_aggtrades_zip/BTCUSDT-aggTrades-2017-12.zip,45261b647c70862edd60e788ce20f32d3b78d0753f9841ba3ca0e50afdbfbefe
E00078,primary,aggTrades,agg_trade,spot,2017-12-27,2017-12-27T06:00:00+00:00,2017-12-27T06:05:00+00:00,canonical_5m,2017-12-27T06:03:58.501000+00:00,3217151,16498.05000000,1649805,0.10770000,3497458,3497458,1,local_official_monthly_aggtrades,/Users/yeshevika/Documents/Codex/2026-08-16/files-pasted-by-the-user-read/work/btc_1m_binance_official/spot/monthly_aggtrades_zip/BTCUSDT-aggTrades-2017-12.zip,45261b647c70862edd60e788ce20f32d3b78d0753f9841ba3ca0e50afdbfbefe
E00078,primary,aggTrades,agg_trade,spot,2017-12-27,2017-12-27T06:00:00+00:00,2017-12-27T06:05:00+00:00,canonical_5m,2017-12-27T06:03:58.754000+00:00,3217152,16498.05000000,1649805,0.37423100,3497459,3497459,1,local_official_monthly_aggtrades,/Users/yeshevika/Documents/Codex/2026-08-16/files-pasted-by-the-user-read/work/btc_1m_binance_official/spot/monthly_aggtrades_zip/BTCUSDT-aggTrades-2017-12.zip,45261b647c70862edd60e788ce20f32d3b78d0753f9841ba3ca0e50afdbfbefe
E00081,primary,aggTrades,agg_trade,spot,2017-12-30,2017-12-30T16:40:00+00:00,2017-12-30T16:45:00+00:00,canonical_5m,2017-12-30T16:44:48.457000+00:00,3760088,11750.00000000,1175000,0.14066600,4076701,4076703,3,local_official_monthly_aggtrades,/Users/yeshevika/Documents/Codex/2026-08-16/files-pasted-by-the-user-read/work/btc_1m_binance_official/spot/monthly_aggtrades_zip/BTCUSDT-aggTrades-2017-12.zip,45261b647c70862edd60e788ce20f32d3b78d0753f9841ba3ca0e50afdbfbefe
E00081,primary,aggTrades,agg_trade,spot,2017-12-30,2017-12-30T16:40:00+00:00,2017-12-30T16:45:00+00:00,canonical_5m,2017-12-30T16:44:48.457000+00:00,3760091,11750.00000000,1175000,0.13345900,4076706,4076709,4,local_official_monthly_aggtrades,/Users/yeshevika/Documents/Codex/2026-08-16/files-pasted-by-the-user-read/work/btc_1m_binance_official/spot/monthly_aggtrades_zip/BTCUSDT-aggTrades-2017-12.zip,45261b647c70862edd60e788ce20f32d3b78d0753f9841ba3ca0e50afdbfbefe
E00081,primary,aggTrades,agg_trade,spot,2017-12-30,2017-12-30T16:40:00+00:00,2017-12-30T16:45:00+00:00,canonical_5m,2017-12-30T16:44:48.457000+00:00,3760092,11750.00000000,1175000,0.22490700,4076710,4076712,3,local_official_monthly_aggtrades,/Users/yeshevika/Documents/Codex/2026-08-16/files-pasted-by-the-user-read/work/btc_1m_binance_official/spot/monthly_aggtrades_zip/BTCUSDT-aggTrades-2017-12.zip,45261b647c70862edd60e788ce20f32d3b78d0753f9841ba3ca0e50afdbfbefe
E00081,primary,aggTrades,agg_trade,spot,2017-12-30,2017-12-30T16:40:00+00:00,2017-12-30T16:45:00+00:00,canonical_5m,2017-12-30T16:44:48.457000+00:00,3760093,11750.00000000,1175000,0.03281400,4076713,4076713,1,local_official_monthly_aggtrades,/Users/yeshevika/Documents/Codex/2026-08-16/files-pasted-by-the-user-read/work/btc_1m_binance_official/spot/monthly_aggtrades_zip/BTCUSDT-aggTrades-2017-12.zip,45261b647c70862edd60e788ce20f32d3b78d0753f9841ba3ca0e50afdbfbefe
E00082,primary,aggTrades,agg_trade,spot,2018-01-02,2018-01-02T19:20:00+00:00,2018-01-02T19:25:00+00:00,canonical_5m,2018-01-02T19:24:02.326000+00:00,4158652,15473.49000000,1547349,0.22107700,4502882,4502882,1,local_official_monthly_aggtrades,/Users/yeshevika/Documents/Codex/2026-08-16/files-pasted-by-the-user-read/work/btc_1m_binance_official/spot/monthly_aggtrades_zip/BTCUSDT-aggTrades-2018-01.zip,645f8f581a6e4828df12f16b73f9f7451f12bef2ab24d4fc4b0466805e793e7d
E00082,primary,aggTrades,agg_trade,spot,2018-01-02,2018-01-02T19:20:00+00:00,2018-01-02T19:25:00+00:00,canonical_5m,2018-01-02T19:24:08.212000+00:00,4158684,15473.49000000,1547349,0.04989600,4502914,4502914,1,local_official_monthly_aggtrades,/Users/yeshevika/Documents/Codex/2026-08-16/files-pasted-by-the-user-read/work/btc_1m_binance_official/spot/monthly_aggtrades_zip/BTCUSDT-aggTrades-2018-01.zip,645f8f581a6e4828df12f16b73f9f7451f12bef2ab24d4fc4b0466805e793e7d
E00085,primary,aggTrades,agg_trade,spot,2018-01-04,2018-01-04T09:00:00+00:00,2018-01-04T09:05:00+00:00,canonical_5m,2018-01-04T09:02:19.950000+00:00,4403774,13918.04000000,1391804,0.03820700,4767094,4767094,1,local_official_monthly_aggtrades,/Users/yeshevika/Documents/Codex/2026-08-16/files-pasted-by-the-user-read/work/btc_1m_binance_official/spot/monthly_aggtrades_zip/BTCUSDT-aggTrades-2018-01.zip,645f8f581a6e4828df12f16b73f9f7451f12bef2ab24d4fc4b0466805e793e7d
E00086,primary,aggTrades,agg_trade,spot,2018-01-05,2018-01-05T23:20:00+00:00,2018-01-05T23:25:00+00:00,canonical_5m,2018-01-05T23:20:19.818000+00:00,4678687,17176.24000000,1717624,0.05818700,5065549,5065549,1,local_official_monthly_aggtrades,/Users/yeshevika/Documents/Codex/2026-08-16/files-pasted-by-the-user-read/work/btc_1m_binance_official/spot/monthly_aggtrades_zip/BTCUSDT-aggTrades-2018-01.zip,645f8f581a6e4828df12f16b73f9f7451f12bef2ab24d4fc4b0466805e793e7d
E00086,primary,aggTrades,agg_trade,spot,2018-01-05,2018-01-05T23:20:00+00:00,2018-01-05T23:25:00+00:00,canonical_5m,2018-01-05T23:22:14.741000+00:00,4678940,17176.24000000,1717624,0.09865800,5065819,5065819,1,local_official_monthly_aggtrades,/Users/yeshevika/Documents/Codex/2026-08-16/files-pasted-by-the-user-read/work/btc_1m_binance_official/spot/monthly_aggtrades_zip/BTCUSDT-aggTrades-2018-01.zip,645f8f581a6e4828df12f16b73f9f7451f12bef2ab24d4fc4b0466805e793e7d
E00086,primary,aggTrades,agg_trade,spot,2018-01-05,2018-01-05T23:20:00+00:00,2018-01-05T23:25:00+00:00,canonical_5m,2018-01-05T23:22:15.787000+00:00,4678941,17176.24000000,1717624,0.00198800,5065820,5065820,1,local_official_monthly_aggtrades,/Users/yeshevika/Documents/Codex/2026-08-16/files-pasted-by-the-user-read/work/btc_1m_binance_official/spot/monthly_aggtrades_zip/BTCUSDT-aggTrades-2018-01.zip,645f8f581a6e4828df12f16b73f9f7451f12bef2ab24d4fc4b0466805e793e7d
E00093,primary,aggTrades,agg_trade,spot,2018-01-17,2018-01-17T15:30:00+00:00,2018-01-17T15:35:00+00:00,canonical_5m,2018-01-17T15:34:26.131000+00:00,6796939,9037.94000000,903794,0.01277200,7386164,7386164,1,local_official_monthly_aggtrades,/Users/yeshevika/Documents/Codex/2026-08-16/files-pasted-by-the-user-read/work/btc_1m_binance_official/spot/monthly_aggtrades_zip/BTCUSDT-aggTrades-2018-01.zip,645f8f581a6e4828df12f16b73f9f7451f12bef2ab24d4fc4b0466805e793e7d
E00093,primary,aggTrades,agg_trade,spot,2018-01-17,2018-01-17T15:30:00+00:00,2018-01-17T15:35:00+00:00,canonical_5m,2018-01-17T15:34:26.508000+00:00,6796940,9037.94000000,903794,0.00803100,7386165,7386165,1,local_official_monthly_aggtrades,/Users/yeshevika/Documents/Codex/2026-08-16/files-pasted-by-the-user-read/work/btc_1m_binance_official/spot/monthly_aggtrades_zip/BTCUSDT-aggTrades-2018-01.zip,645f8f581a6e4828df12f16b73f9f7451f12bef2ab24d4fc4b0466805e793e7d
E00093,primary,aggTrades,agg_trade,spot,2018-01-17,2018-01-17T15:30:00+00:00,2018-01-17T15:35:00+00:00,canonical_5m,2018-01-17T15:34:26.566000+00:00,6796941,9037.94000000,903794,0.02830000,7386166,7386166,1,local_official_monthly_aggtrades,/Users/yeshevika/Documents/Codex/2026-08-16/files-pasted-by-the-user-read/work/btc_1m_binance_official/spot/monthly_aggtrades_zip/BTCUSDT-aggTrades-2018-01.zip,645f8f581a6e4828df12f16b73f9f7451f12bef2ab24d4fc4b0466805e793e7d
E00093,primary,aggTrades,agg_trade,spot,2018-01-17,2018-01-17T15:30:00+00:00,2018-01-17T15:35:00+00:00,canonical_5m,2018-01-17T15:34:26.871000+00:00,6796945,9037.94000000,903794,0.01480300,7386170,7386170,1,local_official_monthly_aggtrades,/Users/yeshevika/Documents/Codex/2026-08-16/files-pasted-by-the-user-read/work/btc_1m_binance_official/spot/monthly_aggtrades_zip/BTCUSDT-aggTrades-2018-01.zip,645f8f581a6e4828df12f16b73f9f7451f12bef2ab24d4fc4b0466805e793e7d
E00093,primary,aggTrades,agg_trade,spot,2018-01-17,2018-01-17T15:30:00+00:00,2018-01-17T15:35:00+00:00,canonical_5m,2018-01-17T15:34:27.184000+00:00,6796947,9037.94000000,903794,0.01208100,7386172,7386172,1,local_official_monthly_aggtrades,/Users/yeshevika/Documents/Codex/2026-08-16/files-pasted-by-the-user-read/work/btc_1m_binance_official/spot/monthly_aggtrades_zip/BTCUSDT-aggTrades-2018-01.zip,645f8f581a6e4828df12f16b73f9f7451f12bef2ab24d4fc4b0466805e793e7d
E00094,primary,aggTrades,agg_trade,spot,2018-01-20,2018-01-20T18:40:00+00:00,2018-01-20T18:45:00+00:00,canonical_5m,2018-01-20T18:42:11.468000+00:00,7777220,13099.00000000,1309900,0.56122800,8480336,8480336,1,local_official_monthly_aggtrades,/Users/yeshevika/Documents/Codex/2026-08-16/files-pasted-by-the-user-read/work/btc_1m_binance_official/spot/monthly_aggtrades_zip/BTCUSDT-aggTrades-2018-01.zip,645f8f581a6e4828df12f16b73f9f7451f12bef2ab24d4fc4b0466805e793e7d
E00094,primary,aggTrades,agg_trade,spot,2018-01-20,2018-01-20T18:40:00+00:00,2018-01-20T18:45:00+00:00,canonical_5m,2018-01-20T18:42:11.468000+00:00,7777221,13099.00000000,1309900,0.08878200,8480337,8480337,1,local_official_monthly_aggtrades,/Users/yeshevika/Documents/Codex/2026-08-16/files-pasted-by-the-user-read/work/btc_1m_binance_official/spot/monthly_aggtrades_zip/BTCUSDT-aggTrades-2018-01.zip,645f8f581a6e4828df12f16b73f9f7451f12bef2ab24d4fc4b0466805e793e7d
E00094,primary,aggTrades,agg_trade,spot,2018-01-20,2018-01-20T18:40:00+00:00,2018-01-20T18:45:00+00:00,canonical_5m,2018-01-20T18:42:11.468000+00:00,7777222,13099.00000000,1309900,0.04362400,8480338,8480338,1,local_official_monthly_aggtrades,/Users/yeshevika/Documents/Codex/2026-08-16/files-pasted-by-the-user-read/work/btc_1m_binance_official/spot/monthly_aggtrades_zip/BTCUSDT-aggTrades-2018-01.zip,645f8f581a6e4828df12f16b73f9f7451f12bef2ab24d4fc4b0466805e793e7d
E00094,primary,aggTrades,agg_trade,spot,2018-01-20,2018-01-20T18:40:00+00:00,2018-01-20T18:45:00+00:00,canonical_5m,2018-01-20T18:42:11.468000+00:00,7777223,13099.00000000,1309900,0.20000000,8480339,8480339,1,local_official_monthly_aggtrades,/Users/yeshevika/Documents/Codex/2026-08-16/files-pasted-by-the-user-read/work/btc_1m_binance_official/spot/monthly_aggtrades_zip/BTCUSDT-aggTrades-2018-01.zip,645f8f581a6e4828df12f16b73f9f7451f12bef2ab24d4fc4b0466805e793e7d
E00096,primary,aggTrades,agg_trade,spot,2018-01-23,2018-01-23T11:45:00+00:00,2018-01-23T11:50:00+00:00,canonical_5m,2018-01-23T11:46:47.524000+00:00,8580189,9905.00000000,990500,0.04123700,9397475,9397475,1,local_official_monthly_aggtrades,/Users/yeshevika/Documents/Codex/2026-08-16/files-pasted-by-the-user-read/work/btc_1m_binance_official/spot/monthly_aggtrades_zip/BTCUSDT-aggTrades-2018-01.zip,645f8f581a6e4828df12f16b73f9f7451f12bef2ab24d4fc4b0466805e793e7d
E00097,primary,aggTrades,agg_trade,spot,2018-01-28,2018-01-28T06:45:00+00:00,2018-01-28T06:50:00+00:00,canonical_5m,2018-01-28T06:49:30.675000+00:00,9687395,12244.00000000,1224400,0.11891300,10707107,10707108,2,local_official_monthly_aggtrades,/Users/yeshevika/Documents/Codex/2026-08-16/files-pasted-by-the-user-read/work/btc_1m_binance_official/spot/monthly_aggtrades_zip/BTCUSDT-aggTrades-2018-01.zip,645f8f581a6e4828df12f16b73f9f7451f12bef2ab24d4fc4b0466805e793e7d
E00097,primary,aggTrades,agg_trade,spot,2018-01-28,2018-01-28T06:45:00+00:00,2018-01-28T06:50:00+00:00,canonical_5m,2018-01-28T06:49:32.150000+00:00,9687397,12244.00000000,1224400,0.03650000,10707110,10707110,1,local_official_monthly_aggtrades,/Users/yeshevika/Documents/Codex/2026-08-16/files-pasted-by-the-user-read/work/btc_1m_binance_official/spot/monthly_aggtrades_zip/BTCUSDT-aggTrades-2018-01.zip,645f8f581a6e4828df12f16b73f9f7451f12bef2ab24d4fc4b0466805e793e7d
E00103,primary,aggTrades,agg_trade,spot,2018-02-05,2018-02-05T19:55:00+00:00,2018-02-05T20:00:00+00:00,canonical_5m,2018-02-05T19:58:17.495000+00:00,11915689,6625.0,662500,0.00801,13321476,13321476,1,local_official_monthly_aggtrades,/Users/yeshevika/Documents/Codex/2026-08-16/files-pasted-by-the-user-read/work/btc_1m_binance_official/spot/monthly_aggtrades_zip/BTCUSDT-aggTrades-2018-02.zip,3f4e6c023fad49bef717cf976b643708d4025d557da98ba7b82a0ea953e0879c
E00103,primary,aggTrades,agg_trade,spot,2018-02-05,2018-02-05T19:55:00+00:00,2018-02-05T20:00:00+00:00,canonical_5m,2018-02-05T19:58:17.552000+00:00,11915691,6625.0,662500,0.020001,13321478,13321478,1,local_official_monthly_aggtrades,/Users/yeshevika/Documents/Codex/2026-08-16/files-pasted-by-the-user-read/work/btc_1m_binance_official/spot/monthly_aggtrades_zip/BTCUSDT-aggTrades-2018-02.zip,3f4e6c023fad49bef717cf976b643708d4025d557da98ba7b82a0ea953e0879c
E00103,primary,aggTrades,agg_trade,spot,2018-02-05,2018-02-05T19:55:00+00:00,2018-02-05T20:00:00+00:00,canonical_5m,2018-02-05T19:58:17.631000+00:00,11915693,6625.0,662500,0.222568,13321480,13321480,1,local_official_monthly_aggtrades,/Users/yeshevika/Documents/Codex/2026-08-16/files-pasted-by-the-user-read/work/btc_1m_binance_official/spot/monthly_aggtrades_zip/BTCUSDT-aggTrades-2018-02.zip,3f4e6c023fad49bef717cf976b643708d4025d557da98ba7b82a0ea953e0879c
E00103,primary,aggTrades,agg_trade,spot,2018-02-05,2018-02-05T19:55:00+00:00,2018-02-05T20:00:00+00:00,canonical_5m,2018-02-05T19:58:17.669000+00:00,11915694,6625.0,662500,0.068115,13321481,13321481,1,local_official_monthly_aggtrades,/Users/yeshevika/Documents/Codex/2026-08-16/files-pasted-by-the-user-read/work/btc_1m_binance_official/spot/monthly_aggtrades_zip/BTCUSDT-aggTrades-2018-02.zip,3f4e6c023fad49bef717cf976b643708d4025d557da98ba7b82a0ea953e0879c
E00103,primary,aggTrades,agg_trade,spot,2018-02-05,2018-02-05T19:55:00+00:00,2018-02-05T20:00:00+00:00,canonical_5m,2018-02-05T19:58:17.670000+00:00,11915695,6625.0,662500,0.091145,13321482,13321482,1,local_official_monthly_aggtrades,/Users/yeshevika/Documents/Codex/2026-08-16/files-pasted-by-the-user-read/work/btc_1m_binance_official/spot/monthly_aggtrades_zip/BTCUSDT-aggTrades-2018-02.zip,3f4e6c023fad49bef717cf976b643708d4025d557da98ba7b82a0ea953e0879c
E00103,primary,aggTrades,agg_trade,spot,2018-02-05,2018-02-05T19:55:00+00:00,2018-02-05T20:00:00+00:00,canonical_5m,2018-02-05T19:58:18.088000+00:00,11915696,6625.0,662500,0.542816,13321483,13321483,1,local_official_monthly_aggtrades,/Users/yeshevika/Documents/Codex/2026-08-16/files-pasted-by-the-user-read/work/btc_1m_binance_official/spot/monthly_aggtrades_zip/BTCUSDT-aggTrades-2018-02.zip,3f4e6c023fad49bef717cf976b643708d4025d557da98ba7b82a0ea953e0879c
E00103,primary,aggTrades,agg_trade,spot,2018-02-05,2018-02-05T19:55:00+00:00,2018-02-05T20:00:00+00:00,canonical_5m,2018-02-05T19:58:18.162000+00:00,11915697,6625.0,662500,0.050285,13321484,13321485,2,local_official_monthly_aggtrades,/Users/yeshevika/Documents/Codex/2026-08-16/files-pasted-by-the-user-read/work/btc_1m_binance_official/spot/monthly_aggtrades_zip/BTCUSDT-aggTrades-2018-02.zip,3f4e6c023fad49bef717cf976b643708d4025d557da98ba7b82a0ea953e0879c
E00103,primary,aggTrades,agg_trade,spot,2018-02-05,2018-02-05T19:55:00+00:00,2018-02-05T20:00:00+00:00,canonical_5m,2018-02-05T19:58:19.650000+00:00,11915700,6625.0,662500,0.217882,13321488,13321488,1,local_official_monthly_aggtrades,/Users/yeshevika/Documents/Codex/2026-08-16/files-pasted-by-the-user-read/work/btc_1m_binance_official/spot/monthly_aggtrades_zip/BTCUSDT-aggTrades-2018-02.zip,3f4e6c023fad49bef717cf976b643708d4025d557da98ba7b82a0ea953e0879c
E00103,primary,aggTrades,agg_trade,spot,2018-02-05,2018-02-05T19:55:00+00:00,2018-02-05T20:00:00+00:00,canonical_5m,2018-02-05T19:58:20.993000+00:00,11915703,6625.0,662500,0.023342,13321491,13321491,1,local_official_monthly_aggtrades,/Users/yeshevika/Documents/Codex/2026-08-16/files-pasted-by-the-user-read/work/btc_1m_binance_official/spot/monthly_aggtrades_zip/BTCUSDT-aggTrades-2018-02.zip,3f4e6c023fad49bef717cf976b643708d4025d557da98ba7b82a0ea953e0879c
E00103,primary,aggTrades,agg_trade,spot,2018-02-05,2018-02-05T19:55:00+00:00,2018-02-05T20:00:00+00:00,canonical_5m,2018-02-05T19:58:21.001000+00:00,11915704,6625.0,662500,0.023287,13321492,13321492,1,local_official_monthly_aggtrades,/Users/yeshevika/Documents/Codex/2026-08-16/files-pasted-by-the-user-read/work/btc_1m_binance_official/spot/monthly_aggtrades_zip/BTCUSDT-aggTrades-2018-02.zip,3f4e6c023fad49bef717cf976b643708d4025d557da98ba7b82a0ea953e0879c
E00103,primary,aggTrades,agg_trade,spot,2018-02-05,2018-02-05T19:55:00+00:00,2018-02-05T20:00:00+00:00,canonical_5m,2018-02-05T19:58:21.022000+00:00,11915705,6625.0,662500,0.0233,13321493,13321493,1,local_official_monthly_aggtrades,/Users/yeshevika/Documents/Codex/2026-08-16/files-pasted-by-the-user-read/work/btc_1m_binance_official/spot/monthly_aggtrades_zip/BTCUSDT-aggTrades-2018-02.zip,3f4e6c023fad49bef717cf976b643708d4025d557da98ba7b82a0ea953e0879c
E00103,primary,aggTrades,agg_trade,spot,2018-02-05,2018-02-05T19:55:00+00:00,2018-02-05T20:00:00+00:00,canonical_5m,2018-02-05T19:58:22.885000+00:00,11915710,6625.0,662500,0.294528,13321498,13321498,1,local_official_monthly_aggtrades,/Users/yeshevika/Documents/Codex/2026-08-16/files-pasted-by-the-user-read/work/btc_1m_binance_official/spot/monthly_aggtrades_zip/BTCUSDT-aggTrades-2018-02.zip,3f4e6c023fad49bef717cf976b643708d4025d557da98ba7b82a0ea953e0879c
E00103,primary,aggTrades,agg_trade,spot,2018-02-05,2018-02-05T19:55:00+00:00,2018-02-05T20:00:00+00:00,canonical_5m,2018-02-05T19:58:23.471000+00:00,11915715,6625.0,662500,1.475348,13321503,13321503,1,local_official_monthly_aggtrades,/Users/yeshevika/Documents/Codex/2026-08-16/files-pasted-by-the-user-read/work/btc_1m_binance_official/spot/monthly_aggtrades_zip/BTCUSDT-aggTrades-2018-02.zip,3f4e6c023fad49bef717cf976b643708d4025d557da98ba7b82a0ea953e0879c
E00103,primary,aggTrades,agg_trade,spot,2018-02-05,2018-02-05T19:55:00+00:00,2018-02-05T20:00:00+00:00,canonical_5m,2018-02-05T19:58:23.477000+00:00,11915716,6625.0,662500,0.02115,13321504,13321504,1,local_official_monthly_aggtrades,/Users/yeshevika/Documents/Codex/2026-08-16/files-pasted-by-the-user-read/work/btc_1m_binance_official/spot/monthly_aggtrades_zip/BTCUSDT-aggTrades-2018-02.zip,3f4e6c023fad49bef717cf976b643708d4025d557da98ba7b82a0ea953e0879c
E00103,primary,aggTrades,agg_trade,spot,2018-02-05,2018-02-05T19:55:00+00:00,2018-02-05T20:00:00+00:00,canonical_5m,2018-02-05T19:58:24.147000+00:00,11915717,6625.0,662500,0.099996,13321505,13321505,1,local_official_monthly_aggtrades,/Users/yeshevika/Documents/Codex/2026-08-16/files-pasted-by-the-user-read/work/btc_1m_binance_official/spot/monthly_aggtrades_zip/BTCUSDT-aggTrades-2018-02.zip,3f4e6c023fad49bef717cf976b643708d4025d557da98ba7b82a0ea953e0879c
E00103,primary,aggTrades,agg_trade,spot,2018-02-05,2018-02-05T19:55:00+00:00,2018-02-05T20:00:00+00:00,canonical_5m,2018-02-05T19:58:24.206000+00:00,11915719,6625.0,662500,0.135475,13321507,13321507,1,local_official_monthly_aggtrades,/Users/yeshevika/Documents/Codex/2026-08-16/files-pasted-by-the-user-read/work/btc_1m_binance_official/spot/monthly_aggtrades_zip/BTCUSDT-aggTrades-2018-02.zip,3f4e6c023fad49bef717cf976b643708d4025d557da98ba7b82a0ea953e0879c
E00103,primary,aggTrades,agg_trade,spot,2018-02-05,2018-02-05T19:55:00+00:00,2018-02-05T20:00:00+00:00,canonical_5m,2018-02-05T19:58:24.527000+00:00,11915723,6625.0,662500,0.164999,13321511,13321511,1,local_official_monthly_aggtrades,/Users/yeshevika/Documents/Codex/2026-08-16/files-pasted-by-the-user-read/work/btc_1m_binance_official/spot/monthly_aggtrades_zip/BTCUSDT-aggTrades-2018-02.zip,3f4e6c023fad49bef717cf976b643708d4025d557da98ba7b82a0ea953e0879c
E00103,primary,aggTrades,agg_trade,spot,2018-02-05,2018-02-05T19:55:00+00:00,2018-02-05T20:00:00+00:00,canonical_5m,2018-02-05T19:58:24.625000+00:00,11915726,6625.0,662500,0.075472,13321514,13321514,1,local_official_monthly_aggtrades,/Users/yeshevika/Documents/Codex/2026-08-16/files-pasted-by-the-user-read/work/btc_1m_binance_official/spot/monthly_aggtrades_zip/BTCUSDT-aggTrades-2018-02.zip,3f4e6c023fad49bef717cf976b643708d4025d557da98ba7b82a0ea953e0879c
E00103,primary,aggTrades,agg_trade,spot,2018-02-05,2018-02-05T19:55:00+00:00,2018-02-05T20:00:00+00:00,canonical_5m,2018-02-05T19:58:24.654000+00:00,11915727,6625.0,662500,0.141935,13321515,13321515,1,local_official_monthly_aggtrades,/Users/yeshevika/Documents/Codex/2026-08-16/files-pasted-by-the-user-read/work/btc_1m_binance_official/spot/monthly_aggtrades_zip/BTCUSDT-aggTrades-2018-02.zip,3f4e6c023fad49bef717cf976b643708d4025d557da98ba7b82a0ea953e0879c
E00103,primary,aggTrades,agg_trade,spot,2018-02-05,2018-02-05T19:55:00+00:00,2018-02-05T20:00:00+00:00,canonical_5m,2018-02-05T19:58:24.708000+00:00,11915730,6625.0,662500,0.020167,13321519,13321519,1,local_official_monthly_aggtrades,/Users/yeshevika/Documents/Codex/2026-08-16/files-pasted-by-the-user-read/work/btc_1m_binance_official/spot/monthly_aggtrades_zip/BTCUSDT-aggTrades-2018-02.zip,3f4e6c023fad49bef717cf976b643708d4025d557da98ba7b82a0ea953e0879c
E00103,primary,aggTrades,agg_trade,spot,2018-02-05,2018-02-05T19:55:00+00:00,2018-02-05T20:00:00+00:00,canonical_5m,2018-02-05T19:58:25.101000+00:00,11915731,6625.0,662500,0.008662,13321520,13321520,1,local_official_monthly_aggtrades,/Users/yeshevika/Documents/Codex/2026-08-16/files-pasted-by-the-user-read/work/btc_1m_binance_official/spot/monthly_aggtrades_zip/BTCUSDT-aggTrades-2018-02.zip,3f4e6c023fad49bef717cf976b643708d4025d557da98ba7b82a0ea953e0879c
E00103,primary,aggTrades,agg_trade,spot,2018-02-05,2018-02-05T19:55:00+00:00,2018-02-05T20:00:00+00:00,canonical_5m,2018-02-05T19:58:25.474000+00:00,11915732,6625.0,662500,4.000074,13321521,13321521,1,local_official_monthly_aggtrades,/Users/yeshevika/Documents/Codex/2026-08-16/files-pasted-by-the-user-read/work/btc_1m_binance_official/spot/monthly_aggtrades_zip/BTCUSDT-aggTrades-2018-02.zip,3f4e6c023fad49bef717cf976b643708d4025d557da98ba7b82a0ea953e0879c
E00103,primary,aggTrades,agg_trade,spot,2018-02-05,2018-02-05T19:55:00+00:00,2018-02-05T20:00:00+00:00,canonical_5m,2018-02-05T19:58:25.768000+00:00,11915733,6625.0,662500,0.083929,13321522,13321522,1,local_official_monthly_aggtrades,/Users/yeshevika/Documents/Codex/2026-08-16/files-pasted-by-the-user-read/work/btc_1m_binance_official/spot/monthly_aggtrades_zip/BTCUSDT-aggTrades-2018-02.zip,3f4e6c023fad49bef717cf976b643708d4025d557da98ba7b82a0ea953e0879c
E00103,primary,aggTrades,agg_trade,spot,2018-02-05,2018-02-05T19:55:00+00:00,2018-02-05T20:00:00+00:00,canonical_5m,2018-02-05T19:58:26.695000+00:00,11915737,6625.0,662500,0.03005,13321529,13321529,1,local_official_monthly_aggtrades,/Users/yeshevika/Documents/Codex/2026-08-16/files-pasted-by-the-user-read/work/btc_1m_binance_official/spot/monthly_aggtrades_zip/BTCUSDT-aggTrades-2018-02.zip,3f4e6c023fad49bef717cf976b643708d4025d557da98ba7b82a0ea953e0879c
E00103,primary,aggTrades,agg_trade,spot,2018-02-05,2018-02-05T19:55:00+00:00,2018-02-05T20:00:00+00:00,canonical_5m,2018-02-05T19:58:27.429000+00:00,11915738,6625.0,662500,0.004807,13321530,13321530,1,local_official_monthly_aggtrades,/Users/yeshevika/Documents/Codex/2026-08-16/files-pasted-by-the-user-read/work/btc_1m_binance_official/spot/monthly_aggtrades_zip/BTCUSDT-aggTrades-2018-02.zip,3f4e6c023fad49bef717cf976b643708d4025d557da98ba7b82a0ea953e0879c
E00103,primary,aggTrades,agg_trade,spot,2018-02-05,2018-02-05T19:55:00+00:00,2018-02-05T20:00:00+00:00,canonical_5m,2018-02-05T19:58:27.870000+00:00,11915739,6625.0,662500,0.019505,13321531,13321531,1,local_official_monthly_aggtrades,/Users/yeshevika/Documents/Codex/2026-08-16/files-pasted-by-the-user-read/work/btc_1m_binance_official/spot/monthly_aggtrades_zip/BTCUSDT-aggTrades-2018-02.zip,3f4e6c023fad49bef717cf976b643708d4025d557da98ba7b82a0ea953e0879c
E00103,primary,aggTrades,agg_trade,spot,2018-02-05,2018-02-05T19:55:00+00:00,2018-02-05T20:00:00+00:00,canonical_5m,2018-02-05T19:58:27.987000+00:00,11915740,6625.0,662500,0.075469,13321532,13321532,1,local_official_monthly_aggtrades,/Users/yeshevika/Documents/Codex/2026-08-16/files-pasted-by-the-user-read/work/btc_1m_binance_official/spot/monthly_aggtrades_zip/BTCUSDT-aggTrades-2018-02.zip,3f4e6c023fad49bef717cf976b643708d4025d557da98ba7b82a0ea953e0879c
E00103,primary,aggTrades,agg_trade,spot,2018-02-05,2018-02-05T19:55:00+00:00,2018-02-05T20:00:00+00:00,canonical_5m,2018-02-05T19:58:28.088000+00:00,11915743,6625.0,662500,0.075469,13321535,13321535,1,local_official_monthly_aggtrades,/Users/yeshevika/Documents/Codex/2026-08-16/files-pasted-by-the-user-read/work/btc_1m_binance_official/spot/monthly_aggtrades_zip/BTCUSDT-aggTrades-2018-02.zip,3f4e6c023fad49bef717cf976b643708d4025d557da98ba7b82a0ea953e0879c
E00103,primary,aggTrades,agg_trade,spot,2018-02-05,2018-02-05T19:55:00+00:00,2018-02-05T20:00:00+00:00,canonical_5m,2018-02-05T19:58:28.097000+00:00,11915744,6625.0,662500,0.099829,13321536,13321536,1,local_official_monthly_aggtrades,/Users/yeshevika/Documents/Codex/2026-08-16/files-pasted-by-the-user-read/work/btc_1m_binance_official/spot/monthly_aggtrades_zip/BTCUSDT-aggTrades-2018-02.zip,3f4e6c023fad49bef717cf976b643708d4025d557da98ba7b82a0ea953e0879c
E00103,primary,aggTrades,agg_trade,spot,2018-02-05,2018-02-05T19:55:00+00:00,2018-02-05T20:00:00+00:00,canonical_5m,2018-02-05T19:58:28.164000+00:00,11915745,6625.0,662500,0.050107,13321537,13321537,1,local_official_monthly_aggtrades,/Users/yeshevika/Documents/Codex/2026-08-16/files-pasted-by-the-user-read/work/btc_1m_binance_official/spot/monthly_aggtrades_zip/BTCUSDT-aggTrades-2018-02.zip,3f4e6c023fad49bef717cf976b643708d4025d557da98ba7b82a0ea953e0879c
E00103,primary,aggTrades,agg_trade,spot,2018-02-05,2018-02-05T19:55:00+00:00,2018-02-05T20:00:00+00:00,canonical_5m,2018-02-05T19:58:28.297000+00:00,11915747,6625.0,662500,0.409537,13321539,13321539,1,local_official_monthly_aggtrades,/Users/yeshevika/Documents/Codex/2026-08-16/files-pasted-by-the-user-read/work/btc_1m_binance_official/spot/monthly_aggtrades_zip/BTCUSDT-aggTrades-2018-02.zip,3f4e6c023fad49bef717cf976b643708d4025d557da98ba7b82a0ea953e0879c
E00103,primary,aggTrades,agg_trade,spot,2018-02-05,2018-02-05T19:55:00+00:00,2018-02-05T20:00:00+00:00,canonical_5m,2018-02-05T19:58:28.526000+00:00,11915750,6625.0,662500,0.087071,13321542,13321542,1,local_official_monthly_aggtrades,/Users/yeshevika/Documents/Codex/2026-08-16/files-pasted-by-the-user-read/work/btc_1m_binance_official/spot/monthly_aggtrades_zip/BTCUSDT-aggTrades-2018-02.zip,3f4e6c023fad49bef717cf976b643708d4025d557da98ba7b82a0ea953e0879c
E00103,primary,aggTrades,agg_trade,spot,2018-02-05,2018-02-05T19:55:00+00:00,2018-02-05T20:00:00+00:00,canonical_5m,2018-02-05T19:58:28.559000+00:00,11915751,6625.0,662500,0.101883,13321543,13321543,1,local_official_monthly_aggtrades,/Users/yeshevika/Documents/Codex/2026-08-16/files-pasted-by-the-user-read/work/btc_1m_binance_official/spot/monthly_aggtrades_zip/BTCUSDT-aggTrades-2018-02.zip,3f4e6c023fad49bef717cf976b643708d4025d557da98ba7b82a0ea953e0879c
E00103,primary,aggTrades,agg_trade,spot,2018-02-05,2018-02-05T19:55:00+00:00,2018-02-05T20:00:00+00:00,canonical_5m,2018-02-05T19:58:28.951000+00:00,11915756,6625.0,662500,0.06815,13321552,13321552,1,local_official_monthly_aggtrades,/Users/yeshevika/Documents/Codex/2026-08-16/files-pasted-by-the-user-read/work/btc_1m_binance_official/spot/monthly_aggtrades_zip/BTCUSDT-aggTrades-2018-02.zip,3f4e6c023fad49bef717cf976b643708d4025d557da98ba7b82a0ea953e0879c
E00103,primary,aggTrades,agg_trade,spot,2018-02-05,2018-02-05T19:55:00+00:00,2018-02-05T20:00:00+00:00,canonical_5m,2018-02-05T19:58:53.364000+00:00,11915948,6625.0,662500,0.208795,13321757,13321757,1,local_official_monthly_aggtrades,/Users/yeshevika/Documents/Codex/2026-08-16/files-pasted-by-the-user-read/work/btc_1m_binance_official/spot/monthly_aggtrades_zip/BTCUSDT-aggTrades-2018-02.zip,3f4e6c023fad49bef717cf976b643708d4025d557da98ba7b82a0ea953e0879c
E00103,primary,aggTrades,agg_trade,spot,2018-02-05,2018-02-05T19:55:00+00:00,2018-02-05T20:00:00+00:00,canonical_5m,2018-02-05T19:58:53.364000+00:00,11915949,6625.0,662500,0.070307,13321758,13321758,1,local_official_monthly_aggtrades,/Users/yeshevika/Documents/Codex/2026-08-16/files-pasted-by-the-user-read/work/btc_1m_binance_official/spot/monthly_aggtrades_zip/BTCUSDT-aggTrades-2018-02.zip,3f4e6c023fad49bef717cf976b643708d4025d557da98ba7b82a0ea953e0879c
E00103,primary,aggTrades,agg_trade,spot,2018-02-05,2018-02-05T19:55:00+00:00,2018-02-05T20:00:00+00:00,canonical_5m,2018-02-05T19:58:53.435000+00:00,11915950,6625.0,662500,0.126813,13321759,13321759,1,local_official_monthly_aggtrades,/Users/yeshevika/Documents/Codex/2026-08-16/files-pasted-by-the-user-read/work/btc_1m_binance_official/spot/monthly_aggtrades_zip/BTCUSDT-aggTrades-2018-02.zip,3f4e6c023fad49bef717cf976b643708d4025d557da98ba7b82a0ea953e0879c
E00103,primary,aggTrades,agg_trade,spot,2018-02-05,2018-02-05T19:55:00+00:00,2018-02-05T20:00:00+00:00,canonical_5m,2018-02-05T19:58:53.606000+00:00,11915951,6625.0,662500,3.289031,13321760,13321760,1,local_official_monthly_aggtrades,/Users/yeshevika/Documents/Codex/2026-08-16/files-pasted-by-the-user-read/work/btc_1m_binance_official/spot/monthly_aggtrades_zip/BTCUSDT-aggTrades-2018-02.zip,3f4e6c023fad49bef717cf976b643708d4025d557da98ba7b82a0ea953e0879c
E00103,primary,aggTrades,agg_trade,spot,2018-02-05,2018-02-05T19:55:00+00:00,2018-02-05T20:00:00+00:00,canonical_5m,2018-02-05T19:58:53.819000+00:00,11915952,6625.0,662500,0.038701,13321761,13321761,1,local_official_monthly_aggtrades,/Users/yeshevika/Documents/Codex/2026-08-16/files-pasted-by-the-user-read/work/btc_1m_binance_official/spot/monthly_aggtrades_zip/BTCUSDT-aggTrades-2018-02.zip,3f4e6c023fad49bef717cf976b643708d4025d557da98ba7b82a0ea953e0879c
E00103,primary,aggTrades,agg_trade,spot,2018-02-05,2018-02-05T19:55:00+00:00,2018-02-05T20:00:00+00:00,canonical_5m,2018-02-05T19:58:53.910000+00:00,11915954,6625.0,662500,0.007699,13321763,13321763,1,local_official_monthly_aggtrades,/Users/yeshevika/Documents/Codex/2026-08-16/files-pasted-by-the-user-read/work/btc_1m_binance_official/spot/monthly_aggtrades_zip/BTCUSDT-aggTrades-2018-02.zip,3f4e6c023fad49bef717cf976b643708d4025d557da98ba7b82a0ea953e0879c
E00103,primary,aggTrades,agg_trade,spot,2018-02-05,2018-02-05T19:55:00+00:00,2018-02-05T20:00:00+00:00,canonical_5m,2018-02-05T19:58:55.367000+00:00,11915968,6625.0,662500,0.034866,13321777,13321777,1,local_official_monthly_aggtrades,/Users/yeshevika/Documents/Codex/2026-08-16/files-pasted-by-the-user-read/work/btc_1m_binance_official/spot/monthly_aggtrades_zip/BTCUSDT-aggTrades-2018-02.zip,3f4e6c023fad49bef717cf976b643708d4025d557da98ba7b82a0ea953e0879c
E00103,primary,aggTrades,agg_trade,spot,2018-02-05,2018-02-05T19:55:00+00:00,2018-02-05T20:00:00+00:00,canonical_5m,2018-02-05T19:58:55.476000+00:00,11915972,6625.0,662500,0.075409,13321782,13321782,1,local_official_monthly_aggtrades,/Users/yeshevika/Documents/Codex/2026-08-16/files-pasted-by-the-user-read/work/btc_1m_binance_official/spot/monthly_aggtrades_zip/BTCUSDT-aggTrades-2018-02.zip,3f4e6c023fad49bef717cf976b643708d4025d557da98ba7b82a0ea953e0879c
E00103,primary,aggTrades,agg_trade,spot,2018-02-05,2018-02-05T19:55:00+00:00,2018-02-05T20:00:00+00:00,canonical_5m,2018-02-05T19:58:55.647000+00:00,11915974,6625.0,662500,0.035403,13321784,13321784,1,local_official_monthly_aggtrades,/Users/yeshevika/Documents/Codex/2026-08-16/files-pasted-by-the-user-read/work/btc_1m_binance_official/spot/monthly_aggtrades_zip/BTCUSDT-aggTrades-2018-02.zip,3f4e6c023fad49bef717cf976b643708d4025d557da98ba7b82a0ea953e0879c
E00103,primary,aggTrades,agg_trade,spot,2018-02-05,2018-02-05T19:55:00+00:00,2018-02-05T20:00:00+00:00,canonical_5m,2018-02-05T19:58:55.810000+00:00,11915977,6625.0,662500,0.072428,13321787,13321787,1,local_official_monthly_aggtrades,/Users/yeshevika/Documents/Codex/2026-08-16/files-pasted-by-the-user-read/work/btc_1m_binance_official/spot/monthly_aggtrades_zip/BTCUSDT-aggTrades-2018-02.zip,3f4e6c023fad49bef717cf976b643708d4025d557da98ba7b82a0ea953e0879c
E00103,primary,aggTrades,agg_trade,spot,2018-02-05,2018-02-05T19:55:00+00:00,2018-02-05T20:00:00+00:00,canonical_5m,2018-02-05T19:58:56.127000+00:00,11915982,6625.0,662500,0.019692,13321792,13321792,1,local_official_monthly_aggtrades,/Users/yeshevika/Documents/Codex/2026-08-16/files-pasted-by-the-user-read/work/btc_1m_binance_official/spot/monthly_aggtrades_zip/BTCUSDT-aggTrades-2018-02.zip,3f4e6c023fad49bef717cf976b643708d4025d557da98ba7b82a0ea953e0879c
E00103,primary,aggTrades,agg_trade,spot,2018-02-05,2018-02-05T19:55:00+00:00,2018-02-05T20:00:00+00:00,canonical_5m,2018-02-05T19:58:56.162000+00:00,11915983,6625.0,662500,0.042544,13321793,13321793,1,local_official_monthly_aggtrades,/Users/yeshevika/Documents/Codex/2026-08-16/files-pasted-by-the-user-read/work/btc_1m_binance_official/spot/monthly_aggtrades_zip/BTCUSDT-aggTrades-2018-02.zip,3f4e6c023fad49bef717cf976b643708d4025d557da98ba7b82a0ea953e0879c
E00103,primary,aggTrades,agg_trade,spot,2018-02-05,2018-02-05T19:55:00+00:00,2018-02-05T20:00:00+00:00,canonical_5m,2018-02-05T19:58:56.231000+00:00,11915984,6625.0,662500,0.048127,13321794,13321794,1,local_official_monthly_aggtrades,/Users/yeshevika/Documents/Codex/2026-08-16/files-pasted-by-the-user-read/work/btc_1m_binance_official/spot/monthly_aggtrades_zip/BTCUSDT-aggTrades-2018-02.zip,3f4e6c023fad49bef717cf976b643708d4025d557da98ba7b82a0ea953e0879c
E00103,primary,aggTrades,agg_trade,spot,2018-02-05,2018-02-05T19:55:00+00:00,2018-02-05T20:00:00+00:00,canonical_5m,2018-02-05T19:58:56.238000+00:00,11915985,6625.0,662500,0.075428,13321795,13321795,1,local_official_monthly_aggtrades,/Users/yeshevika/Documents/Codex/2026-08-16/files-pasted-by-the-user-read/work/btc_1m_binance_official/spot/monthly_aggtrades_zip/BTCUSDT-aggTrades-2018-02.zip,3f4e6c023fad49bef717cf976b643708d4025d557da98ba7b82a0ea953e0879c
E00103,primary,aggTrades,agg_trade,spot,2018-02-05,2018-02-05T19:55:00+00:00,2018-02-05T20:00:00+00:00,canonical_5m,2018-02-05T19:58:56.335000+00:00,11915991,6625.0,662500,0.075428,13321801,13321801,1,local_official_monthly_aggtrades,/Users/yeshevika/Documents/Codex/2026-08-16/files-pasted-by-the-user-read/work/btc_1m_binance_official/spot/monthly_aggtrades_zip/BTCUSDT-aggTrades-2018-02.zip,3f4e6c023fad49bef717cf976b643708d4025d557da98ba7b82a0ea953e0879c
E00103,primary,aggTrades,agg_trade,spot,2018-02-05,2018-02-05T19:55:00+00:00,2018-02-05T20:00:00+00:00,canonical_5m,2018-02-05T19:58:57.261000+00:00,11915998,6625.0,662500,0.033087,13321808,13321808,1,local_official_monthly_aggtrades,/Users/yeshevika/Documents/Codex/2026-08-16/files-pasted-by-the-user-read/work/btc_1m_binance_official/spot/monthly_aggtrades_zip/BTCUSDT-aggTrades-2018-02.zip,3f4e6c023fad49bef717cf976b643708d4025d557da98ba7b82a0ea953e0879c
E00103,primary,aggTrades,agg_trade,spot,2018-02-05,2018-02-05T19:55:00+00:00,2018-02-05T20:00:00+00:00,canonical_5m,2018-02-05T19:58:57.279000+00:00,11915999,6625.0,662500,0.7567,13321809,13321809,1,local_official_monthly_aggtrades,/Users/yeshevika/Documents/Codex/2026-08-16/files-pasted-by-the-user-read/work/btc_1m_binance_official/spot/monthly_aggtrades_zip/BTCUSDT-aggTrades-2018-02.zip,3f4e6c023fad49bef717cf976b643708d4025d557da98ba7b82a0ea953e0879c
E00103,primary,aggTrades,agg_trade,spot,2018-02-05,2018-02-05T19:55:00+00:00,2018-02-05T20:00:00+00:00,canonical_5m,2018-02-05T19:58:58.120000+00:00,11916000,6625.0,662500,0.099814,13321810,13321810,1,local_official_monthly_aggtrades,/Users/yeshevika/Documents/Codex/2026-08-16/files-pasted-by-the-user-read/work/btc_1m_binance_official/spot/monthly_aggtrades_zip/BTCUSDT-aggTrades-2018-02.zip,3f4e6c023fad49bef717cf976b643708d4025d557da98ba7b82a0ea953e0879c
E00103,primary,aggTrades,agg_trade,spot,2018-02-05,2018-02-05T19:55:00+00:00,2018-02-05T20:00:00+00:00,canonical_5m,2018-02-05T19:58:58.184000+00:00,11916001,6625.0,662500,0.212417,13321811,13321811,1,local_official_monthly_aggtrades,/Users/yeshevika/Documents/Codex/2026-08-16/files-pasted-by-the-user-read/work/btc_1m_binance_official/spot/monthly_aggtrades_zip/BTCUSDT-aggTrades-2018-02.zip,3f4e6c023fad49bef717cf976b643708d4025d557da98ba7b82a0ea953e0879c
E00103,primary,aggTrades,agg_trade,spot,2018-02-05,2018-02-05T19:55:00+00:00,2018-02-05T20:00:00+00:00,canonical_5m,2018-02-05T19:58:58.437000+00:00,11916003,6625.0,662500,0.010848,13321813,13321813,1,local_official_monthly_aggtrades,/Users/yeshevika/Documents/Codex/2026-08-16/files-pasted-by-the-user-read/work/btc_1m_binance_official/spot/monthly_aggtrades_zip/BTCUSDT-aggTrades-2018-02.zip,3f4e6c023fad49bef717cf976b643708d4025d557da98ba7b82a0ea953e0879c
E00103,primary,aggTrades,agg_trade,spot,2018-02-05,2018-02-05T19:55:00+00:00,2018-02-05T20:00:00+00:00,canonical_5m,2018-02-05T19:58:58.862000+00:00,11916005,6625.0,662500,0.019365,13321815,13321815,1,local_official_monthly_aggtrades,/Users/yeshevika/Documents/Codex/2026-08-16/files-pasted-by-the-user-read/work/btc_1m_binance_official/spot/monthly_aggtrades_zip/BTCUSDT-aggTrades-2018-02.zip,3f4e6c023fad49bef717cf976b643708d4025d557da98ba7b82a0ea953e0879c
E00103,primary,aggTrades,agg_trade,spot,2018-02-05,2018-02-05T19:55:00+00:00,2018-02-05T20:00:00+00:00,canonical_5m,2018-02-05T19:58:59.109000+00:00,11916006,6625.0,662500,0.080865,13321816,13321816,1,local_official_monthly_aggtrades,/Users/yeshevika/Documents/Codex/2026-08-16/files-pasted-by-the-user-read/work/btc_1m_binance_official/spot/monthly_aggtrades_zip/BTCUSDT-aggTrades-2018-02.zip,3f4e6c023fad49bef717cf976b643708d4025d557da98ba7b82a0ea953e0879c
E00103,primary,aggTrades,agg_trade,spot,2018-02-05,2018-02-05T19:55:00+00:00,2018-02-05T20:00:00+00:00,canonical_5m,2018-02-05T19:58:59.160000+00:00,11916007,6625.0,662500,0.03356,13321817,13321817,1,local_official_monthly_aggtrades,/Users/yeshevika/Documents/Codex/2026-08-16/files-pasted-by-the-user-read/work/btc_1m_binance_official/spot/monthly_aggtrades_zip/BTCUSDT-aggTrades-2018-02.zip,3f4e6c023fad49bef717cf976b643708d4025d557da98ba7b82a0ea953e0879c
E00103,primary,aggTrades,agg_trade,spot,2018-02-05,2018-02-05T19:55:00+00:00,2018-02-05T20:00:00+00:00,canonical_5m,2018-02-05T19:58:59.186000+00:00,11916008,6625.0,662500,0.031263,13321818,13321818,1,local_official_monthly_aggtrades,/Users/yeshevika/Documents/Codex/2026-08-16/files-pasted-by-the-user-read/work/btc_1m_binance_official/spot/monthly_aggtrades_zip/BTCUSDT-aggTrades-2018-02.zip,3f4e6c023fad49bef717cf976b643708d4025d557da98ba7b82a0ea953e0879c
E00103,primary,aggTrades,agg_trade,spot,2018-02-05,2018-02-05T19:55:00+00:00,2018-02-05T20:00:00+00:00,canonical_5m,2018-02-05T19:59:00.849000+00:00,11916010,6625.0,662500,0.105257,13321820,13321820,1,local_official_monthly_aggtrades,/Users/yeshevika/Documents/Codex/2026-08-16/files-pasted-by-the-user-read/work/btc_1m_binance_official/spot/monthly_aggtrades_zip/BTCUSDT-aggTrades-2018-02.zip,3f4e6c023fad49bef717cf976b643708d4025d557da98ba7b82a0ea953e0879c
E00103,primary,aggTrades,agg_trade,spot,2018-02-05,2018-02-05T19:55:00+00:00,2018-02-05T20:00:00+00:00,canonical_5m,2018-02-05T19:59:00.866000+00:00,11916011,6625.0,662500,0.018661,13321821,13321821,1,local_official_monthly_aggtrades,/Users/yeshevika/Documents/Codex/2026-08-16/files-pasted-by-the-user-read/work/btc_1m_binance_official/spot/monthly_aggtrades_zip/BTCUSDT-aggTrades-2018-02.zip,3f4e6c023fad49bef717cf976b643708d4025d557da98ba7b82a0ea953e0879c
E00103,primary,aggTrades,agg_trade,spot,2018-02-05,2018-02-05T19:55:00+00:00,2018-02-05T20:00:00+00:00,canonical_5m,2018-02-05T19:59:01.020000+00:00,11916012,6625.0,662500,0.044084,13321822,13321822,1,local_official_monthly_aggtrades,/Users/yeshevika/Documents/Codex/2026-08-16/files-pasted-by-the-user-read/work/btc_1m_binance_official/spot/monthly_aggtrades_zip/BTCUSDT-aggTrades-2018-02.zip,3f4e6c023fad49bef717cf976b643708d4025d557da98ba7b82a0ea953e0879c
E00103,primary,aggTrades,agg_trade,spot,2018-02-05,2018-02-05T19:55:00+00:00,2018-02-05T20:00:00+00:00,canonical_5m,2018-02-05T19:59:01.734000+00:00,11916014,6625.0,662500,2.647691,13321824,13321824,1,local_official_monthly_aggtrades,/Users/yeshevika/Documents/Codex/2026-08-16/files-pasted-by-the-user-read/work/btc_1m_binance_official/spot/monthly_aggtrades_zip/BTCUSDT-aggTrades-2018-02.zip,3f4e6c023fad49bef717cf976b643708d4025d557da98ba7b82a0ea953e0879c
E00103,primary,aggTrades,agg_trade,spot,2018-02-05,2018-02-05T19:55:00+00:00,2018-02-05T20:00:00+00:00,canonical_5m,2018-02-05T19:59:02.126000+00:00,11916017,6625.0,662500,0.018853,13321827,13321827,1,local_official_monthly_aggtrades,/Users/yeshevika/Documents/Codex/2026-08-16/files-pasted-by-the-user-read/work/btc_1m_binance_official/spot/monthly_aggtrades_zip/BTCUSDT-aggTrades-2018-02.zip,3f4e6c023fad49bef717cf976b643708d4025d557da98ba7b82a0ea953e0879c
E00103,primary,aggTrades,agg_trade,spot,2018-02-05,2018-02-05T19:55:00+00:00,2018-02-05T20:00:00+00:00,canonical_5m,2018-02-05T19:59:02.296000+00:00,11916018,6625.0,662500,0.003366,13321828,13321828,1,local_official_monthly_aggtrades,/Users/yeshevika/Documents/Codex/2026-08-16/files-pasted-by-the-user-read/work/btc_1m_binance_official/spot/monthly_aggtrades_zip/BTCUSDT-aggTrades-2018-02.zip,3f4e6c023fad49bef717cf976b643708d4025d557da98ba7b82a0ea953e0879c
E00103,primary,aggTrades,agg_trade,spot,2018-02-05,2018-02-05T19:55:00+00:00,2018-02-05T20:00:00+00:00,canonical_5m,2018-02-05T19:59:02.402000+00:00,11916019,6625.0,662500,0.00168,13321829,13321829,1,local_official_monthly_aggtrades,/Users/yeshevika/Documents/Codex/2026-08-16/files-pasted-by-the-user-read/work/btc_1m_binance_official/spot/monthly_aggtrades_zip/BTCUSDT-aggTrades-2018-02.zip,3f4e6c023fad49bef717cf976b643708d4025d557da98ba7b82a0ea953e0879c
E00103,primary,aggTrades,agg_trade,spot,2018-02-05,2018-02-05T19:55:00+00:00,2018-02-05T20:00:00+00:00,canonical_5m,2018-02-05T19:59:02.436000+00:00,11916021,6625.0,662500,0.099846,13321831,13321831,1,local_official_monthly_aggtrades,/Users/yeshevika/Documents/Codex/2026-08-16/files-pasted-by-the-user-read/work/btc_1m_binance_official/spot/monthly_aggtrades_zip/BTCUSDT-aggTrades-2018-02.zip,3f4e6c023fad49bef717cf976b643708d4025d557da98ba7b82a0ea953e0879c
E00103,primary,aggTrades,agg_trade,spot,2018-02-05,2018-02-05T19:55:00+00:00,2018-02-05T20:00:00+00:00,canonical_5m,2018-02-05T19:59:02.482000+00:00,11916022,6625.0,662500,0.224509,13321832,13321832,1,local_official_monthly_aggtrades,/Users/yeshevika/Documents/Codex/2026-08-16/files-pasted-by-the-user-read/work/btc_1m_binance_official/spot/monthly_aggtrades_zip/BTCUSDT-aggTrades-2018-02.zip,3f4e6c023fad49bef717cf976b643708d4025d557da98ba7b82a0ea953e0879c
E00103,primary,aggTrades,agg_trade,spot,2018-02-05,2018-02-05T19:55:00+00:00,2018-02-05T20:00:00+00:00,canonical_5m,2018-02-05T19:59:02.494000+00:00,11916023,6625.0,662500,0.023301,13321833,13321833,1,local_official_monthly_aggtrades,/Users/yeshevika/Documents/Codex/2026-08-16/files-pasted-by-the-user-read/work/btc_1m_binance_official/spot/monthly_aggtrades_zip/BTCUSDT-aggTrades-2018-02.zip,3f4e6c023fad49bef717cf976b643708d4025d557da98ba7b82a0ea953e0879c
E00103,primary,aggTrades,agg_trade,spot,2018-02-05,2018-02-05T19:55:00+00:00,2018-02-05T20:00:00+00:00,canonical_5m,2018-02-05T19:59:03.135000+00:00,11916025,6625.0,662500,0.03106,13321835,13321835,1,local_official_monthly_aggtrades,/Users/yeshevika/Documents/Codex/2026-08-16/files-pasted-by-the-user-read/work/btc_1m_binance_official/spot/monthly_aggtrades_zip/BTCUSDT-aggTrades-2018-02.zip,3f4e6c023fad49bef717cf976b643708d4025d557da98ba7b82a0ea953e0879c
E00103,primary,aggTrades,agg_trade,spot,2018-02-05,2018-02-05T19:55:00+00:00,2018-02-05T20:00:00+00:00,canonical_5m,2018-02-05T19:59:03.192000+00:00,11916026,6625.0,662500,0.03356,13321836,13321836,1,local_official_monthly_aggtrades,/Users/yeshevika/Documents/Codex/2026-08-16/files-pasted-by-the-user-read/work/btc_1m_binance_official/spot/monthly_aggtrades_zip/BTCUSDT-aggTrades-2018-02.zip,3f4e6c023fad49bef717cf976b643708d4025d557da98ba7b82a0ea953e0879c
E00103,primary,aggTrades,agg_trade,spot,2018-02-05,2018-02-05T19:55:00+00:00,2018-02-05T20:00:00+00:00,canonical_5m,2018-02-05T19:59:03.461000+00:00,11916027,6625.0,662500,0.151172,13321837,13321837,1,local_official_monthly_aggtrades,/Users/yeshevika/Documents/Codex/2026-08-16/files-pasted-by-the-user-read/work/btc_1m_binance_official/spot/monthly_aggtrades_zip/BTCUSDT-aggTrades-2018-02.zip,3f4e6c023fad49bef717cf976b643708d4025d557da98ba7b82a0ea953e0879c
E00103,primary,aggTrades,agg_trade,spot,2018-02-05,2018-02-05T19:55:00+00:00,2018-02-05T20:00:00+00:00,canonical_5m,2018-02-05T19:59:03.555000+00:00,11916028,6625.0,662500,0.008974,13321838,13321838,1,local_official_monthly_aggtrades,/Users/yeshevika/Documents/Codex/2026-08-16/files-pasted-by-the-user-read/work/btc_1m_binance_official/spot/monthly_aggtrades_zip/BTCUSDT-aggTrades-2018-02.zip,3f4e6c023fad49bef717cf976b643708d4025d557da98ba7b82a0ea953e0879c
E00103,primary,aggTrades,agg_trade,spot,2018-02-05,2018-02-05T19:55:00+00:00,2018-02-05T20:00:00+00:00,canonical_5m,2018-02-05T19:59:03.682000+00:00,11916033,6625.0,662500,0.098,13321843,13321843,1,local_official_monthly_aggtrades,/Users/yeshevika/Documents/Codex/2026-08-16/files-pasted-by-the-user-read/work/btc_1m_binance_official/spot/monthly_aggtrades_zip/BTCUSDT-aggTrades-2018-02.zip,3f4e6c023fad49bef717cf976b643708d4025d557da98ba7b82a0ea953e0879c
E00103,primary,aggTrades,agg_trade,spot,2018-02-05,2018-02-05T19:55:00+00:00,2018-02-05T20:00:00+00:00,canonical_5m,2018-02-05T19:59:03.807000+00:00,11916034,6625.0,662500,0.056929,13321844,13321844,1,local_official_monthly_aggtrades,/Users/yeshevika/Documents/Codex/2026-08-16/files-pasted-by-the-user-read/work/btc_1m_binance_official/spot/monthly_aggtrades_zip/BTCUSDT-aggTrades-2018-02.zip,3f4e6c023fad49bef717cf976b643708d4025d557da98ba7b82a0ea953e0879c
E00103,primary,aggTrades,agg_trade,spot,2018-02-05,2018-02-05T19:55:00+00:00,2018-02-05T20:00:00+00:00,canonical_5m,2018-02-05T19:59:04.086000+00:00,11916035,6625.0,662500,0.075443,13321845,13321845,1,local_official_monthly_aggtrades,/Users/yeshevika/Documents/Codex/2026-08-16/files-pasted-by-the-user-read/work/btc_1m_binance_official/spot/monthly_aggtrades_zip/BTCUSDT-aggTrades-2018-02.zip,3f4e6c023fad49bef717cf976b643708d4025d557da98ba7b82a0ea953e0879c
E00103,primary,aggTrades,agg_trade,spot,2018-02-05,2018-02-05T19:55:00+00:00,2018-02-05T20:00:00+00:00,canonical_5m,2018-02-05T19:59:04.089000+00:00,11916036,6625.0,662500,0.033558,13321846,13321846,1,local_official_monthly_aggtrades,/Users/yeshevika/Documents/Codex/2026-08-16/files-pasted-by-the-user-read/work/btc_1m_binance_official/spot/monthly_aggtrades_zip/BTCUSDT-aggTrades-2018-02.zip,3f4e6c023fad49bef717cf976b643708d4025d557da98ba7b82a0ea953e0879c
E00103,primary,aggTrades,agg_trade,spot,2018-02-05,2018-02-05T19:55:00+00:00,2018-02-05T20:00:00+00:00,canonical_5m,2018-02-05T19:59:04.153000+00:00,11916039,6625.0,662500,0.004807,13321849,13321849,1,local_official_monthly_aggtrades,/Users/yeshevika/Documents/Codex/2026-08-16/files-pasted-by-the-user-read/work/btc_1m_binance_official/spot/monthly_aggtrades_zip/BTCUSDT-aggTrades-2018-02.zip,3f4e6c023fad49bef717cf976b643708d4025d557da98ba7b82a0ea953e0879c
E00103,primary,aggTrades,agg_trade,spot,2018-02-05,2018-02-05T19:55:00+00:00,2018-02-05T20:00:00+00:00,canonical_5m,2018-02-05T19:59:04.561000+00:00,11916044,6625.0,662500,0.04961,13321854,13321854,1,local_official_monthly_aggtrades,/Users/yeshevika/Documents/Codex/2026-08-16/files-pasted-by-the-user-read/work/btc_1m_binance_official/spot/monthly_aggtrades_zip/BTCUSDT-aggTrades-2018-02.zip,3f4e6c023fad49bef717cf976b643708d4025d557da98ba7b82a0ea953e0879c
E00103,primary,aggTrades,agg_trade,spot,2018-02-05,2018-02-05T19:55:00+00:00,2018-02-05T20:00:00+00:00,canonical_5m,2018-02-05T19:59:04.685000+00:00,11916045,6625.0,662500,0.049512,13321855,13321855,1,local_official_monthly_aggtrades,/Users/yeshevika/Documents/Codex/2026-08-16/files-pasted-by-the-user-read/work/btc_1m_binance_official/spot/monthly_aggtrades_zip/BTCUSDT-aggTrades-2018-02.zip,3f4e6c023fad49bef717cf976b643708d4025d557da98ba7b82a0ea953e0879c
E00103,primary,aggTrades,agg_trade,spot,2018-02-05,2018-02-05T19:55:00+00:00,2018-02-05T20:00:00+00:00,canonical_5m,2018-02-05T19:59:05.026000+00:00,11916049,6625.0,662500,0.019586,13321859,13321859,1,local_official_monthly_aggtrades,/Users/yeshevika/Documents/Codex/2026-08-16/files-pasted-by-the-user-read/work/btc_1m_binance_official/spot/monthly_aggtrades_zip/BTCUSDT-aggTrades-2018-02.zip,3f4e6c023fad49bef717cf976b643708d4025d557da98ba7b82a0ea953e0879c
E00103,primary,aggTrades,agg_trade,spot,2018-02-05,2018-02-05T19:55:00+00:00,2018-02-05T20:00:00+00:00,canonical_5m,2018-02-05T19:59:05.113000+00:00,11916053,6625.0,662500,0.075427,13321864,13321864,1,local_official_monthly_aggtrades,/Users/yeshevika/Documents/Codex/2026-08-16/files-pasted-by-the-user-read/work/btc_1m_binance_official/spot/monthly_aggtrades_zip/BTCUSDT-aggTrades-2018-02.zip,3f4e6c023fad49bef717cf976b643708d4025d557da98ba7b82a0ea953e0879c
E00103,primary,aggTrades,agg_trade,spot,2018-02-05,2018-02-05T19:55:00+00:00,2018-02-05T20:00:00+00:00,canonical_5m,2018-02-05T19:59:05.152000+00:00,11916054,6625.0,662500,0.099978,13321865,13321865,1,local_official_monthly_aggtrades,/Users/yeshevika/Documents/Codex/2026-08-16/files-pasted-by-the-user-read/work/btc_1m_binance_official/spot/monthly_aggtrades_zip/BTCUSDT-aggTrades-2018-02.zip,3f4e6c023fad49bef717cf976b643708d4025d557da98ba7b82a0ea953e0879c
E00103,primary,aggTrades,agg_trade,spot,2018-02-05,2018-02-05T19:55:00+00:00,2018-02-05T20:00:00+00:00,canonical_5m,2018-02-05T19:59:05.205000+00:00,11916058,6625.0,662500,0.260424,13321869,13321869,1,local_official_monthly_aggtrades,/Users/yeshevika/Documents/Codex/2026-08-16/files-pasted-by-the-user-read/work/btc_1m_binance_official/spot/monthly_aggtrades_zip/BTCUSDT-aggTrades-2018-02.zip,3f4e6c023fad49bef717cf976b643708d4025d557da98ba7b82a0ea953e0879c
E00103,primary,aggTrades,agg_trade,spot,2018-02-05,2018-02-05T19:55:00+00:00,2018-02-05T20:00:00+00:00,canonical_5m,2018-02-05T19:59:05.224000+00:00,11916059,6625.0,662500,0.075427,13321870,13321870,1,local_official_monthly_aggtrades,/Users/yeshevika/Documents/Codex/2026-08-16/files-pasted-by-the-user-read/work/btc_1m_binance_official/spot/monthly_aggtrades_zip/BTCUSDT-aggTrades-2018-02.zip,3f4e6c023fad49bef717cf976b643708d4025d557da98ba7b82a0ea953e0879c
E00103,primary,aggTrades,agg_trade,spot,2018-02-05,2018-02-05T19:55:00+00:00,2018-02-05T20:00:00+00:00,canonical_5m,2018-02-05T19:59:05.361000+00:00,11916060,6625.0,662500,10.326434,13321871,13321871,1,local_official_monthly_aggtrades,/Users/yeshevika/Documents/Codex/2026-08-16/files-pasted-by-the-user-read/work/btc_1m_binance_official/spot/monthly_aggtrades_zip/BTCUSDT-aggTrades-2018-02.zip,3f4e6c023fad49bef717cf976b643708d4025d557da98ba7b82a0ea953e0879c
E00103,primary,aggTrades,agg_trade,spot,2018-02-05,2018-02-05T19:55:00+00:00,2018-02-05T20:00:00+00:00,canonical_5m,2018-02-05T19:59:05.908000+00:00,11916068,6625.0,662500,0.067163,13321879,13321879,1,local_official_monthly_aggtrades,/Users/yeshevika/Documents/Codex/2026-08-16/files-pasted-by-the-user-read/work/btc_1m_binance_official/spot/monthly_aggtrades_zip/BTCUSDT-aggTrades-2018-02.zip,3f4e6c023fad49bef717cf976b643708d4025d557da98ba7b82a0ea953e0879c
E00103,primary,aggTrades,agg_trade,spot,2018-02-05,2018-02-05T19:55:00+00:00,2018-02-05T20:00:00+00:00,canonical_5m,2018-02-05T19:59:06.011000+00:00,11916070,6625.0,662500,0.009312,13321881,13321881,1,local_official_monthly_aggtrades,/Users/yeshevika/Documents/Codex/2026-08-16/files-pasted-by-the-user-read/work/btc_1m_binance_official/spot/monthly_aggtrades_zip/BTCUSDT-aggTrades-2018-02.zip,3f4e6c023fad49bef717cf976b643708d4025d557da98ba7b82a0ea953e0879c
E00103,primary,aggTrades,agg_trade,spot,2018-02-05,2018-02-05T19:55:00+00:00,2018-02-05T20:00:00+00:00,canonical_5m,2018-02-05T19:59:06.145000+00:00,11916071,6625.0,662500,0.017111,13321882,13321882,1,local_official_monthly_aggtrades,/Users/yeshevika/Documents/Codex/2026-08-16/files-pasted-by-the-user-read/work/btc_1m_binance_official/spot/monthly_aggtrades_zip/BTCUSDT-aggTrades-2018-02.zip,3f4e6c023fad49bef717cf976b643708d4025d557da98ba7b82a0ea953e0879c
E00103,primary,aggTrades,agg_trade,spot,2018-02-05,2018-02-05T19:55:00+00:00,2018-02-05T20:00:00+00:00,canonical_5m,2018-02-05T19:59:06.885000+00:00,11916072,6625.0,662500,0.039165,13321883,13321883,1,local_official_monthly_aggtrades,/Users/yeshevika/Documents/Codex/2026-08-16/files-pasted-by-the-user-read/work/btc_1m_binance_official/spot/monthly_aggtrades_zip/BTCUSDT-aggTrades-2018-02.zip,3f4e6c023fad49bef717cf976b643708d4025d557da98ba7b82a0ea953e0879c
E00103,primary,aggTrades,agg_trade,spot,2018-02-05,2018-02-05T19:55:00+00:00,2018-02-05T20:00:00+00:00,canonical_5m,2018-02-05T19:59:06.995000+00:00,11916073,6625.0,662500,0.010998,13321884,13321884,1,local_official_monthly_aggtrades,/Users/yeshevika/Documents/Codex/2026-08-16/files-pasted-by-the-user-read/work/btc_1m_binance_official/spot/monthly_aggtrades_zip/BTCUSDT-aggTrades-2018-02.zip,3f4e6c023fad49bef717cf976b643708d4025d557da98ba7b82a0ea953e0879c
E00103,primary,aggTrades,agg_trade,spot,2018-02-05,2018-02-05T19:55:00+00:00,2018-02-05T20:00:00+00:00,canonical_5m,2018-02-05T19:59:07.097000+00:00,11916075,6625.0,662500,0.037876,13321886,13321886,1,local_official_monthly_aggtrades,/Users/yeshevika/Documents/Codex/2026-08-16/files-pasted-by-the-user-read/work/btc_1m_binance_official/spot/monthly_aggtrades_zip/BTCUSDT-aggTrades-2018-02.zip,3f4e6c023fad49bef717cf976b643708d4025d557da98ba7b82a0ea953e0879c
E00103,primary,aggTrades,agg_trade,spot,2018-02-05,2018-02-05T19:55:00+00:00,2018-02-05T20:00:00+00:00,canonical_5m,2018-02-05T19:59:07.113000+00:00,11916080,6625.0,662500,0.01072,13321893,13321893,1,local_official_monthly_aggtrades,/Users/yeshevika/Documents/Codex/2026-08-16/files-pasted-by-the-user-read/work/btc_1m_binance_official/spot/monthly_aggtrades_zip/BTCUSDT-aggTrades-2018-02.zip,3f4e6c023fad49bef717cf976b643708d4025d557da98ba7b82a0ea953e0879c
E00103,primary,aggTrades,agg_trade,spot,2018-02-05,2018-02-05T19:55:00+00:00,2018-02-05T20:00:00+00:00,canonical_5m,2018-02-05T19:59:07.749000+00:00,11916081,6625.0,662500,0.323148,13321894,13321894,1,local_official_monthly_aggtrades,/Users/yeshevika/Documents/Codex/2026-08-16/files-pasted-by-the-user-read/work/btc_1m_binance_official/spot/monthly_aggtrades_zip/BTCUSDT-aggTrades-2018-02.zip,3f4e6c023fad49bef717cf976b643708d4025d557da98ba7b82a0ea953e0879c
E00103,primary,aggTrades,agg_trade,spot,2018-02-05,2018-02-05T19:55:00+00:00,2018-02-05T20:00:00+00:00,canonical_5m,2018-02-05T19:59:08.135000+00:00,11916084,6625.0,662500,0.185365,13321897,13321897,1,local_official_monthly_aggtrades,/Users/yeshevika/Documents/Codex/2026-08-16/files-pasted-by-the-user-read/work/btc_1m_binance_official/spot/monthly_aggtrades_zip/BTCUSDT-aggTrades-2018-02.zip,3f4e6c023fad49bef717cf976b643708d4025d557da98ba7b82a0ea953e0879c
E00103,primary,aggTrades,agg_trade,spot,2018-02-05,2018-02-05T20:00:00+00:00,2018-02-05T20:05:00+00:00,canonical_5m,2018-02-05T20:01:17.983000+00:00,11917397,6625.0,662500,12.490912,13323462,13323462,1,local_official_monthly_aggtrades,/Users/yeshevika/Documents/Codex/2026-08-16/files-pasted-by-the-user-read/work/btc_1m_binance_official/spot/monthly_aggtrades_zip/BTCUSDT-aggTrades-2018-02.zip,3f4e6c023fad49bef717cf976b643708d4025d557da98ba7b82a0ea953e0879c
E00103,primary,aggTrades,agg_trade,spot,2018-02-05,2018-02-05T20:00:00+00:00,2018-02-05T20:05:00+00:00,canonical_5m,2018-02-05T20:01:20.905000+00:00,11917406,6625.0,662500,0.151968,13323471,13323471,1,local_official_monthly_aggtrades,/Users/yeshevika/Documents/Codex/2026-08-16/files-pasted-by-the-user-read/work/btc_1m_binance_official/spot/monthly_aggtrades_zip/BTCUSDT-aggTrades-2018-02.zip,3f4e6c023fad49bef717cf976b643708d4025d557da98ba7b82a0ea953e0879c
E00103,primary,aggTrades,agg_trade,spot,2018-02-05,2018-02-05T20:00:00+00:00,2018-02-05T20:05:00+00:00,canonical_5m,2018-02-05T20:01:21.157000+00:00,11917410,6625.0,662500,0.02106,13323475,13323475,1,local_official_monthly_aggtrades,/Users/yeshevika/Documents/Codex/2026-08-16/files-pasted-by-the-user-read/work/btc_1m_binance_official/spot/monthly_aggtrades_zip/BTCUSDT-aggTrades-2018-02.zip,3f4e6c023fad49bef717cf976b643708d4025d557da98ba7b82a0ea953e0879c
E00103,primary,aggTrades,agg_trade,spot,2018-02-05,2018-02-05T20:00:00+00:00,2018-02-05T20:05:00+00:00,canonical_5m,2018-02-05T20:01:21.239000+00:00,11917411,6625.0,662500,0.093928,13323476,13323476,1,local_official_monthly_aggtrades,/Users/yeshevika/Documents/Codex/2026-08-16/files-pasted-by-the-user-read/work/btc_1m_binance_official/spot/monthly_aggtrades_zip/BTCUSDT-aggTrades-2018-02.zip,3f4e6c023fad49bef717cf976b643708d4025d557da98ba7b82a0ea953e0879c
E00103,primary,aggTrades,agg_trade,spot,2018-02-05,2018-02-05T20:00:00+00:00,2018-02-05T20:05:00+00:00,canonical_5m,2018-02-05T20:01:21.524000+00:00,11917418,6625.0,662500,0.042341,13323485,13323485,1,local_official_monthly_aggtrades,/Users/yeshevika/Documents/Codex/2026-08-16/files-pasted-by-the-user-read/work/btc_1m_binance_official/spot/monthly_aggtrades_zip/BTCUSDT-aggTrades-2018-02.zip,3f4e6c023fad49bef717cf976b643708d4025d557da98ba7b82a0ea953e0879c
E00103,primary,aggTrades,agg_trade,spot,2018-02-05,2018-02-05T20:00:00+00:00,2018-02-05T20:05:00+00:00,canonical_5m,2018-02-05T20:01:21.535000+00:00,11917419,6625.0,662500,0.005615,13323486,13323486,1,local_official_monthly_aggtrades,/Users/yeshevika/Documents/Codex/2026-08-16/files-pasted-by-the-user-read/work/btc_1m_binance_official/spot/monthly_aggtrades_zip/BTCUSDT-aggTrades-2018-02.zip,3f4e6c023fad49bef717cf976b643708d4025d557da98ba7b82a0ea953e0879c
E00103,primary,aggTrades,agg_trade,spot,2018-02-05,2018-02-05T20:00:00+00:00,2018-02-05T20:05:00+00:00,canonical_5m,2018-02-05T20:01:21.540000+00:00,11917420,6625.0,662500,0.060353,13323487,13323487,1,local_official_monthly_aggtrades,/Users/yeshevika/Documents/Codex/2026-08-16/files-pasted-by-the-user-read/work/btc_1m_binance_official/spot/monthly_aggtrades_zip/BTCUSDT-aggTrades-2018-02.zip,3f4e6c023fad49bef717cf976b643708d4025d557da98ba7b82a0ea953e0879c
E00103,primary,aggTrades,agg_trade,spot,2018-02-05,2018-02-05T20:00:00+00:00,2018-02-05T20:05:00+00:00,canonical_5m,2018-02-05T20:01:21.566000+00:00,11917421,6625.0,662500,0.060642,13323488,13323488,1,local_official_monthly_aggtrades,/Users/yeshevika/Documents/Codex/2026-08-16/files-pasted-by-the-user-read/work/btc_1m_binance_official/spot/monthly_aggtrades_zip/BTCUSDT-aggTrades-2018-02.zip,3f4e6c023fad49bef717cf976b643708d4025d557da98ba7b82a0ea953e0879c
E00103,primary,aggTrades,agg_trade,spot,2018-02-05,2018-02-05T20:00:00+00:00,2018-02-05T20:05:00+00:00,canonical_5m,2018-02-05T20:01:22.100000+00:00,11917426,6625.0,662500,0.077951,13323499,13323499,1,local_official_monthly_aggtrades,/Users/yeshevika/Documents/Codex/2026-08-16/files-pasted-by-the-user-read/work/btc_1m_binance_official/spot/monthly_aggtrades_zip/BTCUSDT-aggTrades-2018-02.zip,3f4e6c023fad49bef717cf976b643708d4025d557da98ba7b82a0ea953e0879c
E00103,primary,aggTrades,agg_trade,spot,2018-02-05,2018-02-05T20:00:00+00:00,2018-02-05T20:05:00+00:00,canonical_5m,2018-02-05T20:01:22.154000+00:00,11917427,6625.0,662500,0.03358,13323500,13323500,1,local_official_monthly_aggtrades,/Users/yeshevika/Documents/Codex/2026-08-16/files-pasted-by-the-user-read/work/btc_1m_binance_official/spot/monthly_aggtrades_zip/BTCUSDT-aggTrades-2018-02.zip,3f4e6c023fad49bef717cf976b643708d4025d557da98ba7b82a0ea953e0879c
E00103,primary,aggTrades,agg_trade,spot,2018-02-05,2018-02-05T20:00:00+00:00,2018-02-05T20:05:00+00:00,canonical_5m,2018-02-05T20:01:22.183000+00:00,11917428,6625.0,662500,0.04266,13323501,13323501,1,local_official_monthly_aggtrades,/Users/yeshevika/Documents/Codex/2026-08-16/files-pasted-by-the-user-read/work/btc_1m_binance_official/spot/monthly_aggtrades_zip/BTCUSDT-aggTrades-2018-02.zip,3f4e6c023fad49bef717cf976b643708d4025d557da98ba7b82a0ea953e0879c
E00103,primary,aggTrades,agg_trade,spot,2018-02-05,2018-02-05T20:00:00+00:00,2018-02-05T20:05:00+00:00,canonical_5m,2018-02-05T20:01:22.413000+00:00,11917433,6625.0,662500,0.357696,13323506,13323506,1,local_official_monthly_aggtrades,/Users/yeshevika/Documents/Codex/2026-08-16/files-pasted-by-the-user-read/work/btc_1m_binance_official/spot/monthly_aggtrades_zip/BTCUSDT-aggTrades-2018-02.zip,3f4e6c023fad49bef717cf976b643708d4025d557da98ba7b82a0ea953e0879c
E00103,primary,aggTrades,agg_trade,spot,2018-02-05,2018-02-05T20:00:00+00:00,2018-02-05T20:05:00+00:00,canonical_5m,2018-02-05T20:01:23.819000+00:00,11917442,6625.0,662500,0.181581,13323516,13323516,1,local_official_monthly_aggtrades,/Users/yeshevika/Documents/Codex/2026-08-16/files-pasted-by-the-user-read/work/btc_1m_binance_official/spot/monthly_aggtrades_zip/BTCUSDT-aggTrades-2018-02.zip,3f4e6c023fad49bef717cf976b643708d4025d557da98ba7b82a0ea953e0879c
E00103,primary,aggTrades,agg_trade,spot,2018-02-05,2018-02-05T20:00:00+00:00,2018-02-05T20:05:00+00:00,canonical_5m,2018-02-05T20:01:24.320000+00:00,11917443,6625.0,662500,0.113649,13323517,13323517,1,local_official_monthly_aggtrades,/Users/yeshevika/Documents/Codex/2026-08-16/files-pasted-by-the-user-read/work/btc_1m_binance_official/spot/monthly_aggtrades_zip/BTCUSDT-aggTrades-2018-02.zip,3f4e6c023fad49bef717cf976b643708d4025d557da98ba7b82a0ea953e0879c
E00103,primary,aggTrades,agg_trade,spot,2018-02-05,2018-02-05T20:00:00+00:00,2018-02-05T20:05:00+00:00,canonical_5m,2018-02-05T20:01:24.484000+00:00,11917445,6625.0,662500,0.025494,13323519,13323519,1,local_official_monthly_aggtrades,/Users/yeshevika/Documents/Codex/2026-08-16/files-pasted-by-the-user-read/work/btc_1m_binance_official/spot/monthly_aggtrades_zip/BTCUSDT-aggTrades-2018-02.zip,3f4e6c023fad49bef717cf976b643708d4025d557da98ba7b82a0ea953e0879c
E00103,primary,aggTrades,agg_trade,spot,2018-02-05,2018-02-05T20:00:00+00:00,2018-02-05T20:05:00+00:00,canonical_5m,2018-02-05T20:01:26.806000+00:00,11917468,6625.0,662500,0.668521,13323542,13323542,1,local_official_monthly_aggtrades,/Users/yeshevika/Documents/Codex/2026-08-16/files-pasted-by-the-user-read/work/btc_1m_binance_official/spot/monthly_aggtrades_zip/BTCUSDT-aggTrades-2018-02.zip,3f4e6c023fad49bef717cf976b643708d4025d557da98ba7b82a0ea953e0879c
E00103,primary,aggTrades,agg_trade,spot,2018-02-05,2018-02-05T20:00:00+00:00,2018-02-05T20:05:00+00:00,canonical_5m,2018-02-05T20:01:27.315000+00:00,11917472,6625.0,662500,0.025506,13323546,13323546,1,local_official_monthly_aggtrades,/Users/yeshevika/Documents/Codex/2026-08-16/files-pasted-by-the-user-read/work/btc_1m_binance_official/spot/monthly_aggtrades_zip/BTCUSDT-aggTrades-2018-02.zip,3f4e6c023fad49bef717cf976b643708d4025d557da98ba7b82a0ea953e0879c
E00103,primary,aggTrades,agg_trade,spot,2018-02-05,2018-02-05T20:00:00+00:00,2018-02-05T20:05:00+00:00,canonical_5m,2018-02-05T20:01:27.411000+00:00,11917473,6625.0,662500,0.033568,13323547,13323547,1,local_official_monthly_aggtrades,/Users/yeshevika/Documents/Codex/2026-08-16/files-pasted-by-the-user-read/work/btc_1m_binance_official/spot/monthly_aggtrades_zip/BTCUSDT-aggTrades-2018-02.zip,3f4e6c023fad49bef717cf976b643708d4025d557da98ba7b82a0ea953e0879c
E00103,primary,aggTrades,agg_trade,spot,2018-02-05,2018-02-05T20:00:00+00:00,2018-02-05T20:05:00+00:00,canonical_5m,2018-02-05T20:01:27.415000+00:00,11917474,6625.0,662500,0.004171,13323548,13323548,1,local_official_monthly_aggtrades,/Users/yeshevika/Documents/Codex/2026-08-16/files-pasted-by-the-user-read/work/btc_1m_binance_official/spot/monthly_aggtrades_zip/BTCUSDT-aggTrades-2018-02.zip,3f4e6c023fad49bef717cf976b643708d4025d557da98ba7b82a0ea953e0879c
E00103,primary,aggTrades,agg_trade,spot,2018-02-05,2018-02-05T20:00:00+00:00,2018-02-05T20:05:00+00:00,canonical_5m,2018-02-05T20:01:28.119000+00:00,11917478,6625.0,662500,0.5456,13323552,13323552,1,local_official_monthly_aggtrades,/Users/yeshevika/Documents/Codex/2026-08-16/files-pasted-by-the-user-read/work/btc_1m_binance_official/spot/monthly_aggtrades_zip/BTCUSDT-aggTrades-2018-02.zip,3f4e6c023fad49bef717cf976b643708d4025d557da98ba7b82a0ea953e0879c
E00103,primary,aggTrades,agg_trade,spot,2018-02-05,2018-02-05T20:00:00+00:00,2018-02-05T20:05:00+00:00,canonical_5m,2018-02-05T20:01:28.151000+00:00,11917479,6625.0,662500,0.2,13323553,13323553,1,local_official_monthly_aggtrades,/Users/yeshevika/Documents/Codex/2026-08-16/files-pasted-by-the-user-read/work/btc_1m_binance_official/spot/monthly_aggtrades_zip/BTCUSDT-aggTrades-2018-02.zip,3f4e6c023fad49bef717cf976b643708d4025d557da98ba7b82a0ea953e0879c
E00103,primary,aggTrades,agg_trade,spot,2018-02-05,2018-02-05T20:00:00+00:00,2018-02-05T20:05:00+00:00,canonical_5m,2018-02-05T20:01:28.223000+00:00,11917480,6625.0,662500,0.863923,13323554,13323554,1,local_official_monthly_aggtrades,/Users/yeshevika/Documents/Codex/2026-08-16/files-pasted-by-the-user-read/work/btc_1m_binance_official/spot/monthly_aggtrades_zip/BTCUSDT-aggTrades-2018-02.zip,3f4e6c023fad49bef717cf976b643708d4025d557da98ba7b82a0ea953e0879c
E00103,primary,aggTrades,agg_trade,spot,2018-02-05,2018-02-05T20:00:00+00:00,2018-02-05T20:05:00+00:00,canonical_5m,2018-02-05T20:01:29.225000+00:00,11917481,6625.0,662500,1.297533,13323555,13323555,1,local_official_monthly_aggtrades,/Users/yeshevika/Documents/Codex/2026-08-16/files-pasted-by-the-user-read/work/btc_1m_binance_official/spot/monthly_aggtrades_zip/BTCUSDT-aggTrades-2018-02.zip,3f4e6c023fad49bef717cf976b643708d4025d557da98ba7b82a0ea953e0879c
E00103,primary,aggTrades,agg_trade,spot,2018-02-05,2018-02-05T20:00:00+00:00,2018-02-05T20:05:00+00:00,canonical_5m,2018-02-05T20:01:29.414000+00:00,11917482,6625.0,662500,0.97364,13323556,13323556,1,local_official_monthly_aggtrades,/Users/yeshevika/Documents/Codex/2026-08-16/files-pasted-by-the-user-read/work/btc_1m_binance_official/spot/monthly_aggtrades_zip/BTCUSDT-aggTrades-2018-02.zip,3f4e6c023fad49bef717cf976b643708d4025d557da98ba7b82a0ea953e0879c
E00103,primary,aggTrades,agg_trade,spot,2018-02-05,2018-02-05T20:00:00+00:00,2018-02-05T20:05:00+00:00,canonical_5m,2018-02-05T20:01:29.750000+00:00,11917483,6625.0,662500,0.024047,13323557,13323557,1,local_official_monthly_aggtrades,/Users/yeshevika/Documents/Codex/2026-08-16/files-pasted-by-the-user-read/work/btc_1m_binance_official/spot/monthly_aggtrades_zip/BTCUSDT-aggTrades-2018-02.zip,3f4e6c023fad49bef717cf976b643708d4025d557da98ba7b82a0ea953e0879c
E00103,primary,aggTrades,agg_trade,spot,2018-02-05,2018-02-05T20:00:00+00:00,2018-02-05T20:05:00+00:00,canonical_5m,2018-02-05T20:01:29.780000+00:00,11917484,6625.0,662500,0.151234,13323558,13323558,1,local_official_monthly_aggtrades,/Users/yeshevika/Documents/Codex/2026-08-16/files-pasted-by-the-user-read/work/btc_1m_binance_official/spot/monthly_aggtrades_zip/BTCUSDT-aggTrades-2018-02.zip,3f4e6c023fad49bef717cf976b643708d4025d557da98ba7b82a0ea953e0879c
E00103,primary,aggTrades,agg_trade,spot,2018-02-05,2018-02-05T20:00:00+00:00,2018-02-05T20:05:00+00:00,canonical_5m,2018-02-05T20:01:29.790000+00:00,11917485,6625.0,662500,0.032679,13323559,13323559,1,local_official_monthly_aggtrades,/Users/yeshevika/Documents/Codex/2026-08-16/files-pasted-by-the-user-read/work/btc_1m_binance_official/spot/monthly_aggtrades_zip/BTCUSDT-aggTrades-2018-02.zip,3f4e6c023fad49bef717cf976b643708d4025d557da98ba7b82a0ea953e0879c
E00103,primary,aggTrades,agg_trade,spot,2018-02-05,2018-02-05T20:00:00+00:00,2018-02-05T20:05:00+00:00,canonical_5m,2018-02-05T20:01:29.797000+00:00,11917486,6625.0,662500,0.004578,13323560,13323560,1,local_official_monthly_aggtrades,/Users/yeshevika/Documents/Codex/2026-08-16/files-pasted-by-the-user-read/work/btc_1m_binance_official/spot/monthly_aggtrades_zip/BTCUSDT-aggTrades-2018-02.zip,3f4e6c023fad49bef717cf976b643708d4025d557da98ba7b82a0ea953e0879c
E00103,primary,aggTrades,agg_trade,spot,2018-02-05,2018-02-05T20:00:00+00:00,2018-02-05T20:05:00+00:00,canonical_5m,2018-02-05T20:01:29.919000+00:00,11917487,6625.0,662500,0.0285,13323561,13323561,1,local_official_monthly_aggtrades,/Users/yeshevika/Documents/Codex/2026-08-16/files-pasted-by-the-user-read/work/btc_1m_binance_official/spot/monthly_aggtrades_zip/BTCUSDT-aggTrades-2018-02.zip,3f4e6c023fad49bef717cf976b643708d4025d557da98ba7b82a0ea953e0879c
E00103,primary,aggTrades,agg_trade,spot,2018-02-05,2018-02-05T20:00:00+00:00,2018-02-05T20:05:00+00:00,canonical_5m,2018-02-05T20:01:29.959000+00:00,11917488,6625.0,662500,0.151236,13323562,13323562,1,local_official_monthly_aggtrades,/Users/yeshevika/Documents/Codex/2026-08-16/files-pasted-by-the-user-read/work/btc_1m_binance_official/spot/monthly_aggtrades_zip/BTCUSDT-aggTrades-2018-02.zip,3f4e6c023fad49bef717cf976b643708d4025d557da98ba7b82a0ea953e0879c
E00103,primary,aggTrades,agg_trade,spot,2018-02-05,2018-02-05T20:00:00+00:00,2018-02-05T20:05:00+00:00,canonical_5m,2018-02-05T20:01:29.979000+00:00,11917489,6625.0,662500,0.151236,13323563,13323563,1,local_official_monthly_aggtrades,/Users/yeshevika/Documents/Codex/2026-08-16/files-pasted-by-the-user-read/work/btc_1m_binance_official/spot/monthly_aggtrades_zip/BTCUSDT-aggTrades-2018-02.zip,3f4e6c023fad49bef717cf976b643708d4025d557da98ba7b82a0ea953e0879c
E00103,primary,aggTrades,agg_trade,spot,2018-02-05,2018-02-05T20:00:00+00:00,2018-02-05T20:05:00+00:00,canonical_5m,2018-02-05T20:01:30.033000+00:00,11917493,6625.0,662500,0.068671,13323568,13323568,1,local_official_monthly_aggtrades,/Users/yeshevika/Documents/Codex/2026-08-16/files-pasted-by-the-user-read/work/btc_1m_binance_official/spot/monthly_aggtrades_zip/BTCUSDT-aggTrades-2018-02.zip,3f4e6c023fad49bef717cf976b643708d4025d557da98ba7b82a0ea953e0879c
E00103,primary,aggTrades,agg_trade,spot,2018-02-05,2018-02-05T20:00:00+00:00,2018-02-05T20:05:00+00:00,canonical_5m,2018-02-05T20:01:30.179000+00:00,11917494,6625.0,662500,0.105516,13323569,13323569,1,local_official_monthly_aggtrades,/Users/yeshevika/Documents/Codex/2026-08-16/files-pasted-by-the-user-read/work/btc_1m_binance_official/spot/monthly_aggtrades_zip/BTCUSDT-aggTrades-2018-02.zip,3f4e6c023fad49bef717cf976b643708d4025d557da98ba7b82a0ea953e0879c
E00103,primary,aggTrades,agg_trade,spot,2018-02-05,2018-02-05T20:00:00+00:00,2018-02-05T20:05:00+00:00,canonical_5m,2018-02-05T20:01:30.180000+00:00,11917495,6625.0,662500,0.346647,13323570,13323570,1,local_official_monthly_aggtrades,/Users/yeshevika/Documents/Codex/2026-08-16/files-pasted-by-the-user-read/work/btc_1m_binance_official/spot/monthly_aggtrades_zip/BTCUSDT-aggTrades-2018-02.zip,3f4e6c023fad49bef717cf976b643708d4025d557da98ba7b82a0ea953e0879c
E00103,primary,aggTrades,agg_trade,spot,2018-02-05,2018-02-05T20:00:00+00:00,2018-02-05T20:05:00+00:00,canonical_5m,2018-02-05T20:01:30.336000+00:00,11917496,6625.0,662500,0.07506,13323571,13323571,1,local_official_monthly_aggtrades,/Users/yeshevika/Documents/Codex/2026-08-16/files-pasted-by-the-user-read/work/btc_1m_binance_official/spot/monthly_aggtrades_zip/BTCUSDT-aggTrades-2018-02.zip,3f4e6c023fad49bef717cf976b643708d4025d557da98ba7b82a0ea953e0879c
E00103,primary,aggTrades,agg_trade,spot,2018-02-05,2018-02-05T20:00:00+00:00,2018-02-05T20:05:00+00:00,canonical_5m,2018-02-05T20:01:30.360000+00:00,11917497,6625.0,662500,0.037,13323572,13323572,1,local_official_monthly_aggtrades,/Users/yeshevika/Documents/Codex/2026-08-16/files-pasted-by-the-user-read/work/btc_1m_binance_official/spot/monthly_aggtrades_zip/BTCUSDT-aggTrades-2018-02.zip,3f4e6c023fad49bef717cf976b643708d4025d557da98ba7b82a0ea953e0879c
E00103,primary,aggTrades,agg_trade,spot,2018-02-05,2018-02-05T20:00:00+00:00,2018-02-05T20:05:00+00:00,canonical_5m,2018-02-05T20:01:30.558000+00:00,11917498,6625.0,662500,0.107634,13323573,13323573,1,local_official_monthly_aggtrades,/Users/yeshevika/Documents/Codex/2026-08-16/files-pasted-by-the-user-read/work/btc_1m_binance_official/spot/monthly_aggtrades_zip/BTCUSDT-aggTrades-2018-02.zip,3f4e6c023fad49bef717cf976b643708d4025d557da98ba7b82a0ea953e0879c
E00103,primary,aggTrades,agg_trade,spot,2018-02-05,2018-02-05T20:00:00+00:00,2018-02-05T20:05:00+00:00,canonical_5m,2018-02-05T20:01:30.632000+00:00,11917499,6625.0,662500,0.005598,13323574,13323574,1,local_official_monthly_aggtrades,/Users/yeshevika/Documents/Codex/2026-08-16/files-pasted-by-the-user-read/work/btc_1m_binance_official/spot/monthly_aggtrades_zip/BTCUSDT-aggTrades-2018-02.zip,3f4e6c023fad49bef717cf976b643708d4025d557da98ba7b82a0ea953e0879c
E00103,primary,aggTrades,agg_trade,spot,2018-02-05,2018-02-05T20:00:00+00:00,2018-02-05T20:05:00+00:00,canonical_5m,2018-02-05T20:01:30.744000+00:00,11917500,6625.0,662500,0.082823,13323575,13323575,1,local_official_monthly_aggtrades,/Users/yeshevika/Documents/Codex/2026-08-16/files-pasted-by-the-user-read/work/btc_1m_binance_official/spot/monthly_aggtrades_zip/BTCUSDT-aggTrades-2018-02.zip,3f4e6c023fad49bef717cf976b643708d4025d557da98ba7b82a0ea953e0879c
E00103,primary,aggTrades,agg_trade,spot,2018-02-05,2018-02-05T20:00:00+00:00,2018-02-05T20:05:00+00:00,canonical_5m,2018-02-05T20:01:30.792000+00:00,11917501,6625.0,662500,0.08264,13323576,13323576,1,local_official_monthly_aggtrades,/Users/yeshevika/Documents/Codex/2026-08-16/files-pasted-by-the-user-read/work/btc_1m_binance_official/spot/monthly_aggtrades_zip/BTCUSDT-aggTrades-2018-02.zip,3f4e6c023fad49bef717cf976b643708d4025d557da98ba7b82a0ea953e0879c
E00103,primary,aggTrades,agg_trade,spot,2018-02-05,2018-02-05T20:00:00+00:00,2018-02-05T20:05:00+00:00,canonical_5m,2018-02-05T20:01:30.823000+00:00,11917502,6625.0,662500,0.082823,13323577,13323577,1,local_official_monthly_aggtrades,/Users/yeshevika/Documents/Codex/2026-08-16/files-pasted-by-the-user-read/work/btc_1m_binance_official/spot/monthly_aggtrades_zip/BTCUSDT-aggTrades-2018-02.zip,3f4e6c023fad49bef717cf976b643708d4025d557da98ba7b82a0ea953e0879c
E00103,primary,aggTrades,agg_trade,spot,2018-02-05,2018-02-05T20:00:00+00:00,2018-02-05T20:05:00+00:00,canonical_5m,2018-02-05T20:01:31.242000+00:00,11917503,6625.0,662500,0.4419,13323578,13323578,1,local_official_monthly_aggtrades,/Users/yeshevika/Documents/Codex/2026-08-16/files-pasted-by-the-user-read/work/btc_1m_binance_official/spot/monthly_aggtrades_zip/BTCUSDT-aggTrades-2018-02.zip,3f4e6c023fad49bef717cf976b643708d4025d557da98ba7b82a0ea953e0879c
E00103,primary,aggTrades,agg_trade,spot,2018-02-05,2018-02-05T20:00:00+00:00,2018-02-05T20:05:00+00:00,canonical_5m,2018-02-05T20:01:31.765000+00:00,11917504,6625.0,662500,0.031803,13323579,13323579,1,local_official_monthly_aggtrades,/Users/yeshevika/Documents/Codex/2026-08-16/files-pasted-by-the-user-read/work/btc_1m_binance_official/spot/monthly_aggtrades_zip/BTCUSDT-aggTrades-2018-02.zip,3f4e6c023fad49bef717cf976b643708d4025d557da98ba7b82a0ea953e0879c
E00103,primary,aggTrades,agg_trade,spot,2018-02-05,2018-02-05T20:00:00+00:00,2018-02-05T20:05:00+00:00,canonical_5m,2018-02-05T20:01:31.887000+00:00,11917506,6625.0,662500,0.0581,13323581,13323581,1,local_official_monthly_aggtrades,/Users/yeshevika/Documents/Codex/2026-08-16/files-pasted-by-the-user-read/work/btc_1m_binance_official/spot/monthly_aggtrades_zip/BTCUSDT-aggTrades-2018-02.zip,3f4e6c023fad49bef717cf976b643708d4025d557da98ba7b82a0ea953e0879c
E00103,primary,aggTrades,agg_trade,spot,2018-02-05,2018-02-05T20:00:00+00:00,2018-02-05T20:05:00+00:00,canonical_5m,2018-02-05T20:01:33.410000+00:00,11917508,6625.0,662500,0.313937,13323584,13323584,1,local_official_monthly_aggtrades,/Users/yeshevika/Documents/Codex/2026-08-16/files-pasted-by-the-user-read/work/btc_1m_binance_official/spot/monthly_aggtrades_zip/BTCUSDT-aggTrades-2018-02.zip,3f4e6c023fad49bef717cf976b643708d4025d557da98ba7b82a0ea953e0879c
E00103,primary,aggTrades,agg_trade,spot,2018-02-05,2018-02-05T20:00:00+00:00,2018-02-05T20:05:00+00:00,canonical_5m,2018-02-05T20:01:34.083000+00:00,11917509,6625.0,662500,0.027289,13323585,13323585,1,local_official_monthly_aggtrades,/Users/yeshevika/Documents/Codex/2026-08-16/files-pasted-by-the-user-read/work/btc_1m_binance_official/spot/monthly_aggtrades_zip/BTCUSDT-aggTrades-2018-02.zip,3f4e6c023fad49bef717cf976b643708d4025d557da98ba7b82a0ea953e0879c
E00103,primary,aggTrades,agg_trade,spot,2018-02-05,2018-02-05T20:00:00+00:00,2018-02-05T20:05:00+00:00,canonical_5m,2018-02-05T20:01:34.417000+00:00,11917510,6625.0,662500,0.020189,13323586,13323586,1,local_official_monthly_aggtrades,/Users/yeshevika/Documents/Codex/2026-08-16/files-pasted-by-the-user-read/work/btc_1m_binance_official/spot/monthly_aggtrades_zip/BTCUSDT-aggTrades-2018-02.zip,3f4e6c023fad49bef717cf976b643708d4025d557da98ba7b82a0ea953e0879c
E00103,primary,aggTrades,agg_trade,spot,2018-02-05,2018-02-05T20:00:00+00:00,2018-02-05T20:05:00+00:00,canonical_5m,2018-02-05T20:01:34.937000+00:00,11917511,6625.0,662500,0.239741,13323587,13323587,1,local_official_monthly_aggtrades,/Users/yeshevika/Documents/Codex/2026-08-16/files-pasted-by-the-user-read/work/btc_1m_binance_official/spot/monthly_aggtrades_zip/BTCUSDT-aggTrades-2018-02.zip,3f4e6c023fad49bef717cf976b643708d4025d557da98ba7b82a0ea953e0879c
E00103,primary,aggTrades,agg_trade,spot,2018-02-05,2018-02-05T20:00:00+00:00,2018-02-05T20:05:00+00:00,canonical_5m,2018-02-05T20:01:35.036000+00:00,11917512,6625.0,662500,0.003962,13323588,13323588,1,local_official_monthly_aggtrades,/Users/yeshevika/Documents/Codex/2026-08-16/files-pasted-by-the-user-read/work/btc_1m_binance_official/spot/monthly_aggtrades_zip/BTCUSDT-aggTrades-2018-02.zip,3f4e6c023fad49bef717cf976b643708d4025d557da98ba7b82a0ea953e0879c
E00103,primary,aggTrades,agg_trade,spot,2018-02-05,2018-02-05T20:00:00+00:00,2018-02-05T20:05:00+00:00,canonical_5m,2018-02-05T20:01:35.434000+00:00,11917513,6625.0,662500,0.2,13323589,13323589,1,local_official_monthly_aggtrades,/Users/yeshevika/Documents/Codex/2026-08-16/files-pasted-by-the-user-read/work/btc_1m_binance_official/spot/monthly_aggtrades_zip/BTCUSDT-aggTrades-2018-02.zip,3f4e6c023fad49bef717cf976b643708d4025d557da98ba7b82a0ea953e0879c
E00103,primary,aggTrades,agg_trade,spot,2018-02-05,2018-02-05T20:00:00+00:00,2018-02-05T20:05:00+00:00,canonical_5m,2018-02-05T20:01:35.877000+00:00,11917514,6625.0,662500,0.027904,13323590,13323590,1,local_official_monthly_aggtrades,/Users/yeshevika/Documents/Codex/2026-08-16/files-pasted-by-the-user-read/work/btc_1m_binance_official/spot/monthly_aggtrades_zip/BTCUSDT-aggTrades-2018-02.zip,3f4e6c023fad49bef717cf976b643708d4025d557da98ba7b82a0ea953e0879c
E00103,primary,aggTrades,agg_trade,spot,2018-02-05,2018-02-05T20:00:00+00:00,2018-02-05T20:05:00+00:00,canonical_5m,2018-02-05T20:01:36.154000+00:00,11917515,6625.0,662500,0.00673,13323591,13323591,1,local_official_monthly_aggtrades,/Users/yeshevika/Documents/Codex/2026-08-16/files-pasted-by-the-user-read/work/btc_1m_binance_official/spot/monthly_aggtrades_zip/BTCUSDT-aggTrades-2018-02.zip,3f4e6c023fad49bef717cf976b643708d4025d557da98ba7b82a0ea953e0879c
E00103,primary,aggTrades,agg_trade,spot,2018-02-05,2018-02-05T20:00:00+00:00,2018-02-05T20:05:00+00:00,canonical_5m,2018-02-05T20:01:36.192000+00:00,11917516,6625.0,662500,0.000273,13323592,13323592,1,local_official_monthly_aggtrades,/Users/yeshevika/Documents/Codex/2026-08-16/files-pasted-by-the-user-read/work/btc_1m_binance_official/spot/monthly_aggtrades_zip/BTCUSDT-aggTrades-2018-02.zip,3f4e6c023fad49bef717cf976b643708d4025d557da98ba7b82a0ea953e0879c
E00103,primary,aggTrades,agg_trade,spot,2018-02-05,2018-02-05T20:00:00+00:00,2018-02-05T20:05:00+00:00,canonical_5m,2018-02-05T20:01:36.447000+00:00,11917518,6625.0,662500,0.048871,13323594,13323594,1,local_official_monthly_aggtrades,/Users/yeshevika/Documents/Codex/2026-08-16/files-pasted-by-the-user-read/work/btc_1m_binance_official/spot/monthly_aggtrades_zip/BTCUSDT-aggTrades-2018-02.zip,3f4e6c023fad49bef717cf976b643708d4025d557da98ba7b82a0ea953e0879c
E00103,primary,aggTrades,agg_trade,spot,2018-02-05,2018-02-05T20:00:00+00:00,2018-02-05T20:05:00+00:00,canonical_5m,2018-02-05T20:01:38.729000+00:00,11917523,6625.0,662500,0.159132,13323599,13323599,1,local_official_monthly_aggtrades,/Users/yeshevika/Documents/Codex/2026-08-16/files-pasted-by-the-user-read/work/btc_1m_binance_official/spot/monthly_aggtrades_zip/BTCUSDT-aggTrades-2018-02.zip,3f4e6c023fad49bef717cf976b643708d4025d557da98ba7b82a0ea953e0879c
E00103,primary,aggTrades,agg_trade,spot,2018-02-05,2018-02-05T20:00:00+00:00,2018-02-05T20:05:00+00:00,canonical_5m,2018-02-05T20:01:39.432000+00:00,11917525,6625.0,662500,0.022327,13323601,13323601,1,local_official_monthly_aggtrades,/Users/yeshevika/Documents/Codex/2026-08-16/files-pasted-by-the-user-read/work/btc_1m_binance_official/spot/monthly_aggtrades_zip/BTCUSDT-aggTrades-2018-02.zip,3f4e6c023fad49bef717cf976b643708d4025d557da98ba7b82a0ea953e0879c
E00103,primary,aggTrades,agg_trade,spot,2018-02-05,2018-02-05T20:00:00+00:00,2018-02-05T20:05:00+00:00,canonical_5m,2018-02-05T20:01:40.539000+00:00,11917528,6625.0,662500,0.242343,13323604,13323604,1,local_official_monthly_aggtrades,/Users/yeshevika/Documents/Codex/2026-08-16/files-pasted-by-the-user-read/work/btc_1m_binance_official/spot/monthly_aggtrades_zip/BTCUSDT-aggTrades-2018-02.zip,3f4e6c023fad49bef717cf976b643708d4025d557da98ba7b82a0ea953e0879c
E00103,primary,aggTrades,agg_trade,spot,2018-02-05,2018-02-05T20:00:00+00:00,2018-02-05T20:05:00+00:00,canonical_5m,2018-02-05T20:01:40.654000+00:00,11917529,6625.0,662500,0.014155,13323605,13323605,1,local_official_monthly_aggtrades,/Users/yeshevika/Documents/Codex/2026-08-16/files-pasted-by-the-user-read/work/btc_1m_binance_official/spot/monthly_aggtrades_zip/BTCUSDT-aggTrades-2018-02.zip,3f4e6c023fad49bef717cf976b643708d4025d557da98ba7b82a0ea953e0879c
E00103,primary,aggTrades,agg_trade,spot,2018-02-05,2018-02-05T20:00:00+00:00,2018-02-05T20:05:00+00:00,canonical_5m,2018-02-05T20:01:40.847000+00:00,11917530,6625.0,662500,0.013027,13323606,13323606,1,local_official_monthly_aggtrades,/Users/yeshevika/Documents/Codex/2026-08-16/files-pasted-by-the-user-read/work/btc_1m_binance_official/spot/monthly_aggtrades_zip/BTCUSDT-aggTrades-2018-02.zip,3f4e6c023fad49bef717cf976b643708d4025d557da98ba7b82a0ea953e0879c
E00103,primary,aggTrades,agg_trade,spot,2018-02-05,2018-02-05T20:00:00+00:00,2018-02-05T20:05:00+00:00,canonical_5m,2018-02-05T20:01:40.945000+00:00,11917531,6625.0,662500,0.075427,13323607,13323607,1,local_official_monthly_aggtrades,/Users/yeshevika/Documents/Codex/2026-08-16/files-pasted-by-the-user-read/work/btc_1m_binance_official/spot/monthly_aggtrades_zip/BTCUSDT-aggTrades-2018-02.zip,3f4e6c023fad49bef717cf976b643708d4025d557da98ba7b82a0ea953e0879c
E00103,primary,aggTrades,agg_trade,spot,2018-02-05,2018-02-05T20:00:00+00:00,2018-02-05T20:05:00+00:00,canonical_5m,2018-02-05T20:01:41.038000+00:00,11917533,6625.0,662500,0.075427,13323609,13323609,1,local_official_monthly_aggtrades,/Users/yeshevika/Documents/Codex/2026-08-16/files-pasted-by-the-user-read/work/btc_1m_binance_official/spot/monthly_aggtrades_zip/BTCUSDT-aggTrades-2018-02.zip,3f4e6c023fad49bef717cf976b643708d4025d557da98ba7b82a0ea953e0879c
E00103,primary,aggTrades,agg_trade,spot,2018-02-05,2018-02-05T20:00:00+00:00,2018-02-05T20:05:00+00:00,canonical_5m,2018-02-05T20:01:42.738000+00:00,11917536,6625.0,662500,0.043737,13323612,13323612,1,local_official_monthly_aggtrades,/Users/yeshevika/Documents/Codex/2026-08-16/files-pasted-by-the-user-read/work/btc_1m_binance_official/spot/monthly_aggtrades_zip/BTCUSDT-aggTrades-2018-02.zip,3f4e6c023fad49bef717cf976b643708d4025d557da98ba7b82a0ea953e0879c
E00103,primary,aggTrades,agg_trade,spot,2018-02-05,2018-02-05T20:00:00+00:00,2018-02-05T20:05:00+00:00,canonical_5m,2018-02-05T20:01:42.759000+00:00,11917537,6625.0,662500,0.002428,13323613,13323613,1,local_official_monthly_aggtrades,/Users/yeshevika/Documents/Codex/2026-08-16/files-pasted-by-the-user-read/work/btc_1m_binance_official/spot/monthly_aggtrades_zip/BTCUSDT-aggTrades-2018-02.zip,3f4e6c023fad49bef717cf976b643708d4025d557da98ba7b82a0ea953e0879c
E00103,primary,aggTrades,agg_trade,spot,2018-02-05,2018-02-05T20:00:00+00:00,2018-02-05T20:05:00+00:00,canonical_5m,2018-02-05T20:01:42.773000+00:00,11917538,6625.0,662500,0.146738,13323614,13323614,1,local_official_monthly_aggtrades,/Users/yeshevika/Documents/Codex/2026-08-16/files-pasted-by-the-user-read/work/btc_1m_binance_official/spot/monthly_aggtrades_zip/BTCUSDT-aggTrades-2018-02.zip,3f4e6c023fad49bef717cf976b643708d4025d557da98ba7b82a0ea953e0879c
E00103,primary,aggTrades,agg_trade,spot,2018-02-05,2018-02-05T20:00:00+00:00,2018-02-05T20:05:00+00:00,canonical_5m,2018-02-05T20:01:44.803000+00:00,11917542,6625.0,662500,0.266163,13323620,13323620,1,local_official_monthly_aggtrades,/Users/yeshevika/Documents/Codex/2026-08-16/files-pasted-by-the-user-read/work/btc_1m_binance_official/spot/monthly_aggtrades_zip/BTCUSDT-aggTrades-2018-02.zip,3f4e6c023fad49bef717cf976b643708d4025d557da98ba7b82a0ea953e0879c
E00103,primary,aggTrades,agg_trade,spot,2018-02-05,2018-02-05T20:00:00+00:00,2018-02-05T20:05:00+00:00,canonical_5m,2018-02-05T20:01:45.336000+00:00,11917543,6625.0,662500,0.017045,13323621,13323621,1,local_official_monthly_aggtrades,/Users/yeshevika/Documents/Codex/2026-08-16/files-pasted-by-the-user-read/work/btc_1m_binance_official/spot/monthly_aggtrades_zip/BTCUSDT-aggTrades-2018-02.zip,3f4e6c023fad49bef717cf976b643708d4025d557da98ba7b82a0ea953e0879c
E00103,primary,aggTrades,agg_trade,spot,2018-02-05,2018-02-05T20:00:00+00:00,2018-02-05T20:05:00+00:00,canonical_5m,2018-02-05T20:01:45.772000+00:00,11917544,6625.0,662500,0.028803,13323622,13323622,1,local_official_monthly_aggtrades,/Users/yeshevika/Documents/Codex/2026-08-16/files-pasted-by-the-user-read/work/btc_1m_binance_official/spot/monthly_aggtrades_zip/BTCUSDT-aggTrades-2018-02.zip,3f4e6c023fad49bef717cf976b643708d4025d557da98ba7b82a0ea953e0879c
E00103,primary,aggTrades,agg_trade,spot,2018-02-05,2018-02-05T20:00:00+00:00,2018-02-05T20:05:00+00:00,canonical_5m,2018-02-05T20:01:46.087000+00:00,11917547,6625.0,662500,0.037596,13323625,13323625,1,local_official_monthly_aggtrades,/Users/yeshevika/Documents/Codex/2026-08-16/files-pasted-by-the-user-read/work/btc_1m_binance_official/spot/monthly_aggtrades_zip/BTCUSDT-aggTrades-2018-02.zip,3f4e6c023fad49bef717cf976b643708d4025d557da98ba7b82a0ea953e0879c
E00103,primary,aggTrades,agg_trade,spot,2018-02-05,2018-02-05T20:00:00+00:00,2018-02-05T20:05:00+00:00,canonical_5m,2018-02-05T20:01:46.394000+00:00,11917548,6625.0,662500,0.011329,13323626,13323626,1,local_official_monthly_aggtrades,/Users/yeshevika/Documents/Codex/2026-08-16/files-pasted-by-the-user-read/work/btc_1m_binance_official/spot/monthly_aggtrades_zip/BTCUSDT-aggTrades-2018-02.zip,3f4e6c023fad49bef717cf976b643708d4025d557da98ba7b82a0ea953e0879c
E00103,primary,aggTrades,agg_trade,spot,2018-02-05,2018-02-05T20:00:00+00:00,2018-02-05T20:05:00+00:00,canonical_5m,2018-02-05T20:01:46.433000+00:00,11917549,6625.0,662500,0.083574,13323627,13323627,1,local_official_monthly_aggtrades,/Users/yeshevika/Documents/Codex/2026-08-16/files-pasted-by-the-user-read/work/btc_1m_binance_official/spot/monthly_aggtrades_zip/BTCUSDT-aggTrades-2018-02.zip,3f4e6c023fad49bef717cf976b643708d4025d557da98ba7b82a0ea953e0879c
E00103,primary,aggTrades,agg_trade,spot,2018-02-05,2018-02-05T20:00:00+00:00,2018-02-05T20:05:00+00:00,canonical_5m,2018-02-05T20:01:46.437000+00:00,11917550,6625.0,662500,0.047001,13323628,13323628,1,local_official_monthly_aggtrades,/Users/yeshevika/Documents/Codex/2026-08-16/files-pasted-by-the-user-read/work/btc_1m_binance_official/spot/monthly_aggtrades_zip/BTCUSDT-aggTrades-2018-02.zip,3f4e6c023fad49bef717cf976b643708d4025d557da98ba7b82a0ea953e0879c
E00103,primary,aggTrades,agg_trade,spot,2018-02-05,2018-02-05T20:00:00+00:00,2018-02-05T20:05:00+00:00,canonical_5m,2018-02-05T20:01:46.461000+00:00,11917551,6625.0,662500,0.11411,13323629,13323629,1,local_official_monthly_aggtrades,/Users/yeshevika/Documents/Codex/2026-08-16/files-pasted-by-the-user-read/work/btc_1m_binance_official/spot/monthly_aggtrades_zip/BTCUSDT-aggTrades-2018-02.zip,3f4e6c023fad49bef717cf976b643708d4025d557da98ba7b82a0ea953e0879c
E00103,primary,aggTrades,agg_trade,spot,2018-02-05,2018-02-05T20:00:00+00:00,2018-02-05T20:05:00+00:00,canonical_5m,2018-02-05T20:01:47.191000+00:00,11917553,6625.0,662500,0.017683,13323631,13323631,1,local_official_monthly_aggtrades,/Users/yeshevika/Documents/Codex/2026-08-16/files-pasted-by-the-user-read/work/btc_1m_binance_official/spot/monthly_aggtrades_zip/BTCUSDT-aggTrades-2018-02.zip,3f4e6c023fad49bef717cf976b643708d4025d557da98ba7b82a0ea953e0879c
E00103,primary,aggTrades,agg_trade,spot,2018-02-05,2018-02-05T20:00:00+00:00,2018-02-05T20:05:00+00:00,canonical_5m,2018-02-05T20:01:47.529000+00:00,11917554,6625.0,662500,1.534248,13323632,13323632,1,local_official_monthly_aggtrades,/Users/yeshevika/Documents/Codex/2026-08-16/files-pasted-by-the-user-read/work/btc_1m_binance_official/spot/monthly_aggtrades_zip/BTCUSDT-aggTrades-2018-02.zip,3f4e6c023fad49bef717cf976b643708d4025d557da98ba7b82a0ea953e0879c
E00103,primary,aggTrades,agg_trade,spot,2018-02-05,2018-02-05T20:00:00+00:00,2018-02-05T20:05:00+00:00,canonical_5m,2018-02-05T20:01:47.705000+00:00,11917555,6625.0,662500,0.006327,13323633,13323633,1,local_official_monthly_aggtrades,/Users/yeshevika/Documents/Codex/2026-08-16/files-pasted-by-the-user-read/work/btc_1m_binance_official/spot/monthly_aggtrades_zip/BTCUSDT-aggTrades-2018-02.zip,3f4e6c023fad49bef717cf976b643708d4025d557da98ba7b82a0ea953e0879c
E00103,primary,aggTrades,agg_trade,spot,2018-02-05,2018-02-05T20:00:00+00:00,2018-02-05T20:05:00+00:00,canonical_5m,2018-02-05T20:01:49.497000+00:00,11917558,6625.0,662500,2.442876,13323636,13323636,1,local_official_monthly_aggtrades,/Users/yeshevika/Documents/Codex/2026-08-16/files-pasted-by-the-user-read/work/btc_1m_binance_official/spot/monthly_aggtrades_zip/BTCUSDT-aggTrades-2018-02.zip,3f4e6c023fad49bef717cf976b643708d4025d557da98ba7b82a0ea953e0879c
E00103,primary,aggTrades,agg_trade,spot,2018-02-05,2018-02-05T20:00:00+00:00,2018-02-05T20:05:00+00:00,canonical_5m,2018-02-05T20:01:49.572000+00:00,11917559,6625.0,662500,0.044249,13323637,13323637,1,local_official_monthly_aggtrades,/Users/yeshevika/Documents/Codex/2026-08-16/files-pasted-by-the-user-read/work/btc_1m_binance_official/spot/monthly_aggtrades_zip/BTCUSDT-aggTrades-2018-02.zip,3f4e6c023fad49bef717cf976b643708d4025d557da98ba7b82a0ea953e0879c
E00103,primary,aggTrades,agg_trade,spot,2018-02-05,2018-02-05T20:00:00+00:00,2018-02-05T20:05:00+00:00,canonical_5m,2018-02-05T20:01:50.042000+00:00,11917561,6625.0,662500,0.756081,13323639,13323639,1,local_official_monthly_aggtrades,/Users/yeshevika/Documents/Codex/2026-08-16/files-pasted-by-the-user-read/work/btc_1m_binance_official/spot/monthly_aggtrades_zip/BTCUSDT-aggTrades-2018-02.zip,3f4e6c023fad49bef717cf976b643708d4025d557da98ba7b82a0ea953e0879c
E00103,primary,aggTrades,agg_trade,spot,2018-02-05,2018-02-05T20:00:00+00:00,2018-02-05T20:05:00+00:00,canonical_5m,2018-02-05T20:01:50.285000+00:00,11917562,6625.0,662500,0.392319,13323640,13323640,1,local_official_monthly_aggtrades,/Users/yeshevika/Documents/Codex/2026-08-16/files-pasted-by-the-user-read/work/btc_1m_binance_official/spot/monthly_aggtrades_zip/BTCUSDT-aggTrades-2018-02.zip,3f4e6c023fad49bef717cf976b643708d4025d557da98ba7b82a0ea953e0879c
E00103,primary,aggTrades,agg_trade,spot,2018-02-05,2018-02-05T20:00:00+00:00,2018-02-05T20:05:00+00:00,canonical_5m,2018-02-05T20:01:50.551000+00:00,11917563,6625.0,662500,0.029143,13323641,13323641,1,local_official_monthly_aggtrades,/Users/yeshevika/Documents/Codex/2026-08-16/files-pasted-by-the-user-read/work/btc_1m_binance_official/spot/monthly_aggtrades_zip/BTCUSDT-aggTrades-2018-02.zip,3f4e6c023fad49bef717cf976b643708d4025d557da98ba7b82a0ea953e0879c
E00103,primary,aggTrades,agg_trade,spot,2018-02-05,2018-02-05T20:00:00+00:00,2018-02-05T20:05:00+00:00,canonical_5m,2018-02-05T20:01:50.638000+00:00,11917564,6625.0,662500,0.646408,13323642,13323642,1,local_official_monthly_aggtrades,/Users/yeshevika/Documents/Codex/2026-08-16/files-pasted-by-the-user-read/work/btc_1m_binance_official/spot/monthly_aggtrades_zip/BTCUSDT-aggTrades-2018-02.zip,3f4e6c023fad49bef717cf976b643708d4025d557da98ba7b82a0ea953e0879c
E00103,primary,aggTrades,agg_trade,spot,2018-02-05,2018-02-05T20:00:00+00:00,2018-02-05T20:05:00+00:00,canonical_5m,2018-02-05T20:01:52.337000+00:00,11917583,6625.0,662500,0.150971,13323662,13323662,1,local_official_monthly_aggtrades,/Users/yeshevika/Documents/Codex/2026-08-16/files-pasted-by-the-user-read/work/btc_1m_binance_official/spot/monthly_aggtrades_zip/BTCUSDT-aggTrades-2018-02.zip,3f4e6c023fad49bef717cf976b643708d4025d557da98ba7b82a0ea953e0879c
E00103,primary,aggTrades,agg_trade,spot,2018-02-05,2018-02-05T20:00:00+00:00,2018-02-05T20:05:00+00:00,canonical_5m,2018-02-05T20:01:52.411000+00:00,11917584,6625.0,662500,0.047001,13323663,13323663,1,local_official_monthly_aggtrades,/Users/yeshevika/Documents/Codex/2026-08-16/files-pasted-by-the-user-read/work/btc_1m_binance_official/spot/monthly_aggtrades_zip/BTCUSDT-aggTrades-2018-02.zip,3f4e6c023fad49bef717cf976b643708d4025d557da98ba7b82a0ea953e0879c
E00103,primary,aggTrades,agg_trade,spot,2018-02-05,2018-02-05T20:00:00+00:00,2018-02-05T20:05:00+00:00,canonical_5m,2018-02-05T20:01:52.459000+00:00,11917585,6625.0,662500,0.151209,13323664,13323664,1,local_official_monthly_aggtrades,/Users/yeshevika/Documents/Codex/2026-08-16/files-pasted-by-the-user-read/work/btc_1m_binance_official/spot/monthly_aggtrades_zip/BTCUSDT-aggTrades-2018-02.zip,3f4e6c023fad49bef717cf976b643708d4025d557da98ba7b82a0ea953e0879c
E00103,primary,aggTrades,agg_trade,spot,2018-02-05,2018-02-05T20:00:00+00:00,2018-02-05T20:05:00+00:00,canonical_5m,2018-02-05T20:01:52.476000+00:00,11917586,6625.0,662500,0.151209,13323665,13323665,1,local_official_monthly_aggtrades,/Users/yeshevika/Documents/Codex/2026-08-16/files-pasted-by-the-user-read/work/btc_1m_binance_official/spot/monthly_aggtrades_zip/BTCUSDT-aggTrades-2018-02.zip,3f4e6c023fad49bef717cf976b643708d4025d557da98ba7b82a0ea953e0879c
E00103,primary,aggTrades,agg_trade,spot,2018-02-05,2018-02-05T20:00:00+00:00,2018-02-05T20:05:00+00:00,canonical_5m,2018-02-05T20:01:52.503000+00:00,11917587,6625.0,662500,0.075443,13323666,13323666,1,local_official_monthly_aggtrades,/Users/yeshevika/Documents/Codex/2026-08-16/files-pasted-by-the-user-read/work/btc_1m_binance_official/spot/monthly_aggtrades_zip/BTCUSDT-aggTrades-2018-02.zip,3f4e6c023fad49bef717cf976b643708d4025d557da98ba7b82a0ea953e0879c
E00103,primary,aggTrades,agg_trade,spot,2018-02-05,2018-02-05T20:00:00+00:00,2018-02-05T20:05:00+00:00,canonical_5m,2018-02-05T20:01:52.515000+00:00,11917588,6625.0,662500,0.047001,13323667,13323667,1,local_official_monthly_aggtrades,/Users/yeshevika/Documents/Codex/2026-08-16/files-pasted-by-the-user-read/work/btc_1m_binance_official/spot/monthly_aggtrades_zip/BTCUSDT-aggTrades-2018-02.zip,3f4e6c023fad49bef717cf976b643708d4025d557da98ba7b82a0ea953e0879c
E00103,primary,aggTrades,agg_trade,spot,2018-02-05,2018-02-05T20:00:00+00:00,2018-02-05T20:05:00+00:00,canonical_5m,2018-02-05T20:01:52.570000+00:00,11917592,6625.0,662500,0.075443,13323671,13323671,1,local_official_monthly_aggtrades,/Users/yeshevika/Documents/Codex/2026-08-16/files-pasted-by-the-user-read/work/btc_1m_binance_official/spot/monthly_aggtrades_zip/BTCUSDT-aggTrades-2018-02.zip,3f4e6c023fad49bef717cf976b643708d4025d557da98ba7b82a0ea953e0879c
E00103,primary,aggTrades,agg_trade,spot,2018-02-05,2018-02-05T20:00:00+00:00,2018-02-05T20:05:00+00:00,canonical_5m,2018-02-05T20:01:52.676000+00:00,11917593,6625.0,662500,0.047001,13323672,13323672,1,local_official_monthly_aggtrades,/Users/yeshevika/Documents/Codex/2026-08-16/files-pasted-by-the-user-read/work/btc_1m_binance_official/spot/monthly_aggtrades_zip/BTCUSDT-aggTrades-2018-02.zip,3f4e6c023fad49bef717cf976b643708d4025d557da98ba7b82a0ea953e0879c
E00103,primary,aggTrades,agg_trade,spot,2018-02-05,2018-02-05T20:00:00+00:00,2018-02-05T20:05:00+00:00,canonical_5m,2018-02-05T20:01:52.677000+00:00,11917594,6625.0,662500,0.151209,13323673,13323673,1,local_official_monthly_aggtrades,/Users/yeshevika/Documents/Codex/2026-08-16/files-pasted-by-the-user-read/work/btc_1m_binance_official/spot/monthly_aggtrades_zip/BTCUSDT-aggTrades-2018-02.zip,3f4e6c023fad49bef717cf976b643708d4025d557da98ba7b82a0ea953e0879c
E00103,primary,aggTrades,agg_trade,spot,2018-02-05,2018-02-05T20:00:00+00:00,2018-02-05T20:05:00+00:00,canonical_5m,2018-02-05T20:01:52.769000+00:00,11917596,6625.0,662500,0.215714,13323675,13323675,1,local_official_monthly_aggtrades,/Users/yeshevika/Documents/Codex/2026-08-16/files-pasted-by-the-user-read/work/btc_1m_binance_official/spot/monthly_aggtrades_zip/BTCUSDT-aggTrades-2018-02.zip,3f4e6c023fad49bef717cf976b643708d4025d557da98ba7b82a0ea953e0879c
E00103,primary,aggTrades,agg_trade,spot,2018-02-05,2018-02-05T20:00:00+00:00,2018-02-05T20:05:00+00:00,canonical_5m,2018-02-05T20:01:52.775000+00:00,11917597,6625.0,662500,0.039228,13323676,13323676,1,local_official_monthly_aggtrades,/Users/yeshevika/Documents/Codex/2026-08-16/files-pasted-by-the-user-read/work/btc_1m_binance_official/spot/monthly_aggtrades_zip/BTCUSDT-aggTrades-2018-02.zip,3f4e6c023fad49bef717cf976b643708d4025d557da98ba7b82a0ea953e0879c
E00103,primary,aggTrades,agg_trade,spot,2018-02-05,2018-02-05T20:00:00+00:00,2018-02-05T20:05:00+00:00,canonical_5m,2018-02-05T20:01:52.879000+00:00,11917600,6625.0,662500,0.049399,13323679,13323679,1,local_official_monthly_aggtrades,/Users/yeshevika/Documents/Codex/2026-08-16/files-pasted-by-the-user-read/work/btc_1m_binance_official/spot/monthly_aggtrades_zip/BTCUSDT-aggTrades-2018-02.zip,3f4e6c023fad49bef717cf976b643708d4025d557da98ba7b82a0ea953e0879c
E00103,primary,aggTrades,agg_trade,spot,2018-02-05,2018-02-05T20:00:00+00:00,2018-02-05T20:05:00+00:00,canonical_5m,2018-02-05T20:01:53.256000+00:00,11917601,6625.0,662500,0.052694,13323680,13323680,1,local_official_monthly_aggtrades,/Users/yeshevika/Documents/Codex/2026-08-16/files-pasted-by-the-user-read/work/btc_1m_binance_official/spot/monthly_aggtrades_zip/BTCUSDT-aggTrades-2018-02.zip,3f4e6c023fad49bef717cf976b643708d4025d557da98ba7b82a0ea953e0879c
E00103,primary,aggTrades,agg_trade,spot,2018-02-05,2018-02-05T20:00:00+00:00,2018-02-05T20:05:00+00:00,canonical_5m,2018-02-05T20:01:53.263000+00:00,11917602,6625.0,662500,0.052561,13323681,13323681,1,local_official_monthly_aggtrades,/Users/yeshevika/Documents/Codex/2026-08-16/files-pasted-by-the-user-read/work/btc_1m_binance_official/spot/monthly_aggtrades_zip/BTCUSDT-aggTrades-2018-02.zip,3f4e6c023fad49bef717cf976b643708d4025d557da98ba7b82a0ea953e0879c
E00103,primary,aggTrades,agg_trade,spot,2018-02-05,2018-02-05T20:00:00+00:00,2018-02-05T20:05:00+00:00,canonical_5m,2018-02-05T20:01:53.421000+00:00,11917603,6625.0,662500,0.386126,13323682,13323682,1,local_official_monthly_aggtrades,/Users/yeshevika/Documents/Codex/2026-08-16/files-pasted-by-the-user-read/work/btc_1m_binance_official/spot/monthly_aggtrades_zip/BTCUSDT-aggTrades-2018-02.zip,3f4e6c023fad49bef717cf976b643708d4025d557da98ba7b82a0ea953e0879c
E00103,primary,aggTrades,agg_trade,spot,2018-02-05,2018-02-05T20:00:00+00:00,2018-02-05T20:05:00+00:00,canonical_5m,2018-02-05T20:01:54.165000+00:00,11917604,6625.0,662500,0.07692,13323683,13323683,1,local_official_monthly_aggtrades,/Users/yeshevika/Documents/Codex/2026-08-16/files-pasted-by-the-user-read/work/btc_1m_binance_official/spot/monthly_aggtrades_zip/BTCUSDT-aggTrades-2018-02.zip,3f4e6c023fad49bef717cf976b643708d4025d557da98ba7b82a0ea953e0879c
E00103,primary,aggTrades,agg_trade,spot,2018-02-05,2018-02-05T20:00:00+00:00,2018-02-05T20:05:00+00:00,canonical_5m,2018-02-05T20:01:54.252000+00:00,11917606,6625.0,662500,0.130766,13323685,13323685,1,local_official_monthly_aggtrades,/Users/yeshevika/Documents/Codex/2026-08-16/files-pasted-by-the-user-read/work/btc_1m_binance_official/spot/monthly_aggtrades_zip/BTCUSDT-aggTrades-2018-02.zip,3f4e6c023fad49bef717cf976b643708d4025d557da98ba7b82a0ea953e0879c
E00107,primary,aggTrades,agg_trade,spot,2018-02-20,2018-02-20T22:25:00+00:00,2018-02-20T22:30:00+00:00,canonical_5m,2018-02-20T22:26:56.058000+00:00,17638597,11786.01,1178601,0.765463,20197914,20197914,1,local_official_monthly_aggtrades,/Users/yeshevika/Documents/Codex/2026-08-16/files-pasted-by-the-user-read/work/btc_1m_binance_official/spot/monthly_aggtrades_zip/BTCUSDT-aggTrades-2018-02.zip,3f4e6c023fad49bef717cf976b643708d4025d557da98ba7b82a0ea953e0879c
E00107,primary,aggTrades,agg_trade,spot,2018-02-20,2018-02-20T22:25:00+00:00,2018-02-20T22:30:00+00:00,canonical_5m,2018-02-20T22:26:56.240000+00:00,17638599,11786.01,1178601,0.01734,20197916,20197916,1,local_official_monthly_aggtrades,/Users/yeshevika/Documents/Codex/2026-08-16/files-pasted-by-the-user-read/work/btc_1m_binance_official/spot/monthly_aggtrades_zip/BTCUSDT-aggTrades-2018-02.zip,3f4e6c023fad49bef717cf976b643708d4025d557da98ba7b82a0ea953e0879c
E00107,primary,aggTrades,agg_trade,spot,2018-02-20,2018-02-20T22:25:00+00:00,2018-02-20T22:30:00+00:00,canonical_5m,2018-02-20T22:27:19.780000+00:00,17638661,11786.01,1178601,0.008889,20197997,20197997,1,local_official_monthly_aggtrades,/Users/yeshevika/Documents/Codex/2026-08-16/files-pasted-by-the-user-read/work/btc_1m_binance_official/spot/monthly_aggtrades_zip/BTCUSDT-aggTrades-2018-02.zip,3f4e6c023fad49bef717cf976b643708d4025d557da98ba7b82a0ea953e0879c
E00111,primary,aggTrades,agg_trade,spot,2018-02-25,2018-02-25T18:35:00+00:00,2018-02-25T18:40:00+00:00,canonical_5m,2018-02-25T18:35:02.744000+00:00,19434742,9274.8,927480,1.371505,22307184,22307184,1,local_official_monthly_aggtrades,/Users/yeshevika/Documents/Codex/2026-08-16/files-pasted-by-the-user-read/work/btc_1m_binance_official/spot/monthly_aggtrades_zip/BTCUSDT-aggTrades-2018-02.zip,3f4e6c023fad49bef717cf976b643708d4025d557da98ba7b82a0ea953e0879c
E00112,primary_fallback,trades,raw_trade,spot,2018-03-05,2018-03-05T20:20:00+00:00,2018-03-05T20:25:00+00:00,canonical_5m,2018-03-05T20:20:14.441000+00:00,24095576,11710.00000000,1171000,0.00100000,24095576,24095576,1,raw_fallback_missing_local_aggtrades,/Users/yeshevika/Documents/Codex/2026-08-16/files-pasted-by-the-user-read/work/candle and tick data/spot/ticks/official_daily_raw_trades_zip/2018/03.2018/BTCUSDT-trades-2018-03-05.zip,9d7ec178533aba18264c787a24acda53d55155fb598025e79599a1f67d109286
E00112,primary_fallback,trades,raw_trade,spot,2018-03-05,2018-03-05T20:20:00+00:00,2018-03-05T20:25:00+00:00,canonical_5m,2018-03-05T20:20:14.441000+00:00,24095577,11710.00000000,1171000,0.04047400,24095577,24095577,1,raw_fallback_missing_local_aggtrades,/Users/yeshevika/Documents/Codex/2026-08-16/files-pasted-by-the-user-read/work/candle and tick data/spot/ticks/official_daily_raw_trades_zip/2018/03.2018/BTCUSDT-trades-2018-03-05.zip,9d7ec178533aba18264c787a24acda53d55155fb598025e79599a1f67d109286
E00112,primary_fallback,trades,raw_trade,spot,2018-03-05,2018-03-05T20:20:00+00:00,2018-03-05T20:25:00+00:00,canonical_5m,2018-03-05T20:20:14.441000+00:00,24095578,11710.00000000,1171000,0.00400000,24095578,24095578,1,raw_fallback_missing_local_aggtrades,/Users/yeshevika/Documents/Codex/2026-08-16/files-pasted-by-the-user-read/work/candle and tick data/spot/ticks/official_daily_raw_trades_zip/2018/03.2018/BTCUSDT-trades-2018-03-05.zip,9d7ec178533aba18264c787a24acda53d55155fb598025e79599a1f67d109286
E00112,primary_fallback,trades,raw_trade,spot,2018-03-05,2018-03-05T20:20:00+00:00,2018-03-05T20:25:00+00:00,canonical_5m,2018-03-05T20:20:14.441000+00:00,24095579,11710.00000000,1171000,0.00578300,24095579,24095579,1,raw_fallback_missing_local_aggtrades,/Users/yeshevika/Documents/Codex/2026-08-16/files-pasted-by-the-user-read/work/candle and tick data/spot/ticks/official_daily_raw_trades_zip/2018/03.2018/BTCUSDT-trades-2018-03-05.zip,9d7ec178533aba18264c787a24acda53d55155fb598025e79599a1f67d109286
E00112,primary_fallback,trades,raw_trade,spot,2018-03-05,2018-03-05T20:20:00+00:00,2018-03-05T20:25:00+00:00,canonical_5m,2018-03-05T20:20:14.441000+00:00,24095580,11710.00000000,1171000,0.00735900,24095580,24095580,1,raw_fallback_missing_local_aggtrades,/Users/yeshevika/Documents/Codex/2026-08-16/files-pasted-by-the-user-read/work/candle and tick data/spot/ticks/official_daily_raw_trades_zip/2018/03.2018/BTCUSDT-trades-2018-03-05.zip,9d7ec178533aba18264c787a24acda53d55155fb598025e79599a1f67d109286
E00112,primary_fallback,trades,raw_trade,spot,2018-03-05,2018-03-05T20:20:00+00:00,2018-03-05T20:25:00+00:00,canonical_5m,2018-03-05T20:20:14.441000+00:00,24095581,11710.00000000,1171000,0.18195600,24095581,24095581,1,raw_fallback_missing_local_aggtrades,/Users/yeshevika/Documents/Codex/2026-08-16/files-pasted-by-the-user-read/work/candle and tick data/spot/ticks/official_daily_raw_trades_zip/2018/03.2018/BTCUSDT-trades-2018-03-05.zip,9d7ec178533aba18264c787a24acda53d55155fb598025e79599a1f67d109286
E00112,primary_fallback,trades,raw_trade,spot,2018-03-05,2018-03-05T20:20:00+00:00,2018-03-05T20:25:00+00:00,canonical_5m,2018-03-05T20:20:16.455000+00:00,24095583,11710.00000000,1171000,0.08880300,24095583,24095583,1,raw_fallback_missing_local_aggtrades,/Users/yeshevika/Documents/Codex/2026-08-16/files-pasted-by-the-user-read/work/candle and tick data/spot/ticks/official_daily_raw_trades_zip/2018/03.2018/BTCUSDT-trades-2018-03-05.zip,9d7ec178533aba18264c787a24acda53d55155fb598025e79599a1f67d109286
E00112,primary_fallback,trades,raw_trade,spot,2018-03-05,2018-03-05T20:20:00+00:00,2018-03-05T20:25:00+00:00,canonical_5m,2018-03-05T20:20:18.536000+00:00,24095591,11710.00000000,1171000,0.05998900,24095591,24095591,1,raw_fallback_missing_local_aggtrades,/Users/yeshevika/Documents/Codex/2026-08-16/files-pasted-by-the-user-read/work/candle and tick data/spot/ticks/official_daily_raw_trades_zip/2018/03.2018/BTCUSDT-trades-2018-03-05.zip,9d7ec178533aba18264c787a24acda53d55155fb598025e79599a1f67d109286
E00112,primary_fallback,trades,raw_trade,spot,2018-03-05,2018-03-05T20:20:00+00:00,2018-03-05T20:25:00+00:00,canonical_5m,2018-03-05T20:20:19.839000+00:00,24095595,11710.00000000,1171000,0.01769100,24095595,24095595,1,raw_fallback_missing_local_aggtrades,/Users/yeshevika/Documents/Codex/2026-08-16/files-pasted-by-the-user-read/work/candle and tick data/spot/ticks/official_daily_raw_trades_zip/2018/03.2018/BTCUSDT-trades-2018-03-05.zip,9d7ec178533aba18264c787a24acda53d55155fb598025e79599a1f67d109286
E00112,primary_fallback,trades,raw_trade,spot,2018-03-05,2018-03-05T20:20:00+00:00,2018-03-05T20:25:00+00:00,canonical_5m,2018-03-05T20:20:21.380000+00:00,24095600,11710.00000000,1171000,0.04113900,24095600,24095600,1,raw_fallback_missing_local_aggtrades,/Users/yeshevika/Documents/Codex/2026-08-16/files-pasted-by-the-user-read/work/candle and tick data/spot/ticks/official_daily_raw_trades_zip/2018/03.2018/BTCUSDT-trades-2018-03-05.zip,9d7ec178533aba18264c787a24acda53d55155fb598025e79599a1f67d109286
E00112,primary_fallback,trades,raw_trade,spot,2018-03-05,2018-03-05T20:20:00+00:00,2018-03-05T20:25:00+00:00,canonical_5m,2018-03-05T20:20:21.381000+00:00,24095601,11710.00000000,1171000,0.00190300,24095601,24095601,1,raw_fallback_missing_local_aggtrades,/Users/yeshevika/Documents/Codex/2026-08-16/files-pasted-by-the-user-read/work/candle and tick data/spot/ticks/official_daily_raw_trades_zip/2018/03.2018/BTCUSDT-trades-2018-03-05.zip,9d7ec178533aba18264c787a24acda53d55155fb598025e79599a1f67d109286
E00112,primary_fallback,trades,raw_trade,spot,2018-03-05,2018-03-05T20:20:00+00:00,2018-03-05T20:25:00+00:00,canonical_5m,2018-03-05T20:20:22.356000+00:00,24095604,11710.00000000,1171000,0.10851900,24095604,24095604,1,raw_fallback_missing_local_aggtrades,/Users/yeshevika/Documents/Codex/2026-08-16/files-pasted-by-the-user-read/work/candle and tick data/spot/ticks/official_daily_raw_trades_zip/2018/03.2018/BTCUSDT-trades-2018-03-05.zip,9d7ec178533aba18264c787a24acda53d55155fb598025e79599a1f67d109286
E00112,primary_fallback,trades,raw_trade,spot,2018-03-05,2018-03-05T20:20:00+00:00,2018-03-05T20:25:00+00:00,canonical_5m,2018-03-05T20:20:22.356000+00:00,24095605,11710.00000000,1171000,0.01153300,24095605,24095605,1,raw_fallback_missing_local_aggtrades,/Users/yeshevika/Documents/Codex/2026-08-16/files-pasted-by-the-user-read/work/candle and tick data/spot/ticks/official_daily_raw_trades_zip/2018/03.2018/BTCUSDT-trades-2018-03-05.zip,9d7ec178533aba18264c787a24acda53d55155fb598025e79599a1f67d109286
E00112,primary_fallback,trades,raw_trade,spot,2018-03-05,2018-03-05T20:20:00+00:00,2018-03-05T20:25:00+00:00,canonical_5m,2018-03-05T20:20:22.356000+00:00,24095606,11710.00000000,1171000,0.10201400,24095606,24095606,1,raw_fallback_missing_local_aggtrades,/Users/yeshevika/Documents/Codex/2026-08-16/files-pasted-by-the-user-read/work/candle and tick data/spot/ticks/official_daily_raw_trades_zip/2018/03.2018/BTCUSDT-trades-2018-03-05.zip,9d7ec178533aba18264c787a24acda53d55155fb598025e79599a1f67d109286
E00112,primary_fallback,trades,raw_trade,spot,2018-03-05,2018-03-05T20:20:00+00:00,2018-03-05T20:25:00+00:00,canonical_5m,2018-03-05T20:20:22.356000+00:00,24095607,11710.00000000,1171000,0.00091400,24095607,24095607,1,raw_fallback_missing_local_aggtrades,/Users/yeshevika/Documents/Codex/2026-08-16/files-pasted-by-the-user-read/work/candle and tick data/spot/ticks/official_daily_raw_trades_zip/2018/03.2018/BTCUSDT-trades-2018-03-05.zip,9d7ec178533aba18264c787a24acda53d55155fb598025e79599a1f67d109286
E00112,primary_fallback,trades,raw_trade,spot,2018-03-05,2018-03-05T20:20:00+00:00,2018-03-05T20:25:00+00:00,canonical_5m,2018-03-05T20:20:23.895000+00:00,24095613,11710.00000000,1171000,0.30841900,24095613,24095613,1,raw_fallback_missing_local_aggtrades,/Users/yeshevika/Documents/Codex/2026-08-16/files-pasted-by-the-user-read/work/candle and tick data/spot/ticks/official_daily_raw_trades_zip/2018/03.2018/BTCUSDT-trades-2018-03-05.zip,9d7ec178533aba18264c787a24acda53d55155fb598025e79599a1f67d109286
E00112,primary_fallback,trades,raw_trade,spot,2018-03-05,2018-03-05T20:20:00+00:00,2018-03-05T20:25:00+00:00,canonical_5m,2018-03-05T20:20:23.895000+00:00,24095614,11710.00000000,1171000,0.73681500,24095614,24095614,1,raw_fallback_missing_local_aggtrades,/Users/yeshevika/Documents/Codex/2026-08-16/files-pasted-by-the-user-read/work/candle and tick data/spot/ticks/official_daily_raw_trades_zip/2018/03.2018/BTCUSDT-trades-2018-03-05.zip,9d7ec178533aba18264c787a24acda53d55155fb598025e79599a1f67d109286
E00112,primary_fallback,trades,raw_trade,spot,2018-03-05,2018-03-05T20:20:00+00:00,2018-03-05T20:25:00+00:00,canonical_5m,2018-03-05T20:20:23.895000+00:00,24095615,11710.00000000,1171000,0.02313200,24095615,24095615,1,raw_fallback_missing_local_aggtrades,/Users/yeshevika/Documents/Codex/2026-08-16/files-pasted-by-the-user-read/work/candle and tick data/spot/ticks/official_daily_raw_trades_zip/2018/03.2018/BTCUSDT-trades-2018-03-05.zip,9d7ec178533aba18264c787a24acda53d55155fb598025e79599a1f67d109286
E00112,primary_fallback,trades,raw_trade,spot,2018-03-05,2018-03-05T20:20:00+00:00,2018-03-05T20:25:00+00:00,canonical_5m,2018-03-05T20:20:23.895000+00:00,24095616,11710.00000000,1171000,0.16345000,24095616,24095616,1,raw_fallback_missing_local_aggtrades,/Users/yeshevika/Documents/Codex/2026-08-16/files-pasted-by-the-user-read/work/candle and tick data/spot/ticks/official_daily_raw_trades_zip/2018/03.2018/BTCUSDT-trades-2018-03-05.zip,9d7ec178533aba18264c787a24acda53d55155fb598025e79599a1f67d109286
E00112,primary_fallback,trades,raw_trade,spot,2018-03-05,2018-03-05T20:20:00+00:00,2018-03-05T20:25:00+00:00,canonical_5m,2018-03-05T20:20:25.531000+00:00,24095620,11710.00000000,1171000,0.00137000,24095620,24095620,1,raw_fallback_missing_local_aggtrades,/Users/yeshevika/Documents/Codex/2026-08-16/files-pasted-by-the-user-read/work/candle and tick data/spot/ticks/official_daily_raw_trades_zip/2018/03.2018/BTCUSDT-trades-2018-03-05.zip,9d7ec178533aba18264c787a24acda53d55155fb598025e79599a1f67d109286
E00112,primary_fallback,trades,raw_trade,spot,2018-03-05,2018-03-05T20:20:00+00:00,2018-03-05T20:25:00+00:00,canonical_5m,2018-03-05T20:20:25.535000+00:00,24095621,11710.00000000,1171000,0.02622600,24095621,24095621,1,raw_fallback_missing_local_aggtrades,/Users/yeshevika/Documents/Codex/2026-08-16/files-pasted-by-the-user-read/work/candle and tick data/spot/ticks/official_daily_raw_trades_zip/2018/03.2018/BTCUSDT-trades-2018-03-05.zip,9d7ec178533aba18264c787a24acda53d55155fb598025e79599a1f67d109286
E00112,primary_fallback,trades,raw_trade,spot,2018-03-05,2018-03-05T20:20:00+00:00,2018-03-05T20:25:00+00:00,canonical_5m,2018-03-05T20:20:25.535000+00:00,24095622,11710.00000000,1171000,0.00085800,24095622,24095622,1,raw_fallback_missing_local_aggtrades,/Users/yeshevika/Documents/Codex/2026-08-16/files-pasted-by-the-user-read/work/candle and tick data/spot/ticks/official_daily_raw_trades_zip/2018/03.2018/BTCUSDT-trades-2018-03-05.zip,9d7ec178533aba18264c787a24acda53d55155fb598025e79599a1f67d109286
E00112,primary_fallback,trades,raw_trade,spot,2018-03-05,2018-03-05T20:20:00+00:00,2018-03-05T20:25:00+00:00,canonical_5m,2018-03-05T20:20:25.535000+00:00,24095623,11710.00000000,1171000,0.00836500,24095623,24095623,1,raw_fallback_missing_local_aggtrades,/Users/yeshevika/Documents/Codex/2026-08-16/files-pasted-by-the-user-read/work/candle and tick data/spot/ticks/official_daily_raw_trades_zip/2018/03.2018/BTCUSDT-trades-2018-03-05.zip,9d7ec178533aba18264c787a24acda53d55155fb598025e79599a1f67d109286
E00112,primary_fallback,trades,raw_trade,spot,2018-03-05,2018-03-05T20:20:00+00:00,2018-03-05T20:25:00+00:00,canonical_5m,2018-03-05T20:20:25.535000+00:00,24095624,11710.00000000,1171000,0.01881800,24095624,24095624,1,raw_fallback_missing_local_aggtrades,/Users/yeshevika/Documents/Codex/2026-08-16/files-pasted-by-the-user-read/work/candle and tick data/spot/ticks/official_daily_raw_trades_zip/2018/03.2018/BTCUSDT-trades-2018-03-05.zip,9d7ec178533aba18264c787a24acda53d55155fb598025e79599a1f67d109286
E00112,primary_fallback,trades,raw_trade,spot,2018-03-05,2018-03-05T20:20:00+00:00,2018-03-05T20:25:00+00:00,canonical_5m,2018-03-05T20:20:25.535000+00:00,24095625,11710.00000000,1171000,0.01537100,24095625,24095625,1,raw_fallback_missing_local_aggtrades,/Users/yeshevika/Documents/Codex/2026-08-16/files-pasted-by-the-user-read/work/candle and tick data/spot/ticks/official_daily_raw_trades_zip/2018/03.2018/BTCUSDT-trades-2018-03-05.zip,9d7ec178533aba18264c787a24acda53d55155fb598025e79599a1f67d109286
E00112,primary_fallback,trades,raw_trade,spot,2018-03-05,2018-03-05T20:20:00+00:00,2018-03-05T20:25:00+00:00,canonical_5m,2018-03-05T20:20:25.535000+00:00,24095626,11710.00000000,1171000,0.00128000,24095626,24095626,1,raw_fallback_missing_local_aggtrades,/Users/yeshevika/Documents/Codex/2026-08-16/files-pasted-by-the-user-read/work/candle and tick data/spot/ticks/official_daily_raw_trades_zip/2018/03.2018/BTCUSDT-trades-2018-03-05.zip,9d7ec178533aba18264c787a24acda53d55155fb598025e79599a1f67d109286
E00112,primary_fallback,trades,raw_trade,spot,2018-03-05,2018-03-05T20:20:00+00:00,2018-03-05T20:25:00+00:00,canonical_5m,2018-03-05T20:20:25.535000+00:00,24095627,11710.00000000,1171000,0.00386400,24095627,24095627,1,raw_fallback_missing_local_aggtrades,/Users/yeshevika/Documents/Codex/2026-08-16/files-pasted-by-the-user-read/work/candle and tick data/spot/ticks/official_daily_raw_trades_zip/2018/03.2018/BTCUSDT-trades-2018-03-05.zip,9d7ec178533aba18264c787a24acda53d55155fb598025e79599a1f67d109286
E00112,primary_fallback,trades,raw_trade,spot,2018-03-05,2018-03-05T20:20:00+00:00,2018-03-05T20:25:00+00:00,canonical_5m,2018-03-05T20:20:25.535000+00:00,24095628,11710.00000000,1171000,0.01000000,24095628,24095628,1,raw_fallback_missing_local_aggtrades,/Users/yeshevika/Documents/Codex/2026-08-16/files-pasted-by-the-user-read/work/candle and tick data/spot/ticks/official_daily_raw_trades_zip/2018/03.2018/BTCUSDT-trades-2018-03-05.zip,9d7ec178533aba18264c787a24acda53d55155fb598025e79599a1f67d109286
E00112,primary_fallback,trades,raw_trade,spot,2018-03-05,2018-03-05T20:20:00+00:00,2018-03-05T20:25:00+00:00,canonical_5m,2018-03-05T20:20:25.535000+00:00,24095629,11710.00000000,1171000,0.00944600,24095629,24095629,1,raw_fallback_missing_local_aggtrades,/Users/yeshevika/Documents/Codex/2026-08-16/files-pasted-by-the-user-read/work/candle and tick data/spot/ticks/official_daily_raw_trades_zip/2018/03.2018/BTCUSDT-trades-2018-03-05.zip,9d7ec178533aba18264c787a24acda53d55155fb598025e79599a1f67d109286
E00112,primary_fallback,trades,raw_trade,spot,2018-03-05,2018-03-05T20:20:00+00:00,2018-03-05T20:25:00+00:00,canonical_5m,2018-03-05T20:20:25.535000+00:00,24095630,11710.00000000,1171000,0.07302100,24095630,24095630,1,raw_fallback_missing_local_aggtrades,/Users/yeshevika/Documents/Codex/2026-08-16/files-pasted-by-the-user-read/work/candle and tick data/spot/ticks/official_daily_raw_trades_zip/2018/03.2018/BTCUSDT-trades-2018-03-05.zip,9d7ec178533aba18264c787a24acda53d55155fb598025e79599a1f67d109286
E00112,primary_fallback,trades,raw_trade,spot,2018-03-05,2018-03-05T20:20:00+00:00,2018-03-05T20:25:00+00:00,canonical_5m,2018-03-05T20:20:25.651000+00:00,24095631,11710.00000000,1171000,0.00160000,24095631,24095631,1,raw_fallback_missing_local_aggtrades,/Users/yeshevika/Documents/Codex/2026-08-16/files-pasted-by-the-user-read/work/candle and tick data/spot/ticks/official_daily_raw_trades_zip/2018/03.2018/BTCUSDT-trades-2018-03-05.zip,9d7ec178533aba18264c787a24acda53d55155fb598025e79599a1f67d109286
E00112,primary_fallback,trades,raw_trade,spot,2018-03-05,2018-03-05T20:20:00+00:00,2018-03-05T20:25:00+00:00,canonical_5m,2018-03-05T20:20:25.955000+00:00,24095632,11710.00000000,1171000,0.00939800,24095632,24095632,1,raw_fallback_missing_local_aggtrades,/Users/yeshevika/Documents/Codex/2026-08-16/files-pasted-by-the-user-read/work/candle and tick data/spot/ticks/official_daily_raw_trades_zip/2018/03.2018/BTCUSDT-trades-2018-03-05.zip,9d7ec178533aba18264c787a24acda53d55155fb598025e79599a1f67d109286
E00112,primary_fallback,trades,raw_trade,spot,2018-03-05,2018-03-05T20:20:00+00:00,2018-03-05T20:25:00+00:00,canonical_5m,2018-03-05T20:20:29.860000+00:00,24095644,11710.00000000,1171000,0.01619400,24095644,24095644,1,raw_fallback_missing_local_aggtrades,/Users/yeshevika/Documents/Codex/2026-08-16/files-pasted-by-the-user-read/work/candle and tick data/spot/ticks/official_daily_raw_trades_zip/2018/03.2018/BTCUSDT-trades-2018-03-05.zip,9d7ec178533aba18264c787a24acda53d55155fb598025e79599a1f67d109286
E00112,primary_fallback,trades,raw_trade,spot,2018-03-05,2018-03-05T20:20:00+00:00,2018-03-05T20:25:00+00:00,canonical_5m,2018-03-05T20:20:29.860000+00:00,24095645,11710.00000000,1171000,0.10000000,24095645,24095645,1,raw_fallback_missing_local_aggtrades,/Users/yeshevika/Documents/Codex/2026-08-16/files-pasted-by-the-user-read/work/candle and tick data/spot/ticks/official_daily_raw_trades_zip/2018/03.2018/BTCUSDT-trades-2018-03-05.zip,9d7ec178533aba18264c787a24acda53d55155fb598025e79599a1f67d109286
E00112,primary_fallback,trades,raw_trade,spot,2018-03-05,2018-03-05T20:20:00+00:00,2018-03-05T20:25:00+00:00,canonical_5m,2018-03-05T20:20:29.860000+00:00,24095646,11710.00000000,1171000,1.00000000,24095646,24095646,1,raw_fallback_missing_local_aggtrades,/Users/yeshevika/Documents/Codex/2026-08-16/files-pasted-by-the-user-read/work/candle and tick data/spot/ticks/official_daily_raw_trades_zip/2018/03.2018/BTCUSDT-trades-2018-03-05.zip,9d7ec178533aba18264c787a24acda53d55155fb598025e79599a1f67d109286
E00112,primary_fallback,trades,raw_trade,spot,2018-03-05,2018-03-05T20:20:00+00:00,2018-03-05T20:25:00+00:00,canonical_5m,2018-03-05T20:20:29.860000+00:00,24095647,11710.00000000,1171000,0.02918600,24095647,24095647,1,raw_fallback_missing_local_aggtrades,/Users/yeshevika/Documents/Codex/2026-08-16/files-pasted-by-the-user-read/work/candle and tick data/spot/ticks/official_daily_raw_trades_zip/2018/03.2018/BTCUSDT-trades-2018-03-05.zip,9d7ec178533aba18264c787a24acda53d55155fb598025e79599a1f67d109286
E00112,primary_fallback,trades,raw_trade,spot,2018-03-05,2018-03-05T20:20:00+00:00,2018-03-05T20:25:00+00:00,canonical_5m,2018-03-05T20:20:31.505000+00:00,24095650,11710.00000000,1171000,0.00214000,24095650,24095650,1,raw_fallback_missing_local_aggtrades,/Users/yeshevika/Documents/Codex/2026-08-16/files-pasted-by-the-user-read/work/candle and tick data/spot/ticks/official_daily_raw_trades_zip/2018/03.2018/BTCUSDT-trades-2018-03-05.zip,9d7ec178533aba18264c787a24acda53d55155fb598025e79599a1f67d109286
E00112,primary_fallback,trades,raw_trade,spot,2018-03-05,2018-03-05T20:20:00+00:00,2018-03-05T20:25:00+00:00,canonical_5m,2018-03-05T20:20:34.750000+00:00,24095657,11710.00000000,1171000,0.00245000,24095657,24095657,1,raw_fallback_missing_local_aggtrades,/Users/yeshevika/Documents/Codex/2026-08-16/files-pasted-by-the-user-read/work/candle and tick data/spot/ticks/official_daily_raw_trades_zip/2018/03.2018/BTCUSDT-trades-2018-03-05.zip,9d7ec178533aba18264c787a24acda53d55155fb598025e79599a1f67d109286
E00112,primary_fallback,trades,raw_trade,spot,2018-03-05,2018-03-05T20:20:00+00:00,2018-03-05T20:25:00+00:00,canonical_5m,2018-03-05T20:20:35.194000+00:00,24095658,11710.00000000,1171000,0.00165600,24095658,24095658,1,raw_fallback_missing_local_aggtrades,/Users/yeshevika/Documents/Codex/2026-08-16/files-pasted-by-the-user-read/work/candle and tick data/spot/ticks/official_daily_raw_trades_zip/2018/03.2018/BTCUSDT-trades-2018-03-05.zip,9d7ec178533aba18264c787a24acda53d55155fb598025e79599a1f67d109286
E00112,primary_fallback,trades,raw_trade,spot,2018-03-05,2018-03-05T20:20:00+00:00,2018-03-05T20:25:00+00:00,canonical_5m,2018-03-05T20:20:35.502000+00:00,24095659,11710.00000000,1171000,0.01938200,24095659,24095659,1,raw_fallback_missing_local_aggtrades,/Users/yeshevika/Documents/Codex/2026-08-16/files-pasted-by-the-user-read/work/candle and tick data/spot/ticks/official_daily_raw_trades_zip/2018/03.2018/BTCUSDT-trades-2018-03-05.zip,9d7ec178533aba18264c787a24acda53d55155fb598025e79599a1f67d109286
E00112,primary_fallback,trades,raw_trade,spot,2018-03-05,2018-03-05T20:20:00+00:00,2018-03-05T20:25:00+00:00,canonical_5m,2018-03-05T20:20:35.926000+00:00,24095660,11710.00000000,1171000,0.04728500,24095660,24095660,1,raw_fallback_missing_local_aggtrades,/Users/yeshevika/Documents/Codex/2026-08-16/files-pasted-by-the-user-read/work/candle and tick data/spot/ticks/official_daily_raw_trades_zip/2018/03.2018/BTCUSDT-trades-2018-03-05.zip,9d7ec178533aba18264c787a24acda53d55155fb598025e79599a1f67d109286
E00118,primary_fallback,trades,raw_trade,spot,2018-03-18,2018-03-18T14:30:00+00:00,2018-03-18T14:35:00+00:00,canonical_5m,2018-03-18T14:33:17.037000+00:00,28409571,7322.00000000,732200,0.34816800,28409571,28409571,1,raw_fallback_missing_local_aggtrades,/Users/yeshevika/Documents/Codex/2026-08-16/files-pasted-by-the-user-read/work/candle and tick data/spot/ticks/official_daily_raw_trades_zip/2018/03.2018/BTCUSDT-trades-2018-03-18.zip,02626565f0c0bd76d85543cac6e7c0e41aa2a25caaa51cd722d0607cd2acc757
E00118,primary_fallback,trades,raw_trade,spot,2018-03-18,2018-03-18T14:30:00+00:00,2018-03-18T14:35:00+00:00,canonical_5m,2018-03-18T14:33:17.382000+00:00,28409577,7322.00000000,732200,0.72665400,28409577,28409577,1,raw_fallback_missing_local_aggtrades,/Users/yeshevika/Documents/Codex/2026-08-16/files-pasted-by-the-user-read/work/candle and tick data/spot/ticks/official_daily_raw_trades_zip/2018/03.2018/BTCUSDT-trades-2018-03-18.zip,02626565f0c0bd76d85543cac6e7c0e41aa2a25caaa51cd722d0607cd2acc757
E00118,primary_fallback,trades,raw_trade,spot,2018-03-18,2018-03-18T14:30:00+00:00,2018-03-18T14:35:00+00:00,canonical_5m,2018-03-18T14:33:17.466000+00:00,28409579,7322.00000000,732200,0.04784400,28409579,28409579,1,raw_fallback_missing_local_aggtrades,/Users/yeshevika/Documents/Codex/2026-08-16/files-pasted-by-the-user-read/work/candle and tick data/spot/ticks/official_daily_raw_trades_zip/2018/03.2018/BTCUSDT-trades-2018-03-18.zip,02626565f0c0bd76d85543cac6e7c0e41aa2a25caaa51cd722d0607cd2acc757
E00118,primary_fallback,trades,raw_trade,spot,2018-03-18,2018-03-18T14:30:00+00:00,2018-03-18T14:35:00+00:00,canonical_5m,2018-03-18T14:33:19.107000+00:00,28409596,7322.00000000,732200,0.01406300,28409596,28409596,1,raw_fallback_missing_local_aggtrades,/Users/yeshevika/Documents/Codex/2026-08-16/files-pasted-by-the-user-read/work/candle and tick data/spot/ticks/official_daily_raw_trades_zip/2018/03.2018/BTCUSDT-trades-2018-03-18.zip,02626565f0c0bd76d85543cac6e7c0e41aa2a25caaa51cd722d0607cd2acc757
E00118,primary_fallback,trades,raw_trade,spot,2018-03-18,2018-03-18T14:30:00+00:00,2018-03-18T14:35:00+00:00,canonical_5m,2018-03-18T14:33:19.151000+00:00,28409597,7322.00000000,732200,0.07902700,28409597,28409597,1,raw_fallback_missing_local_aggtrades,/Users/yeshevika/Documents/Codex/2026-08-16/files-pasted-by-the-user-read/work/candle and tick data/spot/ticks/official_daily_raw_trades_zip/2018/03.2018/BTCUSDT-trades-2018-03-18.zip,02626565f0c0bd76d85543cac6e7c0e41aa2a25caaa51cd722d0607cd2acc757
E00118,primary_fallback,trades,raw_trade,spot,2018-03-18,2018-03-18T14:30:00+00:00,2018-03-18T14:35:00+00:00,canonical_5m,2018-03-18T14:33:19.767000+00:00,28409605,7322.00000000,732200,0.00991700,28409605,28409605,1,raw_fallback_missing_local_aggtrades,/Users/yeshevika/Documents/Codex/2026-08-16/files-pasted-by-the-user-read/work/candle and tick data/spot/ticks/official_daily_raw_trades_zip/2018/03.2018/BTCUSDT-trades-2018-03-18.zip,02626565f0c0bd76d85543cac6e7c0e41aa2a25caaa51cd722d0607cd2acc757
E00118,primary_fallback,trades,raw_trade,spot,2018-03-18,2018-03-18T14:30:00+00:00,2018-03-18T14:35:00+00:00,canonical_5m,2018-03-18T14:33:22.627000+00:00,28409646,7322.00000000,732200,0.79276100,28409646,28409646,1,raw_fallback_missing_local_aggtrades,/Users/yeshevika/Documents/Codex/2026-08-16/files-pasted-by-the-user-read/work/candle and tick data/spot/ticks/official_daily_raw_trades_zip/2018/03.2018/BTCUSDT-trades-2018-03-18.zip,02626565f0c0bd76d85543cac6e7c0e41aa2a25caaa51cd722d0607cd2acc757
E00118,primary_fallback,trades,raw_trade,spot,2018-03-18,2018-03-18T14:30:00+00:00,2018-03-18T14:35:00+00:00,canonical_5m,2018-03-18T14:33:25.579000+00:00,28409710,7322.00000000,732200,0.17007600,28409710,28409710,1,raw_fallback_missing_local_aggtrades,/Users/yeshevika/Documents/Codex/2026-08-16/files-pasted-by-the-user-read/work/candle and tick data/spot/ticks/official_daily_raw_trades_zip/2018/03.2018/BTCUSDT-trades-2018-03-18.zip,02626565f0c0bd76d85543cac6e7c0e41aa2a25caaa51cd722d0607cd2acc757
E00118,primary_fallback,trades,raw_trade,spot,2018-03-18,2018-03-18T14:30:00+00:00,2018-03-18T14:35:00+00:00,canonical_5m,2018-03-18T14:33:26.214000+00:00,28409738,7322.00000000,732200,0.30200400,28409738,28409738,1,raw_fallback_missing_local_aggtrades,/Users/yeshevika/Documents/Codex/2026-08-16/files-pasted-by-the-user-read/work/candle and tick data/spot/ticks/official_daily_raw_trades_zip/2018/03.2018/BTCUSDT-trades-2018-03-18.zip,02626565f0c0bd76d85543cac6e7c0e41aa2a25caaa51cd722d0607cd2acc757
E00118,primary_fallback,trades,raw_trade,spot,2018-03-18,2018-03-18T14:30:00+00:00,2018-03-18T14:35:00+00:00,canonical_5m,2018-03-18T14:33:26.435000+00:00,28409751,7322.00000000,732200,0.36042900,28409751,28409751,1,raw_fallback_missing_local_aggtrades,/Users/yeshevika/Documents/Codex/2026-08-16/files-pasted-by-the-user-read/work/candle and tick data/spot/ticks/official_daily_raw_trades_zip/2018/03.2018/BTCUSDT-trades-2018-03-18.zip,02626565f0c0bd76d85543cac6e7c0e41aa2a25caaa51cd722d0607cd2acc757
E00118,primary_fallback,trades,raw_trade,spot,2018-03-18,2018-03-18T14:30:00+00:00,2018-03-18T14:35:00+00:00,canonical_5m,2018-03-18T14:33:29.197000+00:00,28409796,7322.00000000,732200,0.06832000,28409796,28409796,1,raw_fallback_missing_local_aggtrades,/Users/yeshevika/Documents/Codex/2026-08-16/files-pasted-by-the-user-read/work/candle and tick data/spot/ticks/official_daily_raw_trades_zip/2018/03.2018/BTCUSDT-trades-2018-03-18.zip,02626565f0c0bd76d85543cac6e7c0e41aa2a25caaa51cd722d0607cd2acc757
E00118,primary_fallback,trades,raw_trade,spot,2018-03-18,2018-03-18T14:30:00+00:00,2018-03-18T14:35:00+00:00,canonical_5m,2018-03-18T14:33:29.521000+00:00,28409801,7322.00000000,732200,0.08073700,28409801,28409801,1,raw_fallback_missing_local_aggtrades,/Users/yeshevika/Documents/Codex/2026-08-16/files-pasted-by-the-user-read/work/candle and tick data/spot/ticks/official_daily_raw_trades_zip/2018/03.2018/BTCUSDT-trades-2018-03-18.zip,02626565f0c0bd76d85543cac6e7c0e41aa2a25caaa51cd722d0607cd2acc757
E00118,primary_fallback,trades,raw_trade,spot,2018-03-18,2018-03-18T14:30:00+00:00,2018-03-18T14:35:00+00:00,canonical_5m,2018-03-18T14:33:29.521000+00:00,28409802,7322.00000000,732200,0.03727500,28409802,28409802,1,raw_fallback_missing_local_aggtrades,/Users/yeshevika/Documents/Codex/2026-08-16/files-pasted-by-the-user-read/work/candle and tick data/spot/ticks/official_daily_raw_trades_zip/2018/03.2018/BTCUSDT-trades-2018-03-18.zip,02626565f0c0bd76d85543cac6e7c0e41aa2a25caaa51cd722d0607cd2acc757
E00118,primary_fallback,trades,raw_trade,spot,2018-03-18,2018-03-18T14:30:00+00:00,2018-03-18T14:35:00+00:00,canonical_5m,2018-03-18T14:33:29.521000+00:00,28409803,7322.00000000,732200,0.01427200,28409803,28409803,1,raw_fallback_missing_local_aggtrades,/Users/yeshevika/Documents/Codex/2026-08-16/files-pasted-by-the-user-read/work/candle and tick data/spot/ticks/official_daily_raw_trades_zip/2018/03.2018/BTCUSDT-trades-2018-03-18.zip,02626565f0c0bd76d85543cac6e7c0e41aa2a25caaa51cd722d0607cd2acc757
E00118,primary_fallback,trades,raw_trade,spot,2018-03-18,2018-03-18T14:30:00+00:00,2018-03-18T14:35:00+00:00,canonical_5m,2018-03-18T14:33:29.521000+00:00,28409804,7322.00000000,732200,0.33378200,28409804,28409804,1,raw_fallback_missing_local_aggtrades,/Users/yeshevika/Documents/Codex/2026-08-16/files-pasted-by-the-user-read/work/candle and tick data/spot/ticks/official_daily_raw_trades_zip/2018/03.2018/BTCUSDT-trades-2018-03-18.zip,02626565f0c0bd76d85543cac6e7c0e41aa2a25caaa51cd722d0607cd2acc757
E00119,primary_fallback,trades,raw_trade,spot,2018-03-21,2018-03-21T15:20:00+00:00,2018-03-21T15:25:00+00:00,canonical_5m,2018-03-21T15:22:08.206000+00:00,29463528,9177.01000000,917701,0.14706700,29463528,29463528,1,raw_fallback_missing_local_aggtrades,/Users/yeshevika/Documents/Codex/2026-08-16/files-pasted-by-the-user-read/work/candle and tick data/spot/ticks/official_daily_raw_trades_zip/2018/03.2018/BTCUSDT-trades-2018-03-21.zip,f7ac59cf27dc514a5b6f0d0038e8503b52b133ddd1dfa14ec03bf509544ba8a3
E00122,primary_fallback,trades,raw_trade,spot,2018-04-01,2018-04-01T14:30:00+00:00,2018-04-01T14:35:00+00:00,canonical_5m,2018-04-01T14:33:51.131000+00:00,32530619,6430.00000000,643000,0.18107800,32530619,32530619,1,raw_fallback_missing_local_aggtrades,/Users/yeshevika/Documents/Codex/2026-08-16/files-pasted-by-the-user-read/work/candle and tick data/spot/ticks/official_daily_raw_trades_zip/2018/04.2018/BTCUSDT-trades-2018-04-01.zip,224c7e8670830040329155dcb6d3caf78c2d5ee4197156b20aa29cb7d9384c29
E00122,primary_fallback,trades,raw_trade,spot,2018-04-01,2018-04-01T14:30:00+00:00,2018-04-01T14:35:00+00:00,canonical_5m,2018-04-01T14:33:51.131000+00:00,32530620,6430.00000000,643000,0.02000000,32530620,32530620,1,raw_fallback_missing_local_aggtrades,/Users/yeshevika/Documents/Codex/2026-08-16/files-pasted-by-the-user-read/work/candle and tick data/spot/ticks/official_daily_raw_trades_zip/2018/04.2018/BTCUSDT-trades-2018-04-01.zip,224c7e8670830040329155dcb6d3caf78c2d5ee4197156b20aa29cb7d9384c29
E00122,primary_fallback,trades,raw_trade,spot,2018-04-01,2018-04-01T14:30:00+00:00,2018-04-01T14:35:00+00:00,canonical_5m,2018-04-01T14:33:51.131000+00:00,32530621,6430.00000000,643000,0.01320100,32530621,32530621,1,raw_fallback_missing_local_aggtrades,/Users/yeshevika/Documents/Codex/2026-08-16/files-pasted-by-the-user-read/work/candle and tick data/spot/ticks/official_daily_raw_trades_zip/2018/04.2018/BTCUSDT-trades-2018-04-01.zip,224c7e8670830040329155dcb6d3caf78c2d5ee4197156b20aa29cb7d9384c29
E00122,primary_fallback,trades,raw_trade,spot,2018-04-01,2018-04-01T14:30:00+00:00,2018-04-01T14:35:00+00:00,canonical_5m,2018-04-01T14:33:51.131000+00:00,32530622,6430.00000000,643000,0.03679900,32530622,32530622,1,raw_fallback_missing_local_aggtrades,/Users/yeshevika/Documents/Codex/2026-08-16/files-pasted-by-the-user-read/work/candle and tick data/spot/ticks/official_daily_raw_trades_zip/2018/04.2018/BTCUSDT-trades-2018-04-01.zip,224c7e8670830040329155dcb6d3caf78c2d5ee4197156b20aa29cb7d9384c29
E00122,primary_fallback,trades,raw_trade,spot,2018-04-01,2018-04-01T14:30:00+00:00,2018-04-01T14:35:00+00:00,canonical_5m,2018-04-01T14:33:51.131000+00:00,32530623,6430.00000000,643000,0.05000000,32530623,32530623,1,raw_fallback_missing_local_aggtrades,/Users/yeshevika/Documents/Codex/2026-08-16/files-pasted-by-the-user-read/work/candle and tick data/spot/ticks/official_daily_raw_trades_zip/2018/04.2018/BTCUSDT-trades-2018-04-01.zip,224c7e8670830040329155dcb6d3caf78c2d5ee4197156b20aa29cb7d9384c29
E00122,primary_fallback,trades,raw_trade,spot,2018-04-01,2018-04-01T14:30:00+00:00,2018-04-01T14:35:00+00:00,canonical_5m,2018-04-01T14:33:51.131000+00:00,32530624,6430.00000000,643000,0.00252000,32530624,32530624,1,raw_fallback_missing_local_aggtrades,/Users/yeshevika/Documents/Codex/2026-08-16/files-pasted-by-the-user-read/work/candle and tick data/spot/ticks/official_daily_raw_trades_zip/2018/04.2018/BTCUSDT-trades-2018-04-01.zip,224c7e8670830040329155dcb6d3caf78c2d5ee4197156b20aa29cb7d9384c29
E00122,primary_fallback,trades,raw_trade,spot,2018-04-01,2018-04-01T14:30:00+00:00,2018-04-01T14:35:00+00:00,canonical_5m,2018-04-01T14:33:51.131000+00:00,32530625,6430.00000000,643000,0.01400000,32530625,32530625,1,raw_fallback_missing_local_aggtrades,/Users/yeshevika/Documents/Codex/2026-08-16/files-pasted-by-the-user-read/work/candle and tick data/spot/ticks/official_daily_raw_trades_zip/2018/04.2018/BTCUSDT-trades-2018-04-01.zip,224c7e8670830040329155dcb6d3caf78c2d5ee4197156b20aa29cb7d9384c29
E00122,primary_fallback,trades,raw_trade,spot,2018-04-01,2018-04-01T14:30:00+00:00,2018-04-01T14:35:00+00:00,canonical_5m,2018-04-01T14:33:51.131000+00:00,32530626,6430.00000000,643000,0.05019000,32530626,32530626,1,raw_fallback_missing_local_aggtrades,/Users/yeshevika/Documents/Codex/2026-08-16/files-pasted-by-the-user-read/work/candle and tick data/spot/ticks/official_daily_raw_trades_zip/2018/04.2018/BTCUSDT-trades-2018-04-01.zip,224c7e8670830040329155dcb6d3caf78c2d5ee4197156b20aa29cb7d9384c29
E00122,primary_fallback,trades,raw_trade,spot,2018-04-01,2018-04-01T14:30:00+00:00,2018-04-01T14:35:00+00:00,canonical_5m,2018-04-01T14:33:51.131000+00:00,32530627,6430.00000000,643000,0.34981000,32530627,32530627,1,raw_fallback_missing_local_aggtrades,/Users/yeshevika/Documents/Codex/2026-08-16/files-pasted-by-the-user-read/work/candle and tick data/spot/ticks/official_daily_raw_trades_zip/2018/04.2018/BTCUSDT-trades-2018-04-01.zip,224c7e8670830040329155dcb6d3caf78c2d5ee4197156b20aa29cb7d9384c29
E00122,primary_fallback,trades,raw_trade,spot,2018-04-01,2018-04-01T14:30:00+00:00,2018-04-01T14:35:00+00:00,canonical_5m,2018-04-01T14:33:51.131000+00:00,32530628,6430.00000000,643000,0.10384800,32530628,32530628,1,raw_fallback_missing_local_aggtrades,/Users/yeshevika/Documents/Codex/2026-08-16/files-pasted-by-the-user-read/work/candle and tick data/spot/ticks/official_daily_raw_trades_zip/2018/04.2018/BTCUSDT-trades-2018-04-01.zip,224c7e8670830040329155dcb6d3caf78c2d5ee4197156b20aa29cb7d9384c29
E00122,primary_fallback,trades,raw_trade,spot,2018-04-01,2018-04-01T14:30:00+00:00,2018-04-01T14:35:00+00:00,canonical_5m,2018-04-01T14:33:51.131000+00:00,32530629,6430.00000000,643000,0.01384100,32530629,32530629,1,raw_fallback_missing_local_aggtrades,/Users/yeshevika/Documents/Codex/2026-08-16/files-pasted-by-the-user-read/work/candle and tick data/spot/ticks/official_daily_raw_trades_zip/2018/04.2018/BTCUSDT-trades-2018-04-01.zip,224c7e8670830040329155dcb6d3caf78c2d5ee4197156b20aa29cb7d9384c29
E00122,primary_fallback,trades,raw_trade,spot,2018-04-01,2018-04-01T14:30:00+00:00,2018-04-01T14:35:00+00:00,canonical_5m,2018-04-01T14:33:51.131000+00:00,32530630,6430.00000000,643000,0.46000000,32530630,32530630,1,raw_fallback_missing_local_aggtrades,/Users/yeshevika/Documents/Codex/2026-08-16/files-pasted-by-the-user-read/work/candle and tick data/spot/ticks/official_daily_raw_trades_zip/2018/04.2018/BTCUSDT-trades-2018-04-01.zip,224c7e8670830040329155dcb6d3caf78c2d5ee4197156b20aa29cb7d9384c29
E00122,primary_fallback,trades,raw_trade,spot,2018-04-01,2018-04-01T14:30:00+00:00,2018-04-01T14:35:00+00:00,canonical_5m,2018-04-01T14:33:51.131000+00:00,32530631,6430.00000000,643000,0.00176400,32530631,32530631,1,raw_fallback_missing_local_aggtrades,/Users/yeshevika/Documents/Codex/2026-08-16/files-pasted-by-the-user-read/work/candle and tick data/spot/ticks/official_daily_raw_trades_zip/2018/04.2018/BTCUSDT-trades-2018-04-01.zip,224c7e8670830040329155dcb6d3caf78c2d5ee4197156b20aa29cb7d9384c29
E00122,primary_fallback,trades,raw_trade,spot,2018-04-01,2018-04-01T14:30:00+00:00,2018-04-01T14:35:00+00:00,canonical_5m,2018-04-01T14:33:51.131000+00:00,32530632,6430.00000000,643000,0.05286300,32530632,32530632,1,raw_fallback_missing_local_aggtrades,/Users/yeshevika/Documents/Codex/2026-08-16/files-pasted-by-the-user-read/work/candle and tick data/spot/ticks/official_daily_raw_trades_zip/2018/04.2018/BTCUSDT-trades-2018-04-01.zip,224c7e8670830040329155dcb6d3caf78c2d5ee4197156b20aa29cb7d9384c29
E00122,primary_fallback,trades,raw_trade,spot,2018-04-01,2018-04-01T14:30:00+00:00,2018-04-01T14:35:00+00:00,canonical_5m,2018-04-01T14:33:51.131000+00:00,32530633,6430.00000000,643000,0.04070900,32530633,32530633,1,raw_fallback_missing_local_aggtrades,/Users/yeshevika/Documents/Codex/2026-08-16/files-pasted-by-the-user-read/work/candle and tick data/spot/ticks/official_daily_raw_trades_zip/2018/04.2018/BTCUSDT-trades-2018-04-01.zip,224c7e8670830040329155dcb6d3caf78c2d5ee4197156b20aa29cb7d9384c29
E00122,primary_fallback,trades,raw_trade,spot,2018-04-01,2018-04-01T14:30:00+00:00,2018-04-01T14:35:00+00:00,canonical_5m,2018-04-01T14:33:51.131000+00:00,32530634,6430.00000000,643000,0.05929100,32530634,32530634,1,raw_fallback_missing_local_aggtrades,/Users/yeshevika/Documents/Codex/2026-08-16/files-pasted-by-the-user-read/work/candle and tick data/spot/ticks/official_daily_raw_trades_zip/2018/04.2018/BTCUSDT-trades-2018-04-01.zip,224c7e8670830040329155dcb6d3caf78c2d5ee4197156b20aa29cb7d9384c29
E00122,primary_fallback,trades,raw_trade,spot,2018-04-01,2018-04-01T14:30:00+00:00,2018-04-01T14:35:00+00:00,canonical_5m,2018-04-01T14:33:51.131000+00:00,32530635,6430.00000000,643000,0.06703500,32530635,32530635,1,raw_fallback_missing_local_aggtrades,/Users/yeshevika/Documents/Codex/2026-08-16/files-pasted-by-the-user-read/work/candle and tick data/spot/ticks/official_daily_raw_trades_zip/2018/04.2018/BTCUSDT-trades-2018-04-01.zip,224c7e8670830040329155dcb6d3caf78c2d5ee4197156b20aa29cb7d9384c29
E00122,primary_fallback,trades,raw_trade,spot,2018-04-01,2018-04-01T14:30:00+00:00,2018-04-01T14:35:00+00:00,canonical_5m,2018-04-01T14:33:57.520000+00:00,32530727,6430.00000000,643000,0.38059100,32530727,32530727,1,raw_fallback_missing_local_aggtrades,/Users/yeshevika/Documents/Codex/2026-08-16/files-pasted-by-the-user-read/work/candle and tick data/spot/ticks/official_daily_raw_trades_zip/2018/04.2018/BTCUSDT-trades-2018-04-01.zip,224c7e8670830040329155dcb6d3caf78c2d5ee4197156b20aa29cb7d9384c29
E00122,primary_fallback,trades,raw_trade,spot,2018-04-01,2018-04-01T14:30:00+00:00,2018-04-01T14:35:00+00:00,canonical_5m,2018-04-01T14:33:57.577000+00:00,32530728,6430.00000000,643000,0.01522600,32530728,32530728,1,raw_fallback_missing_local_aggtrades,/Users/yeshevika/Documents/Codex/2026-08-16/files-pasted-by-the-user-read/work/candle and tick data/spot/ticks/official_daily_raw_trades_zip/2018/04.2018/BTCUSDT-trades-2018-04-01.zip,224c7e8670830040329155dcb6d3caf78c2d5ee4197156b20aa29cb7d9384c29
E00122,primary_fallback,trades,raw_trade,spot,2018-04-01,2018-04-01T14:30:00+00:00,2018-04-01T14:35:00+00:00,canonical_5m,2018-04-01T14:33:57.577000+00:00,32530729,6430.00000000,643000,0.00477400,32530729,32530729,1,raw_fallback_missing_local_aggtrades,/Users/yeshevika/Documents/Codex/2026-08-16/files-pasted-by-the-user-read/work/candle and tick data/spot/ticks/official_daily_raw_trades_zip/2018/04.2018/BTCUSDT-trades-2018-04-01.zip,224c7e8670830040329155dcb6d3caf78c2d5ee4197156b20aa29cb7d9384c29
E00123,primary_fallback,trades,raw_trade,spot,2018-05-05,2018-05-05T12:40:00+00:00,2018-05-05T12:45:00+00:00,canonical_5m,2018-05-05T12:41:11.151000+00:00,40883752,10020.00000000,1002000,0.01500000,40883752,40883752,1,raw_fallback_missing_local_aggtrades,/Users/yeshevika/Documents/Codex/2026-08-16/files-pasted-by-the-user-read/work/candle and tick data/spot/ticks/official_daily_raw_trades_zip/2018/05.2018/BTCUSDT-trades-2018-05-05.zip,db07bfc87bbbda49e9b7842a5edc48b0f2c8686a32cda41e36a0bf8d66d1cd61
E00123,primary_fallback,trades,raw_trade,spot,2018-05-05,2018-05-05T12:40:00+00:00,2018-05-05T12:45:00+00:00,canonical_5m,2018-05-05T12:41:11.151000+00:00,40883753,10020.00000000,1002000,0.03500000,40883753,40883753,1,raw_fallback_missing_local_aggtrades,/Users/yeshevika/Documents/Codex/2026-08-16/files-pasted-by-the-user-read/work/candle and tick data/spot/ticks/official_daily_raw_trades_zip/2018/05.2018/BTCUSDT-trades-2018-05-05.zip,db07bfc87bbbda49e9b7842a5edc48b0f2c8686a32cda41e36a0bf8d66d1cd61
E00123,primary_fallback,trades,raw_trade,spot,2018-05-05,2018-05-05T12:40:00+00:00,2018-05-05T12:45:00+00:00,canonical_5m,2018-05-05T12:41:11.151000+00:00,40883754,10020.00000000,1002000,0.10000000,40883754,40883754,1,raw_fallback_missing_local_aggtrades,/Users/yeshevika/Documents/Codex/2026-08-16/files-pasted-by-the-user-read/work/candle and tick data/spot/ticks/official_daily_raw_trades_zip/2018/05.2018/BTCUSDT-trades-2018-05-05.zip,db07bfc87bbbda49e9b7842a5edc48b0f2c8686a32cda41e36a0bf8d66d1cd61
E00123,primary_fallback,trades,raw_trade,spot,2018-05-05,2018-05-05T12:40:00+00:00,2018-05-05T12:45:00+00:00,canonical_5m,2018-05-05T12:41:11.151000+00:00,40883755,10020.00000000,1002000,0.01000000,40883755,40883755,1,raw_fallback_missing_local_aggtrades,/Users/yeshevika/Documents/Codex/2026-08-16/files-pasted-by-the-user-read/work/candle and tick data/spot/ticks/official_daily_raw_trades_zip/2018/05.2018/BTCUSDT-trades-2018-05-05.zip,db07bfc87bbbda49e9b7842a5edc48b0f2c8686a32cda41e36a0bf8d66d1cd61
E00123,primary_fallback,trades,raw_trade,spot,2018-05-05,2018-05-05T12:40:00+00:00,2018-05-05T12:45:00+00:00,canonical_5m,2018-05-05T12:41:11.151000+00:00,40883756,10020.00000000,1002000,0.00978400,40883756,40883756,1,raw_fallback_missing_local_aggtrades,/Users/yeshevika/Documents/Codex/2026-08-16/files-pasted-by-the-user-read/work/candle and tick data/spot/ticks/official_daily_raw_trades_zip/2018/05.2018/BTCUSDT-trades-2018-05-05.zip,db07bfc87bbbda49e9b7842a5edc48b0f2c8686a32cda41e36a0bf8d66d1cd61
E00123,primary_fallback,trades,raw_trade,spot,2018-05-05,2018-05-05T12:40:00+00:00,2018-05-05T12:45:00+00:00,canonical_5m,2018-05-05T12:41:11.151000+00:00,40883757,10020.00000000,1002000,1.00000000,40883757,40883757,1,raw_fallback_missing_local_aggtrades,/Users/yeshevika/Documents/Codex/2026-08-16/files-pasted-by-the-user-read/work/candle and tick data/spot/ticks/official_daily_raw_trades_zip/2018/05.2018/BTCUSDT-trades-2018-05-05.zip,db07bfc87bbbda49e9b7842a5edc48b0f2c8686a32cda41e36a0bf8d66d1cd61
E00123,primary_fallback,trades,raw_trade,spot,2018-05-05,2018-05-05T12:40:00+00:00,2018-05-05T12:45:00+00:00,canonical_5m,2018-05-05T12:41:11.151000+00:00,40883758,10020.00000000,1002000,0.08000000,40883758,40883758,1,raw_fallback_missing_local_aggtrades,/Users/yeshevika/Documents/Codex/2026-08-16/files-pasted-by-the-user-read/work/candle and tick data/spot/ticks/official_daily_raw_trades_zip/2018/05.2018/BTCUSDT-trades-2018-05-05.zip,db07bfc87bbbda49e9b7842a5edc48b0f2c8686a32cda41e36a0bf8d66d1cd61
E00123,primary_fallback,trades,raw_trade,spot,2018-05-05,2018-05-05T12:40:00+00:00,2018-05-05T12:45:00+00:00,canonical_5m,2018-05-05T12:41:11.151000+00:00,40883759,10020.00000000,1002000,2.09031700,40883759,40883759,1,raw_fallback_missing_local_aggtrades,/Users/yeshevika/Documents/Codex/2026-08-16/files-pasted-by-the-user-read/work/candle and tick data/spot/ticks/official_daily_raw_trades_zip/2018/05.2018/BTCUSDT-trades-2018-05-05.zip,db07bfc87bbbda49e9b7842a5edc48b0f2c8686a32cda41e36a0bf8d66d1cd61
E00123,primary_fallback,trades,raw_trade,spot,2018-05-05,2018-05-05T12:40:00+00:00,2018-05-05T12:45:00+00:00,canonical_5m,2018-05-05T12:41:11.151000+00:00,40883761,10020.00000000,1002000,0.04024700,40883761,40883761,1,raw_fallback_missing_local_aggtrades,/Users/yeshevika/Documents/Codex/2026-08-16/files-pasted-by-the-user-read/work/candle and tick data/spot/ticks/official_daily_raw_trades_zip/2018/05.2018/BTCUSDT-trades-2018-05-05.zip,db07bfc87bbbda49e9b7842a5edc48b0f2c8686a32cda41e36a0bf8d66d1cd61
E00123,primary_fallback,trades,raw_trade,spot,2018-05-05,2018-05-05T12:40:00+00:00,2018-05-05T12:45:00+00:00,canonical_5m,2018-05-05T12:41:11.151000+00:00,40883769,10020.00000000,1002000,0.02546600,40883769,40883769,1,raw_fallback_missing_local_aggtrades,/Users/yeshevika/Documents/Codex/2026-08-16/files-pasted-by-the-user-read/work/candle and tick data/spot/ticks/official_daily_raw_trades_zip/2018/05.2018/BTCUSDT-trades-2018-05-05.zip,db07bfc87bbbda49e9b7842a5edc48b0f2c8686a32cda41e36a0bf8d66d1cd61
E00123,primary_fallback,trades,raw_trade,spot,2018-05-05,2018-05-05T12:40:00+00:00,2018-05-05T12:45:00+00:00,canonical_5m,2018-05-05T12:41:11.151000+00:00,40883770,10020.00000000,1002000,0.49624600,40883770,40883770,1,raw_fallback_missing_local_aggtrades,/Users/yeshevika/Documents/Codex/2026-08-16/files-pasted-by-the-user-read/work/candle and tick data/spot/ticks/official_daily_raw_trades_zip/2018/05.2018/BTCUSDT-trades-2018-05-05.zip,db07bfc87bbbda49e9b7842a5edc48b0f2c8686a32cda41e36a0bf8d66d1cd61
E00123,primary_fallback,trades,raw_trade,spot,2018-05-05,2018-05-05T12:40:00+00:00,2018-05-05T12:45:00+00:00,canonical_5m,2018-05-05T12:41:11.151000+00:00,40883771,10020.00000000,1002000,0.01367700,40883771,40883771,1,raw_fallback_missing_local_aggtrades,/Users/yeshevika/Documents/Codex/2026-08-16/files-pasted-by-the-user-read/work/candle and tick data/spot/ticks/official_daily_raw_trades_zip/2018/05.2018/BTCUSDT-trades-2018-05-05.zip,db07bfc87bbbda49e9b7842a5edc48b0f2c8686a32cda41e36a0bf8d66d1cd61
E00123,primary_fallback,trades,raw_trade,spot,2018-05-05,2018-05-05T12:40:00+00:00,2018-05-05T12:45:00+00:00,canonical_5m,2018-05-05T12:41:11.151000+00:00,40883772,10020.00000000,1002000,0.01809900,40883772,40883772,1,raw_fallback_missing_local_aggtrades,/Users/yeshevika/Documents/Codex/2026-08-16/files-pasted-by-the-user-read/work/candle and tick data/spot/ticks/official_daily_raw_trades_zip/2018/05.2018/BTCUSDT-trades-2018-05-05.zip,db07bfc87bbbda49e9b7842a5edc48b0f2c8686a32cda41e36a0bf8d66d1cd61
E00139,primary,aggTrades,agg_trade,spot,2018-06-24,2018-06-24T15:55:00+00:00,2018-06-24T16:00:00+00:00,canonical_5m,2018-06-24T15:58:00.846000+00:00,46652036,5750.0,575000,36.890738,53029405,53029463,59,local_official_monthly_aggtrades,/Users/yeshevika/Documents/Codex/2026-08-16/files-pasted-by-the-user-read/work/btc_1m_binance_official/spot/monthly_aggtrades_zip/BTCUSDT-aggTrades-2018-06.zip,e487669f2629140a33afe142a940e1e69b87e41887ed54e272a2c9d937791d98
E00139,primary,aggTrades,agg_trade,spot,2018-06-24,2018-06-24T15:55:00+00:00,2018-06-24T16:00:00+00:00,canonical_5m,2018-06-24T15:58:00.846000+00:00,46652039,5750.0,575000,45.124214,53029466,53029485,20,local_official_monthly_aggtrades,/Users/yeshevika/Documents/Codex/2026-08-16/files-pasted-by-the-user-read/work/btc_1m_binance_official/spot/monthly_aggtrades_zip/BTCUSDT-aggTrades-2018-06.zip,e487669f2629140a33afe142a940e1e69b87e41887ed54e272a2c9d937791d98
E00139,primary,aggTrades,agg_trade,spot,2018-06-24,2018-06-24T15:55:00+00:00,2018-06-24T16:00:00+00:00,canonical_5m,2018-06-24T15:58:00.846000+00:00,46652040,5750.0,575000,0.19077,53029486,53029487,2,local_official_monthly_aggtrades,/Users/yeshevika/Documents/Codex/2026-08-16/files-pasted-by-the-user-read/work/btc_1m_binance_official/spot/monthly_aggtrades_zip/BTCUSDT-aggTrades-2018-06.zip,e487669f2629140a33afe142a940e1e69b87e41887ed54e272a2c9d937791d98
E00139,primary,aggTrades,agg_trade,spot,2018-06-24,2018-06-24T15:55:00+00:00,2018-06-24T16:00:00+00:00,canonical_5m,2018-06-24T15:58:00.846000+00:00,46652043,5750.0,575000,2.074623,53029490,53029490,1,local_official_monthly_aggtrades,/Users/yeshevika/Documents/Codex/2026-08-16/files-pasted-by-the-user-read/work/btc_1m_binance_official/spot/monthly_aggtrades_zip/BTCUSDT-aggTrades-2018-06.zip,e487669f2629140a33afe142a940e1e69b87e41887ed54e272a2c9d937791d98
E00139,primary,aggTrades,agg_trade,spot,2018-06-24,2018-06-24T15:55:00+00:00,2018-06-24T16:00:00+00:00,canonical_5m,2018-06-24T15:58:00.846000+00:00,46652044,5750.0,575000,0.004035,53029491,53029491,1,local_official_monthly_aggtrades,/Users/yeshevika/Documents/Codex/2026-08-16/files-pasted-by-the-user-read/work/btc_1m_binance_official/spot/monthly_aggtrades_zip/BTCUSDT-aggTrades-2018-06.zip,e487669f2629140a33afe142a940e1e69b87e41887ed54e272a2c9d937791d98
E00139,primary,aggTrades,agg_trade,spot,2018-06-24,2018-06-24T15:55:00+00:00,2018-06-24T16:00:00+00:00,canonical_5m,2018-06-24T15:58:00.846000+00:00,46652045,5750.0,575000,0.022474,53029492,53029492,1,local_official_monthly_aggtrades,/Users/yeshevika/Documents/Codex/2026-08-16/files-pasted-by-the-user-read/work/btc_1m_binance_official/spot/monthly_aggtrades_zip/BTCUSDT-aggTrades-2018-06.zip,e487669f2629140a33afe142a940e1e69b87e41887ed54e272a2c9d937791d98
E00139,primary,aggTrades,agg_trade,spot,2018-06-24,2018-06-24T15:55:00+00:00,2018-06-24T16:00:00+00:00,canonical_5m,2018-06-24T15:58:00.846000+00:00,46652046,5750.0,575000,1.174918,53029493,53029493,1,local_official_monthly_aggtrades,/Users/yeshevika/Documents/Codex/2026-08-16/files-pasted-by-the-user-read/work/btc_1m_binance_official/spot/monthly_aggtrades_zip/BTCUSDT-aggTrades-2018-06.zip,e487669f2629140a33afe142a940e1e69b87e41887ed54e272a2c9d937791d98
E00139,primary,aggTrades,agg_trade,spot,2018-06-24,2018-06-24T15:55:00+00:00,2018-06-24T16:00:00+00:00,canonical_5m,2018-06-24T15:58:00.846000+00:00,46652047,5750.0,575000,1.029882,53029494,53029494,1,local_official_monthly_aggtrades,/Users/yeshevika/Documents/Codex/2026-08-16/files-pasted-by-the-user-read/work/btc_1m_binance_official/spot/monthly_aggtrades_zip/BTCUSDT-aggTrades-2018-06.zip,e487669f2629140a33afe142a940e1e69b87e41887ed54e272a2c9d937791d98
E00139,primary,aggTrades,agg_trade,spot,2018-06-24,2018-06-24T15:55:00+00:00,2018-06-24T16:00:00+00:00,canonical_5m,2018-06-24T15:58:00.846000+00:00,46652048,5750.0,575000,0.287414,53029495,53029495,1,local_official_monthly_aggtrades,/Users/yeshevika/Documents/Codex/2026-08-16/files-pasted-by-the-user-read/work/btc_1m_binance_official/spot/monthly_aggtrades_zip/BTCUSDT-aggTrades-2018-06.zip,e487669f2629140a33afe142a940e1e69b87e41887ed54e272a2c9d937791d98
E00139,primary,aggTrades,agg_trade,spot,2018-06-24,2018-06-24T15:55:00+00:00,2018-06-24T16:00:00+00:00,canonical_5m,2018-06-24T15:58:00.846000+00:00,46652049,5750.0,575000,0.020751,53029496,53029496,1,local_official_monthly_aggtrades,/Users/yeshevika/Documents/Codex/2026-08-16/files-pasted-by-the-user-read/work/btc_1m_binance_official/spot/monthly_aggtrades_zip/BTCUSDT-aggTrades-2018-06.zip,e487669f2629140a33afe142a940e1e69b87e41887ed54e272a2c9d937791d98
E00139,primary,aggTrades,agg_trade,spot,2018-06-24,2018-06-24T15:55:00+00:00,2018-06-24T16:00:00+00:00,canonical_5m,2018-06-24T15:58:00.846000+00:00,46652050,5750.0,575000,0.032428,53029497,53029497,1,local_official_monthly_aggtrades,/Users/yeshevika/Documents/Codex/2026-08-16/files-pasted-by-the-user-read/work/btc_1m_binance_official/spot/monthly_aggtrades_zip/BTCUSDT-aggTrades-2018-06.zip,e487669f2629140a33afe142a940e1e69b87e41887ed54e272a2c9d937791d98
E00139,primary,aggTrades,agg_trade,spot,2018-06-24,2018-06-24T15:55:00+00:00,2018-06-24T16:00:00+00:00,canonical_5m,2018-06-24T15:58:00.846000+00:00,46652054,5750.0,575000,0.6124,53029501,53029501,1,local_official_monthly_aggtrades,/Users/yeshevika/Documents/Codex/2026-08-16/files-pasted-by-the-user-read/work/btc_1m_binance_official/spot/monthly_aggtrades_zip/BTCUSDT-aggTrades-2018-06.zip,e487669f2629140a33afe142a940e1e69b87e41887ed54e272a2c9d937791d98
E00139,primary,aggTrades,agg_trade,spot,2018-06-24,2018-06-24T15:55:00+00:00,2018-06-24T16:00:00+00:00,canonical_5m,2018-06-24T15:58:00.846000+00:00,46652055,5750.0,575000,0.137596,53029502,53029502,1,local_official_monthly_aggtrades,/Users/yeshevika/Documents/Codex/2026-08-16/files-pasted-by-the-user-read/work/btc_1m_binance_official/spot/monthly_aggtrades_zip/BTCUSDT-aggTrades-2018-06.zip,e487669f2629140a33afe142a940e1e69b87e41887ed54e272a2c9d937791d98
E00139,primary,aggTrades,agg_trade,spot,2018-06-24,2018-06-24T15:55:00+00:00,2018-06-24T16:00:00+00:00,canonical_5m,2018-06-24T15:58:00.846000+00:00,46652056,5750.0,575000,0.005312,53029503,53029503,1,local_official_monthly_aggtrades,/Users/yeshevika/Documents/Codex/2026-08-16/files-pasted-by-the-user-read/work/btc_1m_binance_official/spot/monthly_aggtrades_zip/BTCUSDT-aggTrades-2018-06.zip,e487669f2629140a33afe142a940e1e69b87e41887ed54e272a2c9d937791d98
E00139,primary,aggTrades,agg_trade,spot,2018-06-24,2018-06-24T15:55:00+00:00,2018-06-24T16:00:00+00:00,canonical_5m,2018-06-24T15:58:00.846000+00:00,46652057,5750.0,575000,0.08972,53029504,53029504,1,local_official_monthly_aggtrades,/Users/yeshevika/Documents/Codex/2026-08-16/files-pasted-by-the-user-read/work/btc_1m_binance_official/spot/monthly_aggtrades_zip/BTCUSDT-aggTrades-2018-06.zip,e487669f2629140a33afe142a940e1e69b87e41887ed54e272a2c9d937791d98
E00139,primary,aggTrades,agg_trade,spot,2018-06-24,2018-06-24T15:55:00+00:00,2018-06-24T16:00:00+00:00,canonical_5m,2018-06-24T15:58:00.846000+00:00,46652058,5750.0,575000,2.58,53029505,53029505,1,local_official_monthly_aggtrades,/Users/yeshevika/Documents/Codex/2026-08-16/files-pasted-by-the-user-read/work/btc_1m_binance_official/spot/monthly_aggtrades_zip/BTCUSDT-aggTrades-2018-06.zip,e487669f2629140a33afe142a940e1e69b87e41887ed54e272a2c9d937791d98
E00139,primary,aggTrades,agg_trade,spot,2018-06-24,2018-06-24T15:55:00+00:00,2018-06-24T16:00:00+00:00,canonical_5m,2018-06-24T15:58:00.846000+00:00,46652059,5750.0,575000,0.017055,53029506,53029506,1,local_official_monthly_aggtrades,/Users/yeshevika/Documents/Codex/2026-08-16/files-pasted-by-the-user-read/work/btc_1m_binance_official/spot/monthly_aggtrades_zip/BTCUSDT-aggTrades-2018-06.zip,e487669f2629140a33afe142a940e1e69b87e41887ed54e272a2c9d937791d98
E00139,primary,aggTrades,agg_trade,spot,2018-06-24,2018-06-24T15:55:00+00:00,2018-06-24T16:00:00+00:00,canonical_5m,2018-06-24T15:58:00.846000+00:00,46652060,5750.0,575000,0.14051,53029507,53029507,1,local_official_monthly_aggtrades,/Users/yeshevika/Documents/Codex/2026-08-16/files-pasted-by-the-user-read/work/btc_1m_binance_official/spot/monthly_aggtrades_zip/BTCUSDT-aggTrades-2018-06.zip,e487669f2629140a33afe142a940e1e69b87e41887ed54e272a2c9d937791d98
E00139,primary,aggTrades,agg_trade,spot,2018-06-24,2018-06-24T15:55:00+00:00,2018-06-24T16:00:00+00:00,canonical_5m,2018-06-24T15:58:00.846000+00:00,46652063,5750.0,575000,0.012558,53029511,53029511,1,local_official_monthly_aggtrades,/Users/yeshevika/Documents/Codex/2026-08-16/files-pasted-by-the-user-read/work/btc_1m_binance_official/spot/monthly_aggtrades_zip/BTCUSDT-aggTrades-2018-06.zip,e487669f2629140a33afe142a940e1e69b87e41887ed54e272a2c9d937791d98
E00139,primary,aggTrades,agg_trade,spot,2018-06-24,2018-06-24T15:55:00+00:00,2018-06-24T16:00:00+00:00,canonical_5m,2018-06-24T15:58:00.846000+00:00,46652064,5750.0,575000,0.070968,53029512,53029512,1,local_official_monthly_aggtrades,/Users/yeshevika/Documents/Codex/2026-08-16/files-pasted-by-the-user-read/work/btc_1m_binance_official/spot/monthly_aggtrades_zip/BTCUSDT-aggTrades-2018-06.zip,e487669f2629140a33afe142a940e1e69b87e41887ed54e272a2c9d937791d98
E00139,primary,aggTrades,agg_trade,spot,2018-06-24,2018-06-24T15:55:00+00:00,2018-06-24T16:00:00+00:00,canonical_5m,2018-06-24T15:58:00.846000+00:00,46652065,5750.0,575000,0.638015,53029513,53029513,1,local_official_monthly_aggtrades,/Users/yeshevika/Documents/Codex/2026-08-16/files-pasted-by-the-user-read/work/btc_1m_binance_official/spot/monthly_aggtrades_zip/BTCUSDT-aggTrades-2018-06.zip,e487669f2629140a33afe142a940e1e69b87e41887ed54e272a2c9d937791d98
E00139,primary,aggTrades,agg_trade,spot,2018-06-24,2018-06-24T15:55:00+00:00,2018-06-24T16:00:00+00:00,canonical_5m,2018-06-24T15:58:00.846000+00:00,46652066,5750.0,575000,1.13109,53029514,53029514,1,local_official_monthly_aggtrades,/Users/yeshevika/Documents/Codex/2026-08-16/files-pasted-by-the-user-read/work/btc_1m_binance_official/spot/monthly_aggtrades_zip/BTCUSDT-aggTrades-2018-06.zip,e487669f2629140a33afe142a940e1e69b87e41887ed54e272a2c9d937791d98
E00139,primary,aggTrades,agg_trade,spot,2018-06-24,2018-06-24T15:55:00+00:00,2018-06-24T16:00:00+00:00,canonical_5m,2018-06-24T15:58:00.846000+00:00,46652067,5750.0,575000,0.09609,53029515,53029515,1,local_official_monthly_aggtrades,/Users/yeshevika/Documents/Codex/2026-08-16/files-pasted-by-the-user-read/work/btc_1m_binance_official/spot/monthly_aggtrades_zip/BTCUSDT-aggTrades-2018-06.zip,e487669f2629140a33afe142a940e1e69b87e41887ed54e272a2c9d937791d98
E00139,primary,aggTrades,agg_trade,spot,2018-06-24,2018-06-24T15:55:00+00:00,2018-06-24T16:00:00+00:00,canonical_5m,2018-06-24T15:58:00.846000+00:00,46652068,5750.0,575000,0.043103,53029516,53029516,1,local_official_monthly_aggtrades,/Users/yeshevika/Documents/Codex/2026-08-16/files-pasted-by-the-user-read/work/btc_1m_binance_official/spot/monthly_aggtrades_zip/BTCUSDT-aggTrades-2018-06.zip,e487669f2629140a33afe142a940e1e69b87e41887ed54e272a2c9d937791d98
E00139,primary,aggTrades,agg_trade,spot,2018-06-24,2018-06-24T15:55:00+00:00,2018-06-24T16:00:00+00:00,canonical_5m,2018-06-24T15:58:00.846000+00:00,46652069,5750.0,575000,5.596685,53029517,53029517,1,local_official_monthly_aggtrades,/Users/yeshevika/Documents/Codex/2026-08-16/files-pasted-by-the-user-read/work/btc_1m_binance_official/spot/monthly_aggtrades_zip/BTCUSDT-aggTrades-2018-06.zip,e487669f2629140a33afe142a940e1e69b87e41887ed54e272a2c9d937791d98
E00139,primary,aggTrades,agg_trade,spot,2018-06-24,2018-06-24T15:55:00+00:00,2018-06-24T16:00:00+00:00,canonical_5m,2018-06-24T15:58:00.846000+00:00,46652070,5750.0,575000,0.118569,53029518,53029518,1,local_official_monthly_aggtrades,/Users/yeshevika/Documents/Codex/2026-08-16/files-pasted-by-the-user-read/work/btc_1m_binance_official/spot/monthly_aggtrades_zip/BTCUSDT-aggTrades-2018-06.zip,e487669f2629140a33afe142a940e1e69b87e41887ed54e272a2c9d937791d98
E00139,primary,aggTrades,agg_trade,spot,2018-06-24,2018-06-24T15:55:00+00:00,2018-06-24T16:00:00+00:00,canonical_5m,2018-06-24T15:58:00.846000+00:00,46652071,5750.0,575000,0.146261,53029519,53029519,1,local_official_monthly_aggtrades,/Users/yeshevika/Documents/Codex/2026-08-16/files-pasted-by-the-user-read/work/btc_1m_binance_official/spot/monthly_aggtrades_zip/BTCUSDT-aggTrades-2018-06.zip,e487669f2629140a33afe142a940e1e69b87e41887ed54e272a2c9d937791d98
E00139,primary,aggTrades,agg_trade,spot,2018-06-24,2018-06-24T15:55:00+00:00,2018-06-24T16:00:00+00:00,canonical_5m,2018-06-24T15:58:00.846000+00:00,46652072,5750.0,575000,0.021773,53029520,53029520,1,local_official_monthly_aggtrades,/Users/yeshevika/Documents/Codex/2026-08-16/files-pasted-by-the-user-read/work/btc_1m_binance_official/spot/monthly_aggtrades_zip/BTCUSDT-aggTrades-2018-06.zip,e487669f2629140a33afe142a940e1e69b87e41887ed54e272a2c9d937791d98
E00139,primary,aggTrades,agg_trade,spot,2018-06-24,2018-06-24T15:55:00+00:00,2018-06-24T16:00:00+00:00,canonical_5m,2018-06-24T15:58:00.846000+00:00,46652073,5750.0,575000,0.204064,53029521,53029521,1,local_official_monthly_aggtrades,/Users/yeshevika/Documents/Codex/2026-08-16/files-pasted-by-the-user-read/work/btc_1m_binance_official/spot/monthly_aggtrades_zip/BTCUSDT-aggTrades-2018-06.zip,e487669f2629140a33afe142a940e1e69b87e41887ed54e272a2c9d937791d98
E00139,primary,aggTrades,agg_trade,spot,2018-06-24,2018-06-24T15:55:00+00:00,2018-06-24T16:00:00+00:00,canonical_5m,2018-06-24T15:58:00.846000+00:00,46652074,5750.0,575000,0.957846,53029522,53029522,1,local_official_monthly_aggtrades,/Users/yeshevika/Documents/Codex/2026-08-16/files-pasted-by-the-user-read/work/btc_1m_binance_official/spot/monthly_aggtrades_zip/BTCUSDT-aggTrades-2018-06.zip,e487669f2629140a33afe142a940e1e69b87e41887ed54e272a2c9d937791d98
E00139,primary,aggTrades,agg_trade,spot,2018-06-24,2018-06-24T15:55:00+00:00,2018-06-24T16:00:00+00:00,canonical_5m,2018-06-24T15:58:00.846000+00:00,46652075,5750.0,575000,0.060246,53029523,53029523,1,local_official_monthly_aggtrades,/Users/yeshevika/Documents/Codex/2026-08-16/files-pasted-by-the-user-read/work/btc_1m_binance_official/spot/monthly_aggtrades_zip/BTCUSDT-aggTrades-2018-06.zip,e487669f2629140a33afe142a940e1e69b87e41887ed54e272a2c9d937791d98
E00139,primary,aggTrades,agg_trade,spot,2018-06-24,2018-06-24T15:55:00+00:00,2018-06-24T16:00:00+00:00,canonical_5m,2018-06-24T15:58:00.846000+00:00,46652076,5750.0,575000,0.014679,53029524,53029524,1,local_official_monthly_aggtrades,/Users/yeshevika/Documents/Codex/2026-08-16/files-pasted-by-the-user-read/work/btc_1m_binance_official/spot/monthly_aggtrades_zip/BTCUSDT-aggTrades-2018-06.zip,e487669f2629140a33afe142a940e1e69b87e41887ed54e272a2c9d937791d98
E00139,primary,aggTrades,agg_trade,spot,2018-06-24,2018-06-24T15:55:00+00:00,2018-06-24T16:00:00+00:00,canonical_5m,2018-06-24T15:58:00.846000+00:00,46652077,5750.0,575000,1.0,53029525,53029525,1,local_official_monthly_aggtrades,/Users/yeshevika/Documents/Codex/2026-08-16/files-pasted-by-the-user-read/work/btc_1m_binance_official/spot/monthly_aggtrades_zip/BTCUSDT-aggTrades-2018-06.zip,e487669f2629140a33afe142a940e1e69b87e41887ed54e272a2c9d937791d98
E00139,primary,aggTrades,agg_trade,spot,2018-06-24,2018-06-24T15:55:00+00:00,2018-06-24T16:00:00+00:00,canonical_5m,2018-06-24T15:58:00.846000+00:00,46652078,5750.0,575000,1.501887,53029526,53029526,1,local_official_monthly_aggtrades,/Users/yeshevika/Documents/Codex/2026-08-16/files-pasted-by-the-user-read/work/btc_1m_binance_official/spot/monthly_aggtrades_zip/BTCUSDT-aggTrades-2018-06.zip,e487669f2629140a33afe142a940e1e69b87e41887ed54e272a2c9d937791d98
E00139,primary,aggTrades,agg_trade,spot,2018-06-24,2018-06-24T15:55:00+00:00,2018-06-24T16:00:00+00:00,canonical_5m,2018-06-24T15:58:00.846000+00:00,46652079,5750.0,575000,0.443705,53029527,53029527,1,local_official_monthly_aggtrades,/Users/yeshevika/Documents/Codex/2026-08-16/files-pasted-by-the-user-read/work/btc_1m_binance_official/spot/monthly_aggtrades_zip/BTCUSDT-aggTrades-2018-06.zip,e487669f2629140a33afe142a940e1e69b87e41887ed54e272a2c9d937791d98
E00139,primary,aggTrades,agg_trade,spot,2018-06-24,2018-06-24T15:55:00+00:00,2018-06-24T16:00:00+00:00,canonical_5m,2018-06-24T15:58:02.273000+00:00,46652105,5750.0,575000,0.774806,53029554,53029554,1,local_official_monthly_aggtrades,/Users/yeshevika/Documents/Codex/2026-08-16/files-pasted-by-the-user-read/work/btc_1m_binance_official/spot/monthly_aggtrades_zip/BTCUSDT-aggTrades-2018-06.zip,e487669f2629140a33afe142a940e1e69b87e41887ed54e272a2c9d937791d98
E00139,primary,aggTrades,agg_trade,spot,2018-06-24,2018-06-24T15:55:00+00:00,2018-06-24T16:00:00+00:00,canonical_5m,2018-06-24T15:58:05.337000+00:00,46652172,5750.0,575000,0.108504,53029623,53029623,1,local_official_monthly_aggtrades,/Users/yeshevika/Documents/Codex/2026-08-16/files-pasted-by-the-user-read/work/btc_1m_binance_official/spot/monthly_aggtrades_zip/BTCUSDT-aggTrades-2018-06.zip,e487669f2629140a33afe142a940e1e69b87e41887ed54e272a2c9d937791d98
E00139,primary,aggTrades,agg_trade,spot,2018-06-24,2018-06-24T15:55:00+00:00,2018-06-24T16:00:00+00:00,canonical_5m,2018-06-24T15:58:05.394000+00:00,46652174,5750.0,575000,1e-06,53029625,53029625,1,local_official_monthly_aggtrades,/Users/yeshevika/Documents/Codex/2026-08-16/files-pasted-by-the-user-read/work/btc_1m_binance_official/spot/monthly_aggtrades_zip/BTCUSDT-aggTrades-2018-06.zip,e487669f2629140a33afe142a940e1e69b87e41887ed54e272a2c9d937791d98
E00139,primary,aggTrades,agg_trade,spot,2018-06-24,2018-06-24T15:55:00+00:00,2018-06-24T16:00:00+00:00,canonical_5m,2018-06-24T15:58:05.599000+00:00,46652179,5750.0,575000,0.04,53029630,53029630,1,local_official_monthly_aggtrades,/Users/yeshevika/Documents/Codex/2026-08-16/files-pasted-by-the-user-read/work/btc_1m_binance_official/spot/monthly_aggtrades_zip/BTCUSDT-aggTrades-2018-06.zip,e487669f2629140a33afe142a940e1e69b87e41887ed54e272a2c9d937791d98
E00139,primary,aggTrades,agg_trade,spot,2018-06-24,2018-06-24T15:55:00+00:00,2018-06-24T16:00:00+00:00,canonical_5m,2018-06-24T15:58:07.123000+00:00,46652211,5750.0,575000,0.42224,53029663,53029663,1,local_official_monthly_aggtrades,/Users/yeshevika/Documents/Codex/2026-08-16/files-pasted-by-the-user-read/work/btc_1m_binance_official/spot/monthly_aggtrades_zip/BTCUSDT-aggTrades-2018-06.zip,e487669f2629140a33afe142a940e1e69b87e41887ed54e272a2c9d937791d98
E00139,primary,aggTrades,agg_trade,spot,2018-06-24,2018-06-24T15:55:00+00:00,2018-06-24T16:00:00+00:00,canonical_5m,2018-06-24T15:58:15.209000+00:00,46652332,5750.0,575000,0.09,53029791,53029791,1,local_official_monthly_aggtrades,/Users/yeshevika/Documents/Codex/2026-08-16/files-pasted-by-the-user-read/work/btc_1m_binance_official/spot/monthly_aggtrades_zip/BTCUSDT-aggTrades-2018-06.zip,e487669f2629140a33afe142a940e1e69b87e41887ed54e272a2c9d937791d98
E00139,primary,aggTrades,agg_trade,spot,2018-06-24,2018-06-24T15:55:00+00:00,2018-06-24T16:00:00+00:00,canonical_5m,2018-06-24T15:58:15.630000+00:00,46652350,5750.0,575000,0.001995,53029809,53029809,1,local_official_monthly_aggtrades,/Users/yeshevika/Documents/Codex/2026-08-16/files-pasted-by-the-user-read/work/btc_1m_binance_official/spot/monthly_aggtrades_zip/BTCUSDT-aggTrades-2018-06.zip,e487669f2629140a33afe142a940e1e69b87e41887ed54e272a2c9d937791d98
E00139,primary,aggTrades,agg_trade,spot,2018-06-24,2018-06-24T15:55:00+00:00,2018-06-24T16:00:00+00:00,canonical_5m,2018-06-24T15:58:16.361000+00:00,46652378,5750.0,575000,0.327486,53029837,53029837,1,local_official_monthly_aggtrades,/Users/yeshevika/Documents/Codex/2026-08-16/files-pasted-by-the-user-read/work/btc_1m_binance_official/spot/monthly_aggtrades_zip/BTCUSDT-aggTrades-2018-06.zip,e487669f2629140a33afe142a940e1e69b87e41887ed54e272a2c9d937791d98
E00139,primary,aggTrades,agg_trade,spot,2018-06-24,2018-06-24T15:55:00+00:00,2018-06-24T16:00:00+00:00,canonical_5m,2018-06-24T15:58:16.463000+00:00,46652382,5750.0,575000,0.570996,53029841,53029841,1,local_official_monthly_aggtrades,/Users/yeshevika/Documents/Codex/2026-08-16/files-pasted-by-the-user-read/work/btc_1m_binance_official/spot/monthly_aggtrades_zip/BTCUSDT-aggTrades-2018-06.zip,e487669f2629140a33afe142a940e1e69b87e41887ed54e272a2c9d937791d98
E00139,primary,aggTrades,agg_trade,spot,2018-06-24,2018-06-24T15:55:00+00:00,2018-06-24T16:00:00+00:00,canonical_5m,2018-06-24T15:58:16.941000+00:00,46652398,5750.0,575000,0.016318,53029857,53029857,1,local_official_monthly_aggtrades,/Users/yeshevika/Documents/Codex/2026-08-16/files-pasted-by-the-user-read/work/btc_1m_binance_official/spot/monthly_aggtrades_zip/BTCUSDT-aggTrades-2018-06.zip,e487669f2629140a33afe142a940e1e69b87e41887ed54e272a2c9d937791d98
E00139,primary,aggTrades,agg_trade,spot,2018-06-24,2018-06-24T15:55:00+00:00,2018-06-24T16:00:00+00:00,canonical_5m,2018-06-24T15:58:20.423000+00:00,46652446,5750.0,575000,0.018431,53029909,53029909,1,local_official_monthly_aggtrades,/Users/yeshevika/Documents/Codex/2026-08-16/files-pasted-by-the-user-read/work/btc_1m_binance_official/spot/monthly_aggtrades_zip/BTCUSDT-aggTrades-2018-06.zip,e487669f2629140a33afe142a940e1e69b87e41887ed54e272a2c9d937791d98
E00139,primary,aggTrades,agg_trade,spot,2018-06-24,2018-06-24T15:55:00+00:00,2018-06-24T16:00:00+00:00,canonical_5m,2018-06-24T15:58:34.424000+00:00,46652660,5750.0,575000,0.599023,53030130,53030130,1,local_official_monthly_aggtrades,/Users/yeshevika/Documents/Codex/2026-08-16/files-pasted-by-the-user-read/work/btc_1m_binance_official/spot/monthly_aggtrades_zip/BTCUSDT-aggTrades-2018-06.zip,e487669f2629140a33afe142a940e1e69b87e41887ed54e272a2c9d937791d98
E00139,primary,aggTrades,agg_trade,spot,2018-06-24,2018-06-24T15:55:00+00:00,2018-06-24T16:00:00+00:00,canonical_5m,2018-06-24T15:58:34.472000+00:00,46652661,5750.0,575000,1e-06,53030131,53030131,1,local_official_monthly_aggtrades,/Users/yeshevika/Documents/Codex/2026-08-16/files-pasted-by-the-user-read/work/btc_1m_binance_official/spot/monthly_aggtrades_zip/BTCUSDT-aggTrades-2018-06.zip,e487669f2629140a33afe142a940e1e69b87e41887ed54e272a2c9d937791d98
E00139,primary,aggTrades,agg_trade,spot,2018-06-24,2018-06-24T15:55:00+00:00,2018-06-24T16:00:00+00:00,canonical_5m,2018-06-24T15:58:34.510000+00:00,46652662,5750.0,575000,3e-06,53030132,53030132,1,local_official_monthly_aggtrades,/Users/yeshevika/Documents/Codex/2026-08-16/files-pasted-by-the-user-read/work/btc_1m_binance_official/spot/monthly_aggtrades_zip/BTCUSDT-aggTrades-2018-06.zip,e487669f2629140a33afe142a940e1e69b87e41887ed54e272a2c9d937791d98
E00139,primary,aggTrades,agg_trade,spot,2018-06-24,2018-06-24T15:55:00+00:00,2018-06-24T16:00:00+00:00,canonical_5m,2018-06-24T15:58:34.867000+00:00,46652671,5750.0,575000,0.241301,53030141,53030141,1,local_official_monthly_aggtrades,/Users/yeshevika/Documents/Codex/2026-08-16/files-pasted-by-the-user-read/work/btc_1m_binance_official/spot/monthly_aggtrades_zip/BTCUSDT-aggTrades-2018-06.zip,e487669f2629140a33afe142a940e1e69b87e41887ed54e272a2c9d937791d98
E00139,primary,aggTrades,agg_trade,spot,2018-06-24,2018-06-24T15:55:00+00:00,2018-06-24T16:00:00+00:00,canonical_5m,2018-06-24T15:58:35.558000+00:00,46652681,5750.0,575000,0.229578,53030153,53030153,1,local_official_monthly_aggtrades,/Users/yeshevika/Documents/Codex/2026-08-16/files-pasted-by-the-user-read/work/btc_1m_binance_official/spot/monthly_aggtrades_zip/BTCUSDT-aggTrades-2018-06.zip,e487669f2629140a33afe142a940e1e69b87e41887ed54e272a2c9d937791d98
E00139,primary,aggTrades,agg_trade,spot,2018-06-24,2018-06-24T15:55:00+00:00,2018-06-24T16:00:00+00:00,canonical_5m,2018-06-24T15:58:35.595000+00:00,46652682,5750.0,575000,1e-06,53030154,53030154,1,local_official_monthly_aggtrades,/Users/yeshevika/Documents/Codex/2026-08-16/files-pasted-by-the-user-read/work/btc_1m_binance_official/spot/monthly_aggtrades_zip/BTCUSDT-aggTrades-2018-06.zip,e487669f2629140a33afe142a940e1e69b87e41887ed54e272a2c9d937791d98
E00139,primary,aggTrades,agg_trade,spot,2018-06-24,2018-06-24T15:55:00+00:00,2018-06-24T16:00:00+00:00,canonical_5m,2018-06-24T15:58:35.628000+00:00,46652683,5750.0,575000,1.659339,53030155,53030155,1,local_official_monthly_aggtrades,/Users/yeshevika/Documents/Codex/2026-08-16/files-pasted-by-the-user-read/work/btc_1m_binance_official/spot/monthly_aggtrades_zip/BTCUSDT-aggTrades-2018-06.zip,e487669f2629140a33afe142a940e1e69b87e41887ed54e272a2c9d937791d98
E00139,primary,aggTrades,agg_trade,spot,2018-06-24,2018-06-24T15:55:00+00:00,2018-06-24T16:00:00+00:00,canonical_5m,2018-06-24T15:58:35.910000+00:00,46652686,5750.0,575000,1e-06,53030158,53030158,1,local_official_monthly_aggtrades,/Users/yeshevika/Documents/Codex/2026-08-16/files-pasted-by-the-user-read/work/btc_1m_binance_official/spot/monthly_aggtrades_zip/BTCUSDT-aggTrades-2018-06.zip,e487669f2629140a33afe142a940e1e69b87e41887ed54e272a2c9d937791d98
E00139,primary,aggTrades,agg_trade,spot,2018-06-24,2018-06-24T15:55:00+00:00,2018-06-24T16:00:00+00:00,canonical_5m,2018-06-24T15:58:36.046000+00:00,46652694,5750.0,575000,1.448796,53030166,53030166,1,local_official_monthly_aggtrades,/Users/yeshevika/Documents/Codex/2026-08-16/files-pasted-by-the-user-read/work/btc_1m_binance_official/spot/monthly_aggtrades_zip/BTCUSDT-aggTrades-2018-06.zip,e487669f2629140a33afe142a940e1e69b87e41887ed54e272a2c9d937791d98
E00139,primary,aggTrades,agg_trade,spot,2018-06-24,2018-06-24T15:55:00+00:00,2018-06-24T16:00:00+00:00,canonical_5m,2018-06-24T15:58:36.342000+00:00,46652698,5750.0,575000,1e-06,53030170,53030170,1,local_official_monthly_aggtrades,/Users/yeshevika/Documents/Codex/2026-08-16/files-pasted-by-the-user-read/work/btc_1m_binance_official/spot/monthly_aggtrades_zip/BTCUSDT-aggTrades-2018-06.zip,e487669f2629140a33afe142a940e1e69b87e41887ed54e272a2c9d937791d98
E00139,primary,aggTrades,agg_trade,spot,2018-06-24,2018-06-24T15:55:00+00:00,2018-06-24T16:00:00+00:00,canonical_5m,2018-06-24T15:58:36.644000+00:00,46652699,5750.0,575000,1e-06,53030171,53030171,1,local_official_monthly_aggtrades,/Users/yeshevika/Documents/Codex/2026-08-16/files-pasted-by-the-user-read/work/btc_1m_binance_official/spot/monthly_aggtrades_zip/BTCUSDT-aggTrades-2018-06.zip,e487669f2629140a33afe142a940e1e69b87e41887ed54e272a2c9d937791d98
E00139,primary,aggTrades,agg_trade,spot,2018-06-24,2018-06-24T15:55:00+00:00,2018-06-24T16:00:00+00:00,canonical_5m,2018-06-24T15:58:38.325000+00:00,46652722,5750.0,575000,3.232063,53030194,53030204,11,local_official_monthly_aggtrades,/Users/yeshevika/Documents/Codex/2026-08-16/files-pasted-by-the-user-read/work/btc_1m_binance_official/spot/monthly_aggtrades_zip/BTCUSDT-aggTrades-2018-06.zip,e487669f2629140a33afe142a940e1e69b87e41887ed54e272a2c9d937791d98
E00139,primary,aggTrades,agg_trade,spot,2018-06-24,2018-06-24T15:55:00+00:00,2018-06-24T16:00:00+00:00,canonical_5m,2018-06-24T15:58:38.386000+00:00,46652724,5750.0,575000,1e-06,53030206,53030206,1,local_official_monthly_aggtrades,/Users/yeshevika/Documents/Codex/2026-08-16/files-pasted-by-the-user-read/work/btc_1m_binance_official/spot/monthly_aggtrades_zip/BTCUSDT-aggTrades-2018-06.zip,e487669f2629140a33afe142a940e1e69b87e41887ed54e272a2c9d937791d98
E00139,primary,aggTrades,agg_trade,spot,2018-06-24,2018-06-24T15:55:00+00:00,2018-06-24T16:00:00+00:00,canonical_5m,2018-06-24T15:58:38.500000+00:00,46652725,5750.0,575000,0.00765,53030207,53030208,2,local_official_monthly_aggtrades,/Users/yeshevika/Documents/Codex/2026-08-16/files-pasted-by-the-user-read/work/btc_1m_binance_official/spot/monthly_aggtrades_zip/BTCUSDT-aggTrades-2018-06.zip,e487669f2629140a33afe142a940e1e69b87e41887ed54e272a2c9d937791d98
E00139,primary,aggTrades,agg_trade,spot,2018-06-24,2018-06-24T15:55:00+00:00,2018-06-24T16:00:00+00:00,canonical_5m,2018-06-24T15:58:38.635000+00:00,46652728,5750.0,575000,1.322578,53030211,53030216,6,local_official_monthly_aggtrades,/Users/yeshevika/Documents/Codex/2026-08-16/files-pasted-by-the-user-read/work/btc_1m_binance_official/spot/monthly_aggtrades_zip/BTCUSDT-aggTrades-2018-06.zip,e487669f2629140a33afe142a940e1e69b87e41887ed54e272a2c9d937791d98
E00139,primary,aggTrades,agg_trade,spot,2018-06-24,2018-06-24T15:55:00+00:00,2018-06-24T16:00:00+00:00,canonical_5m,2018-06-24T15:58:38.718000+00:00,46652729,5750.0,575000,1e-06,53030217,53030217,1,local_official_monthly_aggtrades,/Users/yeshevika/Documents/Codex/2026-08-16/files-pasted-by-the-user-read/work/btc_1m_binance_official/spot/monthly_aggtrades_zip/BTCUSDT-aggTrades-2018-06.zip,e487669f2629140a33afe142a940e1e69b87e41887ed54e272a2c9d937791d98
E00139,primary,aggTrades,agg_trade,spot,2018-06-24,2018-06-24T15:55:00+00:00,2018-06-24T16:00:00+00:00,canonical_5m,2018-06-24T15:58:39.131000+00:00,46652733,5750.0,575000,5.093979,53030221,53030227,7,local_official_monthly_aggtrades,/Users/yeshevika/Documents/Codex/2026-08-16/files-pasted-by-the-user-read/work/btc_1m_binance_official/spot/monthly_aggtrades_zip/BTCUSDT-aggTrades-2018-06.zip,e487669f2629140a33afe142a940e1e69b87e41887ed54e272a2c9d937791d98
E00139,primary,aggTrades,agg_trade,spot,2018-06-24,2018-06-24T15:55:00+00:00,2018-06-24T16:00:00+00:00,canonical_5m,2018-06-24T15:58:39.390000+00:00,46652737,5750.0,575000,1e-06,53030231,53030231,1,local_official_monthly_aggtrades,/Users/yeshevika/Documents/Codex/2026-08-16/files-pasted-by-the-user-read/work/btc_1m_binance_official/spot/monthly_aggtrades_zip/BTCUSDT-aggTrades-2018-06.zip,e487669f2629140a33afe142a940e1e69b87e41887ed54e272a2c9d937791d98
E00139,primary,aggTrades,agg_trade,spot,2018-06-24,2018-06-24T15:55:00+00:00,2018-06-24T16:00:00+00:00,canonical_5m,2018-06-24T15:58:39.639000+00:00,46652739,5750.0,575000,0.247615,53030233,53030233,1,local_official_monthly_aggtrades,/Users/yeshevika/Documents/Codex/2026-08-16/files-pasted-by-the-user-read/work/btc_1m_binance_official/spot/monthly_aggtrades_zip/BTCUSDT-aggTrades-2018-06.zip,e487669f2629140a33afe142a940e1e69b87e41887ed54e272a2c9d937791d98
E00139,primary,aggTrades,agg_trade,spot,2018-06-24,2018-06-24T15:55:00+00:00,2018-06-24T16:00:00+00:00,canonical_5m,2018-06-24T15:58:39.753000+00:00,46652741,5750.0,575000,1e-06,53030235,53030235,1,local_official_monthly_aggtrades,/Users/yeshevika/Documents/Codex/2026-08-16/files-pasted-by-the-user-read/work/btc_1m_binance_official/spot/monthly_aggtrades_zip/BTCUSDT-aggTrades-2018-06.zip,e487669f2629140a33afe142a940e1e69b87e41887ed54e272a2c9d937791d98
E00139,primary,aggTrades,agg_trade,spot,2018-06-24,2018-06-24T15:55:00+00:00,2018-06-24T16:00:00+00:00,canonical_5m,2018-06-24T15:58:40.083000+00:00,46652750,5750.0,575000,1e-06,53030245,53030245,1,local_official_monthly_aggtrades,/Users/yeshevika/Documents/Codex/2026-08-16/files-pasted-by-the-user-read/work/btc_1m_binance_official/spot/monthly_aggtrades_zip/BTCUSDT-aggTrades-2018-06.zip,e487669f2629140a33afe142a940e1e69b87e41887ed54e272a2c9d937791d98
E00139,primary,aggTrades,agg_trade,spot,2018-06-24,2018-06-24T15:55:00+00:00,2018-06-24T16:00:00+00:00,canonical_5m,2018-06-24T15:58:40.083000+00:00,46652751,5750.0,575000,0.110916,53030246,53030246,1,local_official_monthly_aggtrades,/Users/yeshevika/Documents/Codex/2026-08-16/files-pasted-by-the-user-read/work/btc_1m_binance_official/spot/monthly_aggtrades_zip/BTCUSDT-aggTrades-2018-06.zip,e487669f2629140a33afe142a940e1e69b87e41887ed54e272a2c9d937791d98
E00139,primary,aggTrades,agg_trade,spot,2018-06-24,2018-06-24T15:55:00+00:00,2018-06-24T16:00:00+00:00,canonical_5m,2018-06-24T15:58:40.419000+00:00,46652764,5750.0,575000,1e-06,53030259,53030259,1,local_official_monthly_aggtrades,/Users/yeshevika/Documents/Codex/2026-08-16/files-pasted-by-the-user-read/work/btc_1m_binance_official/spot/monthly_aggtrades_zip/BTCUSDT-aggTrades-2018-06.zip,e487669f2629140a33afe142a940e1e69b87e41887ed54e272a2c9d937791d98
E00139,primary,aggTrades,agg_trade,spot,2018-06-24,2018-06-24T15:55:00+00:00,2018-06-24T16:00:00+00:00,canonical_5m,2018-06-24T15:58:40.509000+00:00,46652765,5750.0,575000,0.040219,53030260,53030260,1,local_official_monthly_aggtrades,/Users/yeshevika/Documents/Codex/2026-08-16/files-pasted-by-the-user-read/work/btc_1m_binance_official/spot/monthly_aggtrades_zip/BTCUSDT-aggTrades-2018-06.zip,e487669f2629140a33afe142a940e1e69b87e41887ed54e272a2c9d937791d98
E00139,primary,aggTrades,agg_trade,spot,2018-06-24,2018-06-24T15:55:00+00:00,2018-06-24T16:00:00+00:00,canonical_5m,2018-06-24T15:58:40.564000+00:00,46652767,5750.0,575000,0.002,53030262,53030262,1,local_official_monthly_aggtrades,/Users/yeshevika/Documents/Codex/2026-08-16/files-pasted-by-the-user-read/work/btc_1m_binance_official/spot/monthly_aggtrades_zip/BTCUSDT-aggTrades-2018-06.zip,e487669f2629140a33afe142a940e1e69b87e41887ed54e272a2c9d937791d98
E00139,primary,aggTrades,agg_trade,spot,2018-06-24,2018-06-24T15:55:00+00:00,2018-06-24T16:00:00+00:00,canonical_5m,2018-06-24T15:58:40.980000+00:00,46652775,5750.0,575000,0.357746,53030270,53030270,1,local_official_monthly_aggtrades,/Users/yeshevika/Documents/Codex/2026-08-16/files-pasted-by-the-user-read/work/btc_1m_binance_official/spot/monthly_aggtrades_zip/BTCUSDT-aggTrades-2018-06.zip,e487669f2629140a33afe142a940e1e69b87e41887ed54e272a2c9d937791d98
E00139,primary,aggTrades,agg_trade,spot,2018-06-24,2018-06-24T15:55:00+00:00,2018-06-24T16:00:00+00:00,canonical_5m,2018-06-24T15:58:40.995000+00:00,46652776,5750.0,575000,0.058017,53030271,53030271,1,local_official_monthly_aggtrades,/Users/yeshevika/Documents/Codex/2026-08-16/files-pasted-by-the-user-read/work/btc_1m_binance_official/spot/monthly_aggtrades_zip/BTCUSDT-aggTrades-2018-06.zip,e487669f2629140a33afe142a940e1e69b87e41887ed54e272a2c9d937791d98
E00139,primary,aggTrades,agg_trade,spot,2018-06-24,2018-06-24T15:55:00+00:00,2018-06-24T16:00:00+00:00,canonical_5m,2018-06-24T15:58:41.093000+00:00,46652777,5750.0,575000,1e-06,53030272,53030272,1,local_official_monthly_aggtrades,/Users/yeshevika/Documents/Codex/2026-08-16/files-pasted-by-the-user-read/work/btc_1m_binance_official/spot/monthly_aggtrades_zip/BTCUSDT-aggTrades-2018-06.zip,e487669f2629140a33afe142a940e1e69b87e41887ed54e272a2c9d937791d98
E00139,primary,aggTrades,agg_trade,spot,2018-06-24,2018-06-24T15:55:00+00:00,2018-06-24T16:00:00+00:00,canonical_5m,2018-06-24T15:58:41.194000+00:00,46652779,5750.0,575000,0.099609,53030274,53030274,1,local_official_monthly_aggtrades,/Users/yeshevika/Documents/Codex/2026-08-16/files-pasted-by-the-user-read/work/btc_1m_binance_official/spot/monthly_aggtrades_zip/BTCUSDT-aggTrades-2018-06.zip,e487669f2629140a33afe142a940e1e69b87e41887ed54e272a2c9d937791d98
E00139,primary,aggTrades,agg_trade,spot,2018-06-24,2018-06-24T15:55:00+00:00,2018-06-24T16:00:00+00:00,canonical_5m,2018-06-24T15:58:41.281000+00:00,46652780,5750.0,575000,0.002,53030275,53030275,1,local_official_monthly_aggtrades,/Users/yeshevika/Documents/Codex/2026-08-16/files-pasted-by-the-user-read/work/btc_1m_binance_official/spot/monthly_aggtrades_zip/BTCUSDT-aggTrades-2018-06.zip,e487669f2629140a33afe142a940e1e69b87e41887ed54e272a2c9d937791d98
E00139,primary,aggTrades,agg_trade,spot,2018-06-24,2018-06-24T15:55:00+00:00,2018-06-24T16:00:00+00:00,canonical_5m,2018-06-24T15:58:41.445000+00:00,46652785,5750.0,575000,1e-06,53030280,53030280,1,local_official_monthly_aggtrades,/Users/yeshevika/Documents/Codex/2026-08-16/files-pasted-by-the-user-read/work/btc_1m_binance_official/spot/monthly_aggtrades_zip/BTCUSDT-aggTrades-2018-06.zip,e487669f2629140a33afe142a940e1e69b87e41887ed54e272a2c9d937791d98
E00139,primary,aggTrades,agg_trade,spot,2018-06-24,2018-06-24T15:55:00+00:00,2018-06-24T16:00:00+00:00,canonical_5m,2018-06-24T15:58:41.632000+00:00,46652792,5750.0,575000,0.610586,53030287,53030287,1,local_official_monthly_aggtrades,/Users/yeshevika/Documents/Codex/2026-08-16/files-pasted-by-the-user-read/work/btc_1m_binance_official/spot/monthly_aggtrades_zip/BTCUSDT-aggTrades-2018-06.zip,e487669f2629140a33afe142a940e1e69b87e41887ed54e272a2c9d937791d98
E00139,primary,aggTrades,agg_trade,spot,2018-06-24,2018-06-24T15:55:00+00:00,2018-06-24T16:00:00+00:00,canonical_5m,2018-06-24T15:58:41.685000+00:00,46652794,5750.0,575000,0.002,53030289,53030289,1,local_official_monthly_aggtrades,/Users/yeshevika/Documents/Codex/2026-08-16/files-pasted-by-the-user-read/work/btc_1m_binance_official/spot/monthly_aggtrades_zip/BTCUSDT-aggTrades-2018-06.zip,e487669f2629140a33afe142a940e1e69b87e41887ed54e272a2c9d937791d98
E00139,primary,aggTrades,agg_trade,spot,2018-06-24,2018-06-24T15:55:00+00:00,2018-06-24T16:00:00+00:00,canonical_5m,2018-06-24T15:58:41.810000+00:00,46652796,5750.0,575000,1e-06,53030291,53030291,1,local_official_monthly_aggtrades,/Users/yeshevika/Documents/Codex/2026-08-16/files-pasted-by-the-user-read/work/btc_1m_binance_official/spot/monthly_aggtrades_zip/BTCUSDT-aggTrades-2018-06.zip,e487669f2629140a33afe142a940e1e69b87e41887ed54e272a2c9d937791d98
E00139,primary,aggTrades,agg_trade,spot,2018-06-24,2018-06-24T15:55:00+00:00,2018-06-24T16:00:00+00:00,canonical_5m,2018-06-24T15:58:41.896000+00:00,46652797,5750.0,575000,0.219355,53030292,53030292,1,local_official_monthly_aggtrades,/Users/yeshevika/Documents/Codex/2026-08-16/files-pasted-by-the-user-read/work/btc_1m_binance_official/spot/monthly_aggtrades_zip/BTCUSDT-aggTrades-2018-06.zip,e487669f2629140a33afe142a940e1e69b87e41887ed54e272a2c9d937791d98
E00139,primary,aggTrades,agg_trade,spot,2018-06-24,2018-06-24T15:55:00+00:00,2018-06-24T16:00:00+00:00,canonical_5m,2018-06-24T15:59:47.476000+00:00,46653698,5750.0,575000,15.015219,53031250,53031250,1,local_official_monthly_aggtrades,/Users/yeshevika/Documents/Codex/2026-08-16/files-pasted-by-the-user-read/work/btc_1m_binance_official/spot/monthly_aggtrades_zip/BTCUSDT-aggTrades-2018-06.zip,e487669f2629140a33afe142a940e1e69b87e41887ed54e272a2c9d937791d98
E00139,primary,aggTrades,agg_trade,spot,2018-06-24,2018-06-24T16:00:00+00:00,2018-06-24T16:05:00+00:00,canonical_5m,2018-06-24T16:00:00.736000+00:00,46653880,5750.0,575000,1.986794,53031442,53031442,1,local_official_monthly_aggtrades,/Users/yeshevika/Documents/Codex/2026-08-16/files-pasted-by-the-user-read/work/btc_1m_binance_official/spot/monthly_aggtrades_zip/BTCUSDT-aggTrades-2018-06.zip,e487669f2629140a33afe142a940e1e69b87e41887ed54e272a2c9d937791d98
E00139,primary,aggTrades,agg_trade,spot,2018-06-24,2018-06-24T16:00:00+00:00,2018-06-24T16:05:00+00:00,canonical_5m,2018-06-24T16:00:25.940000+00:00,46654154,5750.0,575000,1.399284,53031741,53031741,1,local_official_monthly_aggtrades,/Users/yeshevika/Documents/Codex/2026-08-16/files-pasted-by-the-user-read/work/btc_1m_binance_official/spot/monthly_aggtrades_zip/BTCUSDT-aggTrades-2018-06.zip,e487669f2629140a33afe142a940e1e69b87e41887ed54e272a2c9d937791d98
E00139,primary,aggTrades,agg_trade,spot,2018-06-24,2018-06-24T16:00:00+00:00,2018-06-24T16:05:00+00:00,canonical_5m,2018-06-24T16:00:25.940000+00:00,46654155,5750.0,575000,2.569302,53031742,53031754,13,local_official_monthly_aggtrades,/Users/yeshevika/Documents/Codex/2026-08-16/files-pasted-by-the-user-read/work/btc_1m_binance_official/spot/monthly_aggtrades_zip/BTCUSDT-aggTrades-2018-06.zip,e487669f2629140a33afe142a940e1e69b87e41887ed54e272a2c9d937791d98
E00139,primary,aggTrades,agg_trade,spot,2018-06-24,2018-06-24T16:00:00+00:00,2018-06-24T16:05:00+00:00,canonical_5m,2018-06-24T16:00:50.938000+00:00,46654410,5750.0,575000,1.89272,53032031,53032037,7,local_official_monthly_aggtrades,/Users/yeshevika/Documents/Codex/2026-08-16/files-pasted-by-the-user-read/work/btc_1m_binance_official/spot/monthly_aggtrades_zip/BTCUSDT-aggTrades-2018-06.zip,e487669f2629140a33afe142a940e1e69b87e41887ed54e272a2c9d937791d98
E00140,primary,aggTrades,agg_trade,spot,2018-07-25,2018-07-25T00:25:00+00:00,2018-07-25T00:30:00+00:00,canonical_5m,2018-07-25T00:25:25.044000+00:00,51999178,8491.77,849177,0.456281,58834036,58834036,1,local_official_monthly_aggtrades,/Users/yeshevika/Documents/Codex/2026-08-16/files-pasted-by-the-user-read/work/btc_1m_binance_official/spot/monthly_aggtrades_zip/BTCUSDT-aggTrades-2018-07.zip,8a0f2e363552010dbbcd7f621c9f8911888910ed83a0c763f81a0094b5306f48
E00148,primary_fallback,trades,raw_trade,spot,2018-08-14,2018-08-14T03:05:00+00:00,2018-08-14T03:10:00+00:00,canonical_5m,2018-08-14T03:05:31.564000+00:00,63270223,5880.00000000,588000,0.00178500,63270223,63270223,1,raw_fallback_missing_local_aggtrades,/Users/yeshevika/Documents/Codex/2026-08-16/files-pasted-by-the-user-read/work/candle and tick data/spot/ticks/official_daily_raw_trades_zip/2018/08.2018/BTCUSDT-trades-2018-08-14.zip,0b0ebd0ac5b0f3141495647f549b6c59229d4c33e8368da6ab87554c34ff9200
E00148,primary_fallback,trades,raw_trade,spot,2018-08-14,2018-08-14T03:05:00+00:00,2018-08-14T03:10:00+00:00,canonical_5m,2018-08-14T03:05:31.564000+00:00,63270224,5880.00000000,588000,0.08155100,63270224,63270224,1,raw_fallback_missing_local_aggtrades,/Users/yeshevika/Documents/Codex/2026-08-16/files-pasted-by-the-user-read/work/candle and tick data/spot/ticks/official_daily_raw_trades_zip/2018/08.2018/BTCUSDT-trades-2018-08-14.zip,0b0ebd0ac5b0f3141495647f549b6c59229d4c33e8368da6ab87554c34ff9200
E00148,primary_fallback,trades,raw_trade,spot,2018-08-14,2018-08-14T03:05:00+00:00,2018-08-14T03:10:00+00:00,canonical_5m,2018-08-14T03:05:31.564000+00:00,63270225,5880.00000000,588000,0.04509000,63270225,63270225,1,raw_fallback_missing_local_aggtrades,/Users/yeshevika/Documents/Codex/2026-08-16/files-pasted-by-the-user-read/work/candle and tick data/spot/ticks/official_daily_raw_trades_zip/2018/08.2018/BTCUSDT-trades-2018-08-14.zip,0b0ebd0ac5b0f3141495647f549b6c59229d4c33e8368da6ab87554c34ff9200
E00148,primary_fallback,trades,raw_trade,spot,2018-08-14,2018-08-14T03:05:00+00:00,2018-08-14T03:10:00+00:00,canonical_5m,2018-08-14T03:05:31.564000+00:00,63270226,5880.00000000,588000,0.11032500,63270226,63270226,1,raw_fallback_missing_local_aggtrades,/Users/yeshevika/Documents/Codex/2026-08-16/files-pasted-by-the-user-read/work/candle and tick data/spot/ticks/official_daily_raw_trades_zip/2018/08.2018/BTCUSDT-trades-2018-08-14.zip,0b0ebd0ac5b0f3141495647f549b6c59229d4c33e8368da6ab87554c34ff9200
E00148,primary_fallback,trades,raw_trade,spot,2018-08-14,2018-08-14T03:05:00+00:00,2018-08-14T03:10:00+00:00,canonical_5m,2018-08-14T03:05:31.564000+00:00,63270227,5880.00000000,588000,0.05722100,63270227,63270227,1,raw_fallback_missing_local_aggtrades,/Users/yeshevika/Documents/Codex/2026-08-16/files-pasted-by-the-user-read/work/candle and tick data/spot/ticks/official_daily_raw_trades_zip/2018/08.2018/BTCUSDT-trades-2018-08-14.zip,0b0ebd0ac5b0f3141495647f549b6c59229d4c33e8368da6ab87554c34ff9200
E00148,primary_fallback,trades,raw_trade,spot,2018-08-14,2018-08-14T03:05:00+00:00,2018-08-14T03:10:00+00:00,canonical_5m,2018-08-14T03:05:31.564000+00:00,63270228,5880.00000000,588000,0.82245400,63270228,63270228,1,raw_fallback_missing_local_aggtrades,/Users/yeshevika/Documents/Codex/2026-08-16/files-pasted-by-the-user-read/work/candle and tick data/spot/ticks/official_daily_raw_trades_zip/2018/08.2018/BTCUSDT-trades-2018-08-14.zip,0b0ebd0ac5b0f3141495647f549b6c59229d4c33e8368da6ab87554c34ff9200
E00148,primary_fallback,trades,raw_trade,spot,2018-08-14,2018-08-14T03:05:00+00:00,2018-08-14T03:10:00+00:00,canonical_5m,2018-08-14T03:05:31.564000+00:00,63270229,5880.00000000,588000,0.03729100,63270229,63270229,1,raw_fallback_missing_local_aggtrades,/Users/yeshevika/Documents/Codex/2026-08-16/files-pasted-by-the-user-read/work/candle and tick data/spot/ticks/official_daily_raw_trades_zip/2018/08.2018/BTCUSDT-trades-2018-08-14.zip,0b0ebd0ac5b0f3141495647f549b6c59229d4c33e8368da6ab87554c34ff9200
E00148,primary_fallback,trades,raw_trade,spot,2018-08-14,2018-08-14T03:05:00+00:00,2018-08-14T03:10:00+00:00,canonical_5m,2018-08-14T03:05:31.564000+00:00,63270230,5880.00000000,588000,0.00292900,63270230,63270230,1,raw_fallback_missing_local_aggtrades,/Users/yeshevika/Documents/Codex/2026-08-16/files-pasted-by-the-user-read/work/candle and tick data/spot/ticks/official_daily_raw_trades_zip/2018/08.2018/BTCUSDT-trades-2018-08-14.zip,0b0ebd0ac5b0f3141495647f549b6c59229d4c33e8368da6ab87554c34ff9200
E00148,primary_fallback,trades,raw_trade,spot,2018-08-14,2018-08-14T03:05:00+00:00,2018-08-14T03:10:00+00:00,canonical_5m,2018-08-14T03:05:31.564000+00:00,63270231,5880.00000000,588000,0.01600000,63270231,63270231,1,raw_fallback_missing_local_aggtrades,/Users/yeshevika/Documents/Codex/2026-08-16/files-pasted-by-the-user-read/work/candle and tick data/spot/ticks/official_daily_raw_trades_zip/2018/08.2018/BTCUSDT-trades-2018-08-14.zip,0b0ebd0ac5b0f3141495647f549b6c59229d4c33e8368da6ab87554c34ff9200
E00148,primary_fallback,trades,raw_trade,spot,2018-08-14,2018-08-14T03:05:00+00:00,2018-08-14T03:10:00+00:00,canonical_5m,2018-08-14T03:05:31.564000+00:00,63270232,5880.00000000,588000,0.13100200,63270232,63270232,1,raw_fallback_missing_local_aggtrades,/Users/yeshevika/Documents/Codex/2026-08-16/files-pasted-by-the-user-read/work/candle and tick data/spot/ticks/official_daily_raw_trades_zip/2018/08.2018/BTCUSDT-trades-2018-08-14.zip,0b0ebd0ac5b0f3141495647f549b6c59229d4c33e8368da6ab87554c34ff9200
E00148,primary_fallback,trades,raw_trade,spot,2018-08-14,2018-08-14T03:05:00+00:00,2018-08-14T03:10:00+00:00,canonical_5m,2018-08-14T03:05:31.564000+00:00,63270233,5880.00000000,588000,0.03500000,63270233,63270233,1,raw_fallback_missing_local_aggtrades,/Users/yeshevika/Documents/Codex/2026-08-16/files-pasted-by-the-user-read/work/candle and tick data/spot/ticks/official_daily_raw_trades_zip/2018/08.2018/BTCUSDT-trades-2018-08-14.zip,0b0ebd0ac5b0f3141495647f549b6c59229d4c33e8368da6ab87554c34ff9200
E00148,primary_fallback,trades,raw_trade,spot,2018-08-14,2018-08-14T03:05:00+00:00,2018-08-14T03:10:00+00:00,canonical_5m,2018-08-14T03:05:31.564000+00:00,63270234,5880.00000000,588000,0.01000000,63270234,63270234,1,raw_fallback_missing_local_aggtrades,/Users/yeshevika/Documents/Codex/2026-08-16/files-pasted-by-the-user-read/work/candle and tick data/spot/ticks/official_daily_raw_trades_zip/2018/08.2018/BTCUSDT-trades-2018-08-14.zip,0b0ebd0ac5b0f3141495647f549b6c59229d4c33e8368da6ab87554c34ff9200
E00148,primary_fallback,trades,raw_trade,spot,2018-08-14,2018-08-14T03:05:00+00:00,2018-08-14T03:10:00+00:00,canonical_5m,2018-08-14T03:05:31.564000+00:00,63270235,5880.00000000,588000,2.30000000,63270235,63270235,1,raw_fallback_missing_local_aggtrades,/Users/yeshevika/Documents/Codex/2026-08-16/files-pasted-by-the-user-read/work/candle and tick data/spot/ticks/official_daily_raw_trades_zip/2018/08.2018/BTCUSDT-trades-2018-08-14.zip,0b0ebd0ac5b0f3141495647f549b6c59229d4c33e8368da6ab87554c34ff9200
E00148,primary_fallback,trades,raw_trade,spot,2018-08-14,2018-08-14T03:05:00+00:00,2018-08-14T03:10:00+00:00,canonical_5m,2018-08-14T03:05:31.564000+00:00,63270236,5880.00000000,588000,0.00501000,63270236,63270236,1,raw_fallback_missing_local_aggtrades,/Users/yeshevika/Documents/Codex/2026-08-16/files-pasted-by-the-user-read/work/candle and tick data/spot/ticks/official_daily_raw_trades_zip/2018/08.2018/BTCUSDT-trades-2018-08-14.zip,0b0ebd0ac5b0f3141495647f549b6c59229d4c33e8368da6ab87554c34ff9200
E00148,primary_fallback,trades,raw_trade,spot,2018-08-14,2018-08-14T03:05:00+00:00,2018-08-14T03:10:00+00:00,canonical_5m,2018-08-14T03:05:31.564000+00:00,63270237,5880.00000000,588000,0.06364900,63270237,63270237,1,raw_fallback_missing_local_aggtrades,/Users/yeshevika/Documents/Codex/2026-08-16/files-pasted-by-the-user-read/work/candle and tick data/spot/ticks/official_daily_raw_trades_zip/2018/08.2018/BTCUSDT-trades-2018-08-14.zip,0b0ebd0ac5b0f3141495647f549b6c59229d4c33e8368da6ab87554c34ff9200
E00148,primary_fallback,trades,raw_trade,spot,2018-08-14,2018-08-14T03:05:00+00:00,2018-08-14T03:10:00+00:00,canonical_5m,2018-08-14T03:05:31.564000+00:00,63270240,5880.00000000,588000,0.17968500,63270240,63270240,1,raw_fallback_missing_local_aggtrades,/Users/yeshevika/Documents/Codex/2026-08-16/files-pasted-by-the-user-read/work/candle and tick data/spot/ticks/official_daily_raw_trades_zip/2018/08.2018/BTCUSDT-trades-2018-08-14.zip,0b0ebd0ac5b0f3141495647f549b6c59229d4c33e8368da6ab87554c34ff9200
E00148,primary_fallback,trades,raw_trade,spot,2018-08-14,2018-08-14T03:05:00+00:00,2018-08-14T03:10:00+00:00,canonical_5m,2018-08-14T03:05:31.564000+00:00,63270241,5880.00000000,588000,0.08488300,63270241,63270241,1,raw_fallback_missing_local_aggtrades,/Users/yeshevika/Documents/Codex/2026-08-16/files-pasted-by-the-user-read/work/candle and tick data/spot/ticks/official_daily_raw_trades_zip/2018/08.2018/BTCUSDT-trades-2018-08-14.zip,0b0ebd0ac5b0f3141495647f549b6c59229d4c33e8368da6ab87554c34ff9200
E00148,primary_fallback,trades,raw_trade,spot,2018-08-14,2018-08-14T03:05:00+00:00,2018-08-14T03:10:00+00:00,canonical_5m,2018-08-14T03:05:31.564000+00:00,63270242,5880.00000000,588000,0.23596500,63270242,63270242,1,raw_fallback_missing_local_aggtrades,/Users/yeshevika/Documents/Codex/2026-08-16/files-pasted-by-the-user-read/work/candle and tick data/spot/ticks/official_daily_raw_trades_zip/2018/08.2018/BTCUSDT-trades-2018-08-14.zip,0b0ebd0ac5b0f3141495647f549b6c59229d4c33e8368da6ab87554c34ff9200
E00148,primary_fallback,trades,raw_trade,spot,2018-08-14,2018-08-14T03:05:00+00:00,2018-08-14T03:10:00+00:00,canonical_5m,2018-08-14T03:05:31.564000+00:00,63270243,5880.00000000,588000,0.17006800,63270243,63270243,1,raw_fallback_missing_local_aggtrades,/Users/yeshevika/Documents/Codex/2026-08-16/files-pasted-by-the-user-read/work/candle and tick data/spot/ticks/official_daily_raw_trades_zip/2018/08.2018/BTCUSDT-trades-2018-08-14.zip,0b0ebd0ac5b0f3141495647f549b6c59229d4c33e8368da6ab87554c34ff9200
E00148,primary_fallback,trades,raw_trade,spot,2018-08-14,2018-08-14T03:05:00+00:00,2018-08-14T03:10:00+00:00,canonical_5m,2018-08-14T03:05:31.564000+00:00,63270244,5880.00000000,588000,0.00317400,63270244,63270244,1,raw_fallback_missing_local_aggtrades,/Users/yeshevika/Documents/Codex/2026-08-16/files-pasted-by-the-user-read/work/candle and tick data/spot/ticks/official_daily_raw_trades_zip/2018/08.2018/BTCUSDT-trades-2018-08-14.zip,0b0ebd0ac5b0f3141495647f549b6c59229d4c33e8368da6ab87554c34ff9200
E00148,primary_fallback,trades,raw_trade,spot,2018-08-14,2018-08-14T03:05:00+00:00,2018-08-14T03:10:00+00:00,canonical_5m,2018-08-14T03:05:31.564000+00:00,63270245,5880.00000000,588000,0.16855300,63270245,63270245,1,raw_fallback_missing_local_aggtrades,/Users/yeshevika/Documents/Codex/2026-08-16/files-pasted-by-the-user-read/work/candle and tick data/spot/ticks/official_daily_raw_trades_zip/2018/08.2018/BTCUSDT-trades-2018-08-14.zip,0b0ebd0ac5b0f3141495647f549b6c59229d4c33e8368da6ab87554c34ff9200
E00148,primary_fallback,trades,raw_trade,spot,2018-08-14,2018-08-14T03:05:00+00:00,2018-08-14T03:10:00+00:00,canonical_5m,2018-08-14T03:05:31.564000+00:00,63270246,5880.00000000,588000,0.11242500,63270246,63270246,1,raw_fallback_missing_local_aggtrades,/Users/yeshevika/Documents/Codex/2026-08-16/files-pasted-by-the-user-read/work/candle and tick data/spot/ticks/official_daily_raw_trades_zip/2018/08.2018/BTCUSDT-trades-2018-08-14.zip,0b0ebd0ac5b0f3141495647f549b6c59229d4c33e8368da6ab87554c34ff9200
E00148,primary_fallback,trades,raw_trade,spot,2018-08-14,2018-08-14T03:05:00+00:00,2018-08-14T03:10:00+00:00,canonical_5m,2018-08-14T03:05:31.564000+00:00,63270247,5880.00000000,588000,0.10594300,63270247,63270247,1,raw_fallback_missing_local_aggtrades,/Users/yeshevika/Documents/Codex/2026-08-16/files-pasted-by-the-user-read/work/candle and tick data/spot/ticks/official_daily_raw_trades_zip/2018/08.2018/BTCUSDT-trades-2018-08-14.zip,0b0ebd0ac5b0f3141495647f549b6c59229d4c33e8368da6ab87554c34ff9200
E00148,primary_fallback,trades,raw_trade,spot,2018-08-14,2018-08-14T03:05:00+00:00,2018-08-14T03:10:00+00:00,canonical_5m,2018-08-14T03:05:31.564000+00:00,63270248,5880.00000000,588000,0.15241800,63270248,63270248,1,raw_fallback_missing_local_aggtrades,/Users/yeshevika/Documents/Codex/2026-08-16/files-pasted-by-the-user-read/work/candle and tick data/spot/ticks/official_daily_raw_trades_zip/2018/08.2018/BTCUSDT-trades-2018-08-14.zip,0b0ebd0ac5b0f3141495647f549b6c59229d4c33e8368da6ab87554c34ff9200
E00148,primary_fallback,trades,raw_trade,spot,2018-08-14,2018-08-14T03:05:00+00:00,2018-08-14T03:10:00+00:00,canonical_5m,2018-08-14T03:05:31.564000+00:00,63270249,5880.00000000,588000,0.00200000,63270249,63270249,1,raw_fallback_missing_local_aggtrades,/Users/yeshevika/Documents/Codex/2026-08-16/files-pasted-by-the-user-read/work/candle and tick data/spot/ticks/official_daily_raw_trades_zip/2018/08.2018/BTCUSDT-trades-2018-08-14.zip,0b0ebd0ac5b0f3141495647f549b6c59229d4c33e8368da6ab87554c34ff9200
E00148,primary_fallback,trades,raw_trade,spot,2018-08-14,2018-08-14T03:05:00+00:00,2018-08-14T03:10:00+00:00,canonical_5m,2018-08-14T03:05:31.564000+00:00,63270250,5880.00000000,588000,0.37068800,63270250,63270250,1,raw_fallback_missing_local_aggtrades,/Users/yeshevika/Documents/Codex/2026-08-16/files-pasted-by-the-user-read/work/candle and tick data/spot/ticks/official_daily_raw_trades_zip/2018/08.2018/BTCUSDT-trades-2018-08-14.zip,0b0ebd0ac5b0f3141495647f549b6c59229d4c33e8368da6ab87554c34ff9200
E00148,primary_fallback,trades,raw_trade,spot,2018-08-14,2018-08-14T03:05:00+00:00,2018-08-14T03:10:00+00:00,canonical_5m,2018-08-14T03:05:31.564000+00:00,63270251,5880.00000000,588000,0.04944600,63270251,63270251,1,raw_fallback_missing_local_aggtrades,/Users/yeshevika/Documents/Codex/2026-08-16/files-pasted-by-the-user-read/work/candle and tick data/spot/ticks/official_daily_raw_trades_zip/2018/08.2018/BTCUSDT-trades-2018-08-14.zip,0b0ebd0ac5b0f3141495647f549b6c59229d4c33e8368da6ab87554c34ff9200
E00148,primary_fallback,trades,raw_trade,spot,2018-08-14,2018-08-14T03:05:00+00:00,2018-08-14T03:10:00+00:00,canonical_5m,2018-08-14T03:05:31.564000+00:00,63270252,5880.00000000,588000,0.02973200,63270252,63270252,1,raw_fallback_missing_local_aggtrades,/Users/yeshevika/Documents/Codex/2026-08-16/files-pasted-by-the-user-read/work/candle and tick data/spot/ticks/official_daily_raw_trades_zip/2018/08.2018/BTCUSDT-trades-2018-08-14.zip,0b0ebd0ac5b0f3141495647f549b6c59229d4c33e8368da6ab87554c34ff9200
E00148,primary_fallback,trades,raw_trade,spot,2018-08-14,2018-08-14T03:05:00+00:00,2018-08-14T03:10:00+00:00,canonical_5m,2018-08-14T03:05:31.564000+00:00,63270253,5880.00000000,588000,0.05581600,63270253,63270253,1,raw_fallback_missing_local_aggtrades,/Users/yeshevika/Documents/Codex/2026-08-16/files-pasted-by-the-user-read/work/candle and tick data/spot/ticks/official_daily_raw_trades_zip/2018/08.2018/BTCUSDT-trades-2018-08-14.zip,0b0ebd0ac5b0f3141495647f549b6c59229d4c33e8368da6ab87554c34ff9200
E00148,primary_fallback,trades,raw_trade,spot,2018-08-14,2018-08-14T03:05:00+00:00,2018-08-14T03:10:00+00:00,canonical_5m,2018-08-14T03:05:31.564000+00:00,63270254,5880.00000000,588000,0.04000000,63270254,63270254,1,raw_fallback_missing_local_aggtrades,/Users/yeshevika/Documents/Codex/2026-08-16/files-pasted-by-the-user-read/work/candle and tick data/spot/ticks/official_daily_raw_trades_zip/2018/08.2018/BTCUSDT-trades-2018-08-14.zip,0b0ebd0ac5b0f3141495647f549b6c59229d4c33e8368da6ab87554c34ff9200
E00148,primary_fallback,trades,raw_trade,spot,2018-08-14,2018-08-14T03:05:00+00:00,2018-08-14T03:10:00+00:00,canonical_5m,2018-08-14T03:05:31.564000+00:00,63270255,5880.00000000,588000,0.13334300,63270255,63270255,1,raw_fallback_missing_local_aggtrades,/Users/yeshevika/Documents/Codex/2026-08-16/files-pasted-by-the-user-read/work/candle and tick data/spot/ticks/official_daily_raw_trades_zip/2018/08.2018/BTCUSDT-trades-2018-08-14.zip,0b0ebd0ac5b0f3141495647f549b6c59229d4c33e8368da6ab87554c34ff9200
E00148,primary_fallback,trades,raw_trade,spot,2018-08-14,2018-08-14T03:05:00+00:00,2018-08-14T03:10:00+00:00,canonical_5m,2018-08-14T03:05:31.564000+00:00,63270256,5880.00000000,588000,0.03000000,63270256,63270256,1,raw_fallback_missing_local_aggtrades,/Users/yeshevika/Documents/Codex/2026-08-16/files-pasted-by-the-user-read/work/candle and tick data/spot/ticks/official_daily_raw_trades_zip/2018/08.2018/BTCUSDT-trades-2018-08-14.zip,0b0ebd0ac5b0f3141495647f549b6c59229d4c33e8368da6ab87554c34ff9200
E00148,primary_fallback,trades,raw_trade,spot,2018-08-14,2018-08-14T03:05:00+00:00,2018-08-14T03:10:00+00:00,canonical_5m,2018-08-14T03:05:31.564000+00:00,63270257,5880.00000000,588000,0.02435100,63270257,63270257,1,raw_fallback_missing_local_aggtrades,/Users/yeshevika/Documents/Codex/2026-08-16/files-pasted-by-the-user-read/work/candle and tick data/spot/ticks/official_daily_raw_trades_zip/2018/08.2018/BTCUSDT-trades-2018-08-14.zip,0b0ebd0ac5b0f3141495647f549b6c59229d4c33e8368da6ab87554c34ff9200
E00148,primary_fallback,trades,raw_trade,spot,2018-08-14,2018-08-14T03:05:00+00:00,2018-08-14T03:10:00+00:00,canonical_5m,2018-08-14T03:05:31.564000+00:00,63270258,5880.00000000,588000,0.52279100,63270258,63270258,1,raw_fallback_missing_local_aggtrades,/Users/yeshevika/Documents/Codex/2026-08-16/files-pasted-by-the-user-read/work/candle and tick data/spot/ticks/official_daily_raw_trades_zip/2018/08.2018/BTCUSDT-trades-2018-08-14.zip,0b0ebd0ac5b0f3141495647f549b6c59229d4c33e8368da6ab87554c34ff9200
E00148,primary_fallback,trades,raw_trade,spot,2018-08-14,2018-08-14T03:05:00+00:00,2018-08-14T03:10:00+00:00,canonical_5m,2018-08-14T03:05:31.564000+00:00,63270259,5880.00000000,588000,0.42078700,63270259,63270259,1,raw_fallback_missing_local_aggtrades,/Users/yeshevika/Documents/Codex/2026-08-16/files-pasted-by-the-user-read/work/candle and tick data/spot/ticks/official_daily_raw_trades_zip/2018/08.2018/BTCUSDT-trades-2018-08-14.zip,0b0ebd0ac5b0f3141495647f549b6c59229d4c33e8368da6ab87554c34ff9200
E00148,primary_fallback,trades,raw_trade,spot,2018-08-14,2018-08-14T03:05:00+00:00,2018-08-14T03:10:00+00:00,canonical_5m,2018-08-14T03:05:32.630000+00:00,63270277,5880.00000000,588000,0.09010500,63270277,63270277,1,raw_fallback_missing_local_aggtrades,/Users/yeshevika/Documents/Codex/2026-08-16/files-pasted-by-the-user-read/work/candle and tick data/spot/ticks/official_daily_raw_trades_zip/2018/08.2018/BTCUSDT-trades-2018-08-14.zip,0b0ebd0ac5b0f3141495647f549b6c59229d4c33e8368da6ab87554c34ff9200
E00149,primary_fallback,trades,raw_trade,spot,2018-09-04,2018-09-04T12:00:00+00:00,2018-09-04T12:05:00+00:00,canonical_5m,2018-09-04T12:04:33.502000+00:00,67932028,7410.00000000,741000,0.00269900,67932028,67932028,1,raw_fallback_missing_local_aggtrades,/Users/yeshevika/Documents/Codex/2026-08-16/files-pasted-by-the-user-read/work/candle and tick data/spot/ticks/official_daily_raw_trades_zip/2018/09.2018/BTCUSDT-trades-2018-09-04.zip,5e28c99bb840fc06c81c88973da46158c0445a0f97913a9904ef9600a2325c85
E00149,primary_fallback,trades,raw_trade,spot,2018-09-04,2018-09-04T12:00:00+00:00,2018-09-04T12:05:00+00:00,canonical_5m,2018-09-04T12:04:33.502000+00:00,67932029,7410.00000000,741000,0.49565100,67932029,67932029,1,raw_fallback_missing_local_aggtrades,/Users/yeshevika/Documents/Codex/2026-08-16/files-pasted-by-the-user-read/work/candle and tick data/spot/ticks/official_daily_raw_trades_zip/2018/09.2018/BTCUSDT-trades-2018-09-04.zip,5e28c99bb840fc06c81c88973da46158c0445a0f97913a9904ef9600a2325c85
E00149,primary_fallback,trades,raw_trade,spot,2018-09-04,2018-09-04T12:00:00+00:00,2018-09-04T12:05:00+00:00,canonical_5m,2018-09-04T12:04:33.502000+00:00,67932030,7410.00000000,741000,0.13699500,67932030,67932030,1,raw_fallback_missing_local_aggtrades,/Users/yeshevika/Documents/Codex/2026-08-16/files-pasted-by-the-user-read/work/candle and tick data/spot/ticks/official_daily_raw_trades_zip/2018/09.2018/BTCUSDT-trades-2018-09-04.zip,5e28c99bb840fc06c81c88973da46158c0445a0f97913a9904ef9600a2325c85
E00149,primary_fallback,trades,raw_trade,spot,2018-09-04,2018-09-04T12:00:00+00:00,2018-09-04T12:05:00+00:00,canonical_5m,2018-09-04T12:04:33.502000+00:00,67932031,7410.00000000,741000,0.11005800,67932031,67932031,1,raw_fallback_missing_local_aggtrades,/Users/yeshevika/Documents/Codex/2026-08-16/files-pasted-by-the-user-read/work/candle and tick data/spot/ticks/official_daily_raw_trades_zip/2018/09.2018/BTCUSDT-trades-2018-09-04.zip,5e28c99bb840fc06c81c88973da46158c0445a0f97913a9904ef9600a2325c85
E00149,primary_fallback,trades,raw_trade,spot,2018-09-04,2018-09-04T12:00:00+00:00,2018-09-04T12:05:00+00:00,canonical_5m,2018-09-04T12:04:33.502000+00:00,67932032,7410.00000000,741000,4.67409000,67932032,67932032,1,raw_fallback_missing_local_aggtrades,/Users/yeshevika/Documents/Codex/2026-08-16/files-pasted-by-the-user-read/work/candle and tick data/spot/ticks/official_daily_raw_trades_zip/2018/09.2018/BTCUSDT-trades-2018-09-04.zip,5e28c99bb840fc06c81c88973da46158c0445a0f97913a9904ef9600a2325c85
E00149,primary_fallback,trades,raw_trade,spot,2018-09-04,2018-09-04T12:00:00+00:00,2018-09-04T12:05:00+00:00,canonical_5m,2018-09-04T12:04:33.502000+00:00,67932033,7410.00000000,741000,0.05837600,67932033,67932033,1,raw_fallback_missing_local_aggtrades,/Users/yeshevika/Documents/Codex/2026-08-16/files-pasted-by-the-user-read/work/candle and tick data/spot/ticks/official_daily_raw_trades_zip/2018/09.2018/BTCUSDT-trades-2018-09-04.zip,5e28c99bb840fc06c81c88973da46158c0445a0f97913a9904ef9600a2325c85
E00149,primary_fallback,trades,raw_trade,spot,2018-09-04,2018-09-04T12:00:00+00:00,2018-09-04T12:05:00+00:00,canonical_5m,2018-09-04T12:04:33.502000+00:00,67932034,7410.00000000,741000,0.00949000,67932034,67932034,1,raw_fallback_missing_local_aggtrades,/Users/yeshevika/Documents/Codex/2026-08-16/files-pasted-by-the-user-read/work/candle and tick data/spot/ticks/official_daily_raw_trades_zip/2018/09.2018/BTCUSDT-trades-2018-09-04.zip,5e28c99bb840fc06c81c88973da46158c0445a0f97913a9904ef9600a2325c85
E00149,primary_fallback,trades,raw_trade,spot,2018-09-04,2018-09-04T12:00:00+00:00,2018-09-04T12:05:00+00:00,canonical_5m,2018-09-04T12:04:33.502000+00:00,67932035,7410.00000000,741000,0.16835000,67932035,67932035,1,raw_fallback_missing_local_aggtrades,/Users/yeshevika/Documents/Codex/2026-08-16/files-pasted-by-the-user-read/work/candle and tick data/spot/ticks/official_daily_raw_trades_zip/2018/09.2018/BTCUSDT-trades-2018-09-04.zip,5e28c99bb840fc06c81c88973da46158c0445a0f97913a9904ef9600a2325c85
E00149,primary_fallback,trades,raw_trade,spot,2018-09-04,2018-09-04T12:00:00+00:00,2018-09-04T12:05:00+00:00,canonical_5m,2018-09-04T12:04:33.502000+00:00,67932036,7410.00000000,741000,0.06439600,67932036,67932036,1,raw_fallback_missing_local_aggtrades,/Users/yeshevika/Documents/Codex/2026-08-16/files-pasted-by-the-user-read/work/candle and tick data/spot/ticks/official_daily_raw_trades_zip/2018/09.2018/BTCUSDT-trades-2018-09-04.zip,5e28c99bb840fc06c81c88973da46158c0445a0f97913a9904ef9600a2325c85
E00149,primary_fallback,trades,raw_trade,spot,2018-09-04,2018-09-04T12:00:00+00:00,2018-09-04T12:05:00+00:00,canonical_5m,2018-09-04T12:04:33.502000+00:00,67932037,7410.00000000,741000,0.02529800,67932037,67932037,1,raw_fallback_missing_local_aggtrades,/Users/yeshevika/Documents/Codex/2026-08-16/files-pasted-by-the-user-read/work/candle and tick data/spot/ticks/official_daily_raw_trades_zip/2018/09.2018/BTCUSDT-trades-2018-09-04.zip,5e28c99bb840fc06c81c88973da46158c0445a0f97913a9904ef9600a2325c85
E00149,primary_fallback,trades,raw_trade,spot,2018-09-04,2018-09-04T12:00:00+00:00,2018-09-04T12:05:00+00:00,canonical_5m,2018-09-04T12:04:33.502000+00:00,67932038,7410.00000000,741000,0.02470200,67932038,67932038,1,raw_fallback_missing_local_aggtrades,/Users/yeshevika/Documents/Codex/2026-08-16/files-pasted-by-the-user-read/work/candle and tick data/spot/ticks/official_daily_raw_trades_zip/2018/09.2018/BTCUSDT-trades-2018-09-04.zip,5e28c99bb840fc06c81c88973da46158c0445a0f97913a9904ef9600a2325c85
E00152,primary_fallback,trades,raw_trade,spot,2018-09-19,2018-09-19T18:55:00+00:00,2018-09-19T19:00:00+00:00,canonical_5m,2018-09-19T18:59:08.487000+00:00,70877100,6123.00000000,612300,0.02500000,70877100,70877100,1,raw_fallback_missing_local_aggtrades,/Users/yeshevika/Documents/Codex/2026-08-16/files-pasted-by-the-user-read/work/candle and tick data/spot/ticks/official_daily_raw_trades_zip/2018/09.2018/BTCUSDT-trades-2018-09-19.zip,2f1220ce0303a0e061177a4b5e1c794432569ff2546fd4ad0bdb56e7b6985d39
E00152,primary_fallback,trades,raw_trade,spot,2018-09-19,2018-09-19T18:55:00+00:00,2018-09-19T19:00:00+00:00,canonical_5m,2018-09-19T18:59:08.487000+00:00,70877101,6123.00000000,612300,0.26004500,70877101,70877101,1,raw_fallback_missing_local_aggtrades,/Users/yeshevika/Documents/Codex/2026-08-16/files-pasted-by-the-user-read/work/candle and tick data/spot/ticks/official_daily_raw_trades_zip/2018/09.2018/BTCUSDT-trades-2018-09-19.zip,2f1220ce0303a0e061177a4b5e1c794432569ff2546fd4ad0bdb56e7b6985d39
E00152,primary_fallback,trades,raw_trade,spot,2018-09-19,2018-09-19T18:55:00+00:00,2018-09-19T19:00:00+00:00,canonical_5m,2018-09-19T18:59:08.487000+00:00,70877102,6123.00000000,612300,0.51114700,70877102,70877102,1,raw_fallback_missing_local_aggtrades,/Users/yeshevika/Documents/Codex/2026-08-16/files-pasted-by-the-user-read/work/candle and tick data/spot/ticks/official_daily_raw_trades_zip/2018/09.2018/BTCUSDT-trades-2018-09-19.zip,2f1220ce0303a0e061177a4b5e1c794432569ff2546fd4ad0bdb56e7b6985d39
E00152,primary_fallback,trades,raw_trade,spot,2018-09-19,2018-09-19T18:55:00+00:00,2018-09-19T19:00:00+00:00,canonical_5m,2018-09-19T18:59:08.587000+00:00,70877104,6123.00000000,612300,0.03700000,70877104,70877104,1,raw_fallback_missing_local_aggtrades,/Users/yeshevika/Documents/Codex/2026-08-16/files-pasted-by-the-user-read/work/candle and tick data/spot/ticks/official_daily_raw_trades_zip/2018/09.2018/BTCUSDT-trades-2018-09-19.zip,2f1220ce0303a0e061177a4b5e1c794432569ff2546fd4ad0bdb56e7b6985d39
E00152,primary_fallback,trades,raw_trade,spot,2018-09-19,2018-09-19T18:55:00+00:00,2018-09-19T19:00:00+00:00,canonical_5m,2018-09-19T18:59:08.808000+00:00,70877109,6123.00000000,612300,0.16440000,70877109,70877109,1,raw_fallback_missing_local_aggtrades,/Users/yeshevika/Documents/Codex/2026-08-16/files-pasted-by-the-user-read/work/candle and tick data/spot/ticks/official_daily_raw_trades_zip/2018/09.2018/BTCUSDT-trades-2018-09-19.zip,2f1220ce0303a0e061177a4b5e1c794432569ff2546fd4ad0bdb56e7b6985d39
E00152,primary_fallback,trades,raw_trade,spot,2018-09-19,2018-09-19T19:00:00+00:00,2018-09-19T19:05:00+00:00,canonical_5m,2018-09-19T19:00:34.401000+00:00,70878635,6123.00000000,612300,0.46775700,70878635,70878635,1,raw_fallback_missing_local_aggtrades,/Users/yeshevika/Documents/Codex/2026-08-16/files-pasted-by-the-user-read/work/candle and tick data/spot/ticks/official_daily_raw_trades_zip/2018/09.2018/BTCUSDT-trades-2018-09-19.zip,2f1220ce0303a0e061177a4b5e1c794432569ff2546fd4ad0bdb56e7b6985d39
E00152,primary_fallback,trades,raw_trade,spot,2018-09-19,2018-09-19T19:00:00+00:00,2018-09-19T19:05:00+00:00,canonical_5m,2018-09-19T19:00:34.401000+00:00,70878636,6123.00000000,612300,0.00200000,70878636,70878636,1,raw_fallback_missing_local_aggtrades,/Users/yeshevika/Documents/Codex/2026-08-16/files-pasted-by-the-user-read/work/candle and tick data/spot/ticks/official_daily_raw_trades_zip/2018/09.2018/BTCUSDT-trades-2018-09-19.zip,2f1220ce0303a0e061177a4b5e1c794432569ff2546fd4ad0bdb56e7b6985d39
E00152,primary_fallback,trades,raw_trade,spot,2018-09-19,2018-09-19T19:00:00+00:00,2018-09-19T19:05:00+00:00,canonical_5m,2018-09-19T19:00:34.401000+00:00,70878637,6123.00000000,612300,0.17502200,70878637,70878637,1,raw_fallback_missing_local_aggtrades,/Users/yeshevika/Documents/Codex/2026-08-16/files-pasted-by-the-user-read/work/candle and tick data/spot/ticks/official_daily_raw_trades_zip/2018/09.2018/BTCUSDT-trades-2018-09-19.zip,2f1220ce0303a0e061177a4b5e1c794432569ff2546fd4ad0bdb56e7b6985d39
E00152,primary_fallback,trades,raw_trade,spot,2018-09-19,2018-09-19T19:00:00+00:00,2018-09-19T19:05:00+00:00,canonical_5m,2018-09-19T19:00:34.401000+00:00,70878638,6123.00000000,612300,0.04899500,70878638,70878638,1,raw_fallback_missing_local_aggtrades,/Users/yeshevika/Documents/Codex/2026-08-16/files-pasted-by-the-user-read/work/candle and tick data/spot/ticks/official_daily_raw_trades_zip/2018/09.2018/BTCUSDT-trades-2018-09-19.zip,2f1220ce0303a0e061177a4b5e1c794432569ff2546fd4ad0bdb56e7b6985d39
E00152,primary_fallback,trades,raw_trade,spot,2018-09-19,2018-09-19T19:00:00+00:00,2018-09-19T19:05:00+00:00,canonical_5m,2018-09-19T19:00:34.401000+00:00,70878639,6123.00000000,612300,4.85105200,70878639,70878639,1,raw_fallback_missing_local_aggtrades,/Users/yeshevika/Documents/Codex/2026-08-16/files-pasted-by-the-user-read/work/candle and tick data/spot/ticks/official_daily_raw_trades_zip/2018/09.2018/BTCUSDT-trades-2018-09-19.zip,2f1220ce0303a0e061177a4b5e1c794432569ff2546fd4ad0bdb56e7b6985d39
E00153,primary,aggTrades,agg_trade,spot,2018-10-15,2018-10-15T06:45:00+00:00,2018-10-15T06:50:00+00:00,canonical_5m,2018-10-15T06:49:47.593000+00:00,66704062,7680.0,768000,0.325207,74842578,74842580,3,local_official_monthly_aggtrades,/Users/yeshevika/Documents/Codex/2026-08-16/files-pasted-by-the-user-read/work/btc_1m_binance_official/spot/monthly_aggtrades_zip/BTCUSDT-aggTrades-2018-10.zip,ec9dd98bfabc8226c5aaca48262a070551a417fac22696c8440d6482a7f6dbb6
E00163,primary,aggTrades,agg_trade,spot,2018-11-25,2018-11-25T10:20:00+00:00,2018-11-25T10:25:00+00:00,canonical_5m,2018-11-25T10:24:52.209000+00:00,73220068,3652.66,365266,0.518007,81709758,81709758,1,local_official_monthly_aggtrades,/Users/yeshevika/Documents/Codex/2026-08-16/files-pasted-by-the-user-read/work/btc_1m_binance_official/spot/monthly_aggtrades_zip/BTCUSDT-aggTrades-2018-11.zip,96ef86d32b0c92a2261cc86680c22d4ea3c1848d43ab842f30516d6e9d8e4536
E00163,primary,aggTrades,agg_trade,spot,2018-11-25,2018-11-25T10:20:00+00:00,2018-11-25T10:25:00+00:00,canonical_5m,2018-11-25T10:24:54.429000+00:00,73220089,3652.66,365266,0.104451,81709779,81709779,1,local_official_monthly_aggtrades,/Users/yeshevika/Documents/Codex/2026-08-16/files-pasted-by-the-user-read/work/btc_1m_binance_official/spot/monthly_aggtrades_zip/BTCUSDT-aggTrades-2018-11.zip,96ef86d32b0c92a2261cc86680c22d4ea3c1848d43ab842f30516d6e9d8e4536
E00163,primary,aggTrades,agg_trade,spot,2018-11-25,2018-11-25T10:20:00+00:00,2018-11-25T10:25:00+00:00,canonical_5m,2018-11-25T10:24:56.719000+00:00,73220120,3652.66,365266,0.148254,81709810,81709810,1,local_official_monthly_aggtrades,/Users/yeshevika/Documents/Codex/2026-08-16/files-pasted-by-the-user-read/work/btc_1m_binance_official/spot/monthly_aggtrades_zip/BTCUSDT-aggTrades-2018-11.zip,96ef86d32b0c92a2261cc86680c22d4ea3c1848d43ab842f30516d6e9d8e4536
E00163,primary,aggTrades,agg_trade,spot,2018-11-25,2018-11-25T10:25:00+00:00,2018-11-25T10:30:00+00:00,canonical_5m,2018-11-25T10:25:00.260000+00:00,73220169,3652.66,365266,0.004408,81709859,81709859,1,local_official_monthly_aggtrades,/Users/yeshevika/Documents/Codex/2026-08-16/files-pasted-by-the-user-read/work/btc_1m_binance_official/spot/monthly_aggtrades_zip/BTCUSDT-aggTrades-2018-11.zip,96ef86d32b0c92a2261cc86680c22d4ea3c1848d43ab842f30516d6e9d8e4536
E00164,primary,aggTrades,agg_trade,spot,2018-11-29,2018-11-29T11:25:00+00:00,2018-11-29T11:30:00+00:00,canonical_5m,2018-11-29T11:28:46.704000+00:00,74631977,4450.38,445038,6.200028,83213180,83213180,1,local_official_monthly_aggtrades,/Users/yeshevika/Documents/Codex/2026-08-16/files-pasted-by-the-user-read/work/btc_1m_binance_official/spot/monthly_aggtrades_zip/BTCUSDT-aggTrades-2018-11.zip,96ef86d32b0c92a2261cc86680c22d4ea3c1848d43ab842f30516d6e9d8e4536
E00164,primary,aggTrades,agg_trade,spot,2018-11-29,2018-11-29T11:25:00+00:00,2018-11-29T11:30:00+00:00,canonical_5m,2018-11-29T11:28:46.704000+00:00,74631978,4450.38,445038,0.05,83213181,83213181,1,local_official_monthly_aggtrades,/Users/yeshevika/Documents/Codex/2026-08-16/files-pasted-by-the-user-read/work/btc_1m_binance_official/spot/monthly_aggtrades_zip/BTCUSDT-aggTrades-2018-11.zip,96ef86d32b0c92a2261cc86680c22d4ea3c1848d43ab842f30516d6e9d8e4536
E00169,primary_fallback,trades,raw_trade,spot,2018-12-15,2018-12-15T15:50:00+00:00,2018-12-15T15:55:00+00:00,canonical_5m,2018-12-15T15:51:22.838000+00:00,86788974,3156.26000000,315626,1.94584400,86788974,86788974,1,raw_fallback_missing_local_aggtrades,/Users/yeshevika/Documents/Codex/2026-08-16/files-pasted-by-the-user-read/work/candle and tick data/spot/ticks/official_daily_raw_trades_zip/2018/12.2018/BTCUSDT-trades-2018-12-15.zip,739493b583dbf474b5cb332907c224987a3720051e4f20e41d85ff606ae8589c
E00169,primary_fallback,trades,raw_trade,spot,2018-12-15,2018-12-15T15:50:00+00:00,2018-12-15T15:55:00+00:00,canonical_5m,2018-12-15T15:51:22.838000+00:00,86788975,3156.26000000,315626,0.04045800,86788975,86788975,1,raw_fallback_missing_local_aggtrades,/Users/yeshevika/Documents/Codex/2026-08-16/files-pasted-by-the-user-read/work/candle and tick data/spot/ticks/official_daily_raw_trades_zip/2018/12.2018/BTCUSDT-trades-2018-12-15.zip,739493b583dbf474b5cb332907c224987a3720051e4f20e41d85ff606ae8589c
E00169,primary_fallback,trades,raw_trade,spot,2018-12-15,2018-12-15T15:50:00+00:00,2018-12-15T15:55:00+00:00,canonical_5m,2018-12-15T15:51:51.166000+00:00,86789123,3156.26000000,315626,0.00500000,86789123,86789123,1,raw_fallback_missing_local_aggtrades,/Users/yeshevika/Documents/Codex/2026-08-16/files-pasted-by-the-user-read/work/candle and tick data/spot/ticks/official_daily_raw_trades_zip/2018/12.2018/BTCUSDT-trades-2018-12-15.zip,739493b583dbf474b5cb332907c224987a3720051e4f20e41d85ff606ae8589c
E00169,primary_fallback,trades,raw_trade,spot,2018-12-15,2018-12-15T15:50:00+00:00,2018-12-15T15:55:00+00:00,canonical_5m,2018-12-15T15:51:51.958000+00:00,86789127,3156.26000000,315626,0.00750200,86789127,86789127,1,raw_fallback_missing_local_aggtrades,/Users/yeshevika/Documents/Codex/2026-08-16/files-pasted-by-the-user-read/work/candle and tick data/spot/ticks/official_daily_raw_trades_zip/2018/12.2018/BTCUSDT-trades-2018-12-15.zip,739493b583dbf474b5cb332907c224987a3720051e4f20e41d85ff606ae8589c
E00169,primary_fallback,trades,raw_trade,spot,2018-12-15,2018-12-15T15:50:00+00:00,2018-12-15T15:55:00+00:00,canonical_5m,2018-12-15T15:51:52.144000+00:00,86789129,3156.26000000,315626,0.05540300,86789129,86789129,1,raw_fallback_missing_local_aggtrades,/Users/yeshevika/Documents/Codex/2026-08-16/files-pasted-by-the-user-read/work/candle and tick data/spot/ticks/official_daily_raw_trades_zip/2018/12.2018/BTCUSDT-trades-2018-12-15.zip,739493b583dbf474b5cb332907c224987a3720051e4f20e41d85ff606ae8589c
E00169,primary_fallback,trades,raw_trade,spot,2018-12-15,2018-12-15T15:50:00+00:00,2018-12-15T15:55:00+00:00,canonical_5m,2018-12-15T15:51:52.703000+00:00,86789131,3156.26000000,315626,1.20000000,86789131,86789131,1,raw_fallback_missing_local_aggtrades,/Users/yeshevika/Documents/Codex/2026-08-16/files-pasted-by-the-user-read/work/candle and tick data/spot/ticks/official_daily_raw_trades_zip/2018/12.2018/BTCUSDT-trades-2018-12-15.zip,739493b583dbf474b5cb332907c224987a3720051e4f20e41d85ff606ae8589c
E00169,primary_fallback,trades,raw_trade,spot,2018-12-15,2018-12-15T15:50:00+00:00,2018-12-15T15:55:00+00:00,canonical_5m,2018-12-15T15:51:52.728000+00:00,86789133,3156.26000000,315626,4.70000000,86789133,86789133,1,raw_fallback_missing_local_aggtrades,/Users/yeshevika/Documents/Codex/2026-08-16/files-pasted-by-the-user-read/work/candle and tick data/spot/ticks/official_daily_raw_trades_zip/2018/12.2018/BTCUSDT-trades-2018-12-15.zip,739493b583dbf474b5cb332907c224987a3720051e4f20e41d85ff606ae8589c
E00169,primary_fallback,trades,raw_trade,spot,2018-12-15,2018-12-15T15:50:00+00:00,2018-12-15T15:55:00+00:00,canonical_5m,2018-12-15T15:51:53.272000+00:00,86789140,3156.26000000,315626,0.27334300,86789140,86789140,1,raw_fallback_missing_local_aggtrades,/Users/yeshevika/Documents/Codex/2026-08-16/files-pasted-by-the-user-read/work/candle and tick data/spot/ticks/official_daily_raw_trades_zip/2018/12.2018/BTCUSDT-trades-2018-12-15.zip,739493b583dbf474b5cb332907c224987a3720051e4f20e41d85ff606ae8589c
E00169,primary_fallback,trades,raw_trade,spot,2018-12-15,2018-12-15T15:50:00+00:00,2018-12-15T15:55:00+00:00,canonical_5m,2018-12-15T15:51:53.366000+00:00,86789141,3156.26000000,315626,0.00406600,86789141,86789141,1,raw_fallback_missing_local_aggtrades,/Users/yeshevika/Documents/Codex/2026-08-16/files-pasted-by-the-user-read/work/candle and tick data/spot/ticks/official_daily_raw_trades_zip/2018/12.2018/BTCUSDT-trades-2018-12-15.zip,739493b583dbf474b5cb332907c224987a3720051e4f20e41d85ff606ae8589c
E00169,primary_fallback,trades,raw_trade,spot,2018-12-15,2018-12-15T15:50:00+00:00,2018-12-15T15:55:00+00:00,canonical_5m,2018-12-15T15:51:53.987000+00:00,86789144,3156.26000000,315626,0.00500000,86789144,86789144,1,raw_fallback_missing_local_aggtrades,/Users/yeshevika/Documents/Codex/2026-08-16/files-pasted-by-the-user-read/work/candle and tick data/spot/ticks/official_daily_raw_trades_zip/2018/12.2018/BTCUSDT-trades-2018-12-15.zip,739493b583dbf474b5cb332907c224987a3720051e4f20e41d85ff606ae8589c
E00169,primary_fallback,trades,raw_trade,spot,2018-12-15,2018-12-15T15:50:00+00:00,2018-12-15T15:55:00+00:00,canonical_5m,2018-12-15T15:51:54.443000+00:00,86789145,3156.26000000,315626,0.00500000,86789145,86789145,1,raw_fallback_missing_local_aggtrades,/Users/yeshevika/Documents/Codex/2026-08-16/files-pasted-by-the-user-read/work/candle and tick data/spot/ticks/official_daily_raw_trades_zip/2018/12.2018/BTCUSDT-trades-2018-12-15.zip,739493b583dbf474b5cb332907c224987a3720051e4f20e41d85ff606ae8589c
E00170,primary_fallback,trades,raw_trade,spot,2018-12-24,2018-12-24T08:30:00+00:00,2018-12-24T08:35:00+00:00,canonical_5m,2018-12-24T08:31:32.919000+00:00,89573605,4198.00000000,419800,0.41362500,89573605,89573605,1,raw_fallback_missing_local_aggtrades,/Users/yeshevika/Documents/Codex/2026-08-16/files-pasted-by-the-user-read/work/candle and tick data/spot/ticks/official_daily_raw_trades_zip/2018/12.2018/BTCUSDT-trades-2018-12-24.zip,c06c5eda3a7ffe26aa1aac1557deccc036a3fb3c67420c6159b05fe8050c09cc
E00170,primary_fallback,trades,raw_trade,spot,2018-12-24,2018-12-24T08:30:00+00:00,2018-12-24T08:35:00+00:00,canonical_5m,2018-12-24T08:31:33.168000+00:00,89573607,4198.00000000,419800,0.00291700,89573607,89573607,1,raw_fallback_missing_local_aggtrades,/Users/yeshevika/Documents/Codex/2026-08-16/files-pasted-by-the-user-read/work/candle and tick data/spot/ticks/official_daily_raw_trades_zip/2018/12.2018/BTCUSDT-trades-2018-12-24.zip,c06c5eda3a7ffe26aa1aac1557deccc036a3fb3c67420c6159b05fe8050c09cc
E00170,primary_fallback,trades,raw_trade,spot,2018-12-24,2018-12-24T08:30:00+00:00,2018-12-24T08:35:00+00:00,canonical_5m,2018-12-24T08:31:35.542000+00:00,89573626,4198.00000000,419800,0.04223400,89573626,89573626,1,raw_fallback_missing_local_aggtrades,/Users/yeshevika/Documents/Codex/2026-08-16/files-pasted-by-the-user-read/work/candle and tick data/spot/ticks/official_daily_raw_trades_zip/2018/12.2018/BTCUSDT-trades-2018-12-24.zip,c06c5eda3a7ffe26aa1aac1557deccc036a3fb3c67420c6159b05fe8050c09cc
E00170,primary_fallback,trades,raw_trade,spot,2018-12-24,2018-12-24T08:30:00+00:00,2018-12-24T08:35:00+00:00,canonical_5m,2018-12-24T08:31:37.262000+00:00,89573639,4198.00000000,419800,0.04122400,89573639,89573639,1,raw_fallback_missing_local_aggtrades,/Users/yeshevika/Documents/Codex/2026-08-16/files-pasted-by-the-user-read/work/candle and tick data/spot/ticks/official_daily_raw_trades_zip/2018/12.2018/BTCUSDT-trades-2018-12-24.zip,c06c5eda3a7ffe26aa1aac1557deccc036a3fb3c67420c6159b05fe8050c09cc
E00170,primary_fallback,trades,raw_trade,spot,2018-12-24,2018-12-24T08:30:00+00:00,2018-12-24T08:35:00+00:00,canonical_5m,2018-12-24T08:31:37.262000+00:00,89573640,4198.00000000,419800,0.01000000,89573640,89573640,1,raw_fallback_missing_local_aggtrades,/Users/yeshevika/Documents/Codex/2026-08-16/files-pasted-by-the-user-read/work/candle and tick data/spot/ticks/official_daily_raw_trades_zip/2018/12.2018/BTCUSDT-trades-2018-12-24.zip,c06c5eda3a7ffe26aa1aac1557deccc036a3fb3c67420c6159b05fe8050c09cc
E00170,primary_fallback,trades,raw_trade,spot,2018-12-24,2018-12-24T08:30:00+00:00,2018-12-24T08:35:00+00:00,canonical_5m,2018-12-24T08:31:37.262000+00:00,89573641,4198.00000000,419800,0.09091300,89573641,89573641,1,raw_fallback_missing_local_aggtrades,/Users/yeshevika/Documents/Codex/2026-08-16/files-pasted-by-the-user-read/work/candle and tick data/spot/ticks/official_daily_raw_trades_zip/2018/12.2018/BTCUSDT-trades-2018-12-24.zip,c06c5eda3a7ffe26aa1aac1557deccc036a3fb3c67420c6159b05fe8050c09cc
E00170,primary_fallback,trades,raw_trade,spot,2018-12-24,2018-12-24T08:30:00+00:00,2018-12-24T08:35:00+00:00,canonical_5m,2018-12-24T08:31:37.262000+00:00,89573642,4198.00000000,419800,0.02996800,89573642,89573642,1,raw_fallback_missing_local_aggtrades,/Users/yeshevika/Documents/Codex/2026-08-16/files-pasted-by-the-user-read/work/candle and tick data/spot/ticks/official_daily_raw_trades_zip/2018/12.2018/BTCUSDT-trades-2018-12-24.zip,c06c5eda3a7ffe26aa1aac1557deccc036a3fb3c67420c6159b05fe8050c09cc
E00170,primary_fallback,trades,raw_trade,spot,2018-12-24,2018-12-24T08:30:00+00:00,2018-12-24T08:35:00+00:00,canonical_5m,2018-12-24T08:31:37.262000+00:00,89573643,4198.00000000,419800,0.11840100,89573643,89573643,1,raw_fallback_missing_local_aggtrades,/Users/yeshevika/Documents/Codex/2026-08-16/files-pasted-by-the-user-read/work/candle and tick data/spot/ticks/official_daily_raw_trades_zip/2018/12.2018/BTCUSDT-trades-2018-12-24.zip,c06c5eda3a7ffe26aa1aac1557deccc036a3fb3c67420c6159b05fe8050c09cc
E00170,primary_fallback,trades,raw_trade,spot,2018-12-24,2018-12-24T09:15:00+00:00,2018-12-24T09:20:00+00:00,canonical_5m,2018-12-24T09:15:03.175000+00:00,89583885,4198.00000000,419800,0.21767600,89583885,89583885,1,raw_fallback_missing_local_aggtrades,/Users/yeshevika/Documents/Codex/2026-08-16/files-pasted-by-the-user-read/work/candle and tick data/spot/ticks/official_daily_raw_trades_zip/2018/12.2018/BTCUSDT-trades-2018-12-24.zip,c06c5eda3a7ffe26aa1aac1557deccc036a3fb3c67420c6159b05fe8050c09cc
E00170,primary_fallback,trades,raw_trade,spot,2018-12-24,2018-12-24T09:15:00+00:00,2018-12-24T09:20:00+00:00,canonical_5m,2018-12-24T09:15:03.175000+00:00,89583886,4198.00000000,419800,0.00300000,89583886,89583886,1,raw_fallback_missing_local_aggtrades,/Users/yeshevika/Documents/Codex/2026-08-16/files-pasted-by-the-user-read/work/candle and tick data/spot/ticks/official_daily_raw_trades_zip/2018/12.2018/BTCUSDT-trades-2018-12-24.zip,c06c5eda3a7ffe26aa1aac1557deccc036a3fb3c67420c6159b05fe8050c09cc
E00170,primary_fallback,trades,raw_trade,spot,2018-12-24,2018-12-24T09:15:00+00:00,2018-12-24T09:20:00+00:00,canonical_5m,2018-12-24T09:15:03.175000+00:00,89583887,4198.00000000,419800,0.02617200,89583887,89583887,1,raw_fallback_missing_local_aggtrades,/Users/yeshevika/Documents/Codex/2026-08-16/files-pasted-by-the-user-read/work/candle and tick data/spot/ticks/official_daily_raw_trades_zip/2018/12.2018/BTCUSDT-trades-2018-12-24.zip,c06c5eda3a7ffe26aa1aac1557deccc036a3fb3c67420c6159b05fe8050c09cc
E00170,primary_fallback,trades,raw_trade,spot,2018-12-24,2018-12-24T09:15:00+00:00,2018-12-24T09:20:00+00:00,canonical_5m,2018-12-24T09:15:03.175000+00:00,89583888,4198.00000000,419800,0.65923700,89583888,89583888,1,raw_fallback_missing_local_aggtrades,/Users/yeshevika/Documents/Codex/2026-08-16/files-pasted-by-the-user-read/work/candle and tick data/spot/ticks/official_daily_raw_trades_zip/2018/12.2018/BTCUSDT-trades-2018-12-24.zip,c06c5eda3a7ffe26aa1aac1557deccc036a3fb3c67420c6159b05fe8050c09cc
E00170,primary_fallback,trades,raw_trade,spot,2018-12-24,2018-12-24T09:15:00+00:00,2018-12-24T09:20:00+00:00,canonical_5m,2018-12-24T09:15:03.175000+00:00,89583889,4198.00000000,419800,0.06801900,89583889,89583889,1,raw_fallback_missing_local_aggtrades,/Users/yeshevika/Documents/Codex/2026-08-16/files-pasted-by-the-user-read/work/candle and tick data/spot/ticks/official_daily_raw_trades_zip/2018/12.2018/BTCUSDT-trades-2018-12-24.zip,c06c5eda3a7ffe26aa1aac1557deccc036a3fb3c67420c6159b05fe8050c09cc
E00170,primary_fallback,trades,raw_trade,spot,2018-12-24,2018-12-24T09:15:00+00:00,2018-12-24T09:20:00+00:00,canonical_5m,2018-12-24T09:15:03.175000+00:00,89583890,4198.00000000,419800,0.71440500,89583890,89583890,1,raw_fallback_missing_local_aggtrades,/Users/yeshevika/Documents/Codex/2026-08-16/files-pasted-by-the-user-read/work/candle and tick data/spot/ticks/official_daily_raw_trades_zip/2018/12.2018/BTCUSDT-trades-2018-12-24.zip,c06c5eda3a7ffe26aa1aac1557deccc036a3fb3c67420c6159b05fe8050c09cc
E00176,primary_fallback,trades,raw_trade,spot,2019-01-29,2019-01-29T07:55:00+00:00,2019-01-29T08:00:00+00:00,canonical_5m,2019-01-29T07:57:57.059000+00:00,97425244,3349.92000000,334992,0.72056500,97425244,97425244,1,raw_fallback_missing_local_aggtrades,/Users/yeshevika/Documents/Codex/2026-08-16/files-pasted-by-the-user-read/work/candle and tick data/spot/ticks/official_daily_raw_trades_zip/2019/01.2019/BTCUSDT-trades-2019-01-29.zip,a67361a573fad9a3f29a2543465945b57bb0be744186add35739a76c90f01541
E00176,primary_fallback,trades,raw_trade,spot,2019-01-29,2019-01-29T07:55:00+00:00,2019-01-29T08:00:00+00:00,canonical_5m,2019-01-29T07:57:57.059000+00:00,97425245,3349.92000000,334992,0.06370000,97425245,97425245,1,raw_fallback_missing_local_aggtrades,/Users/yeshevika/Documents/Codex/2026-08-16/files-pasted-by-the-user-read/work/candle and tick data/spot/ticks/official_daily_raw_trades_zip/2019/01.2019/BTCUSDT-trades-2019-01-29.zip,a67361a573fad9a3f29a2543465945b57bb0be744186add35739a76c90f01541
E00176,primary_fallback,trades,raw_trade,spot,2019-01-29,2019-01-29T07:55:00+00:00,2019-01-29T08:00:00+00:00,canonical_5m,2019-01-29T07:57:57.059000+00:00,97425247,3349.92000000,334992,0.15763900,97425247,97425247,1,raw_fallback_missing_local_aggtrades,/Users/yeshevika/Documents/Codex/2026-08-16/files-pasted-by-the-user-read/work/candle and tick data/spot/ticks/official_daily_raw_trades_zip/2019/01.2019/BTCUSDT-trades-2019-01-29.zip,a67361a573fad9a3f29a2543465945b57bb0be744186add35739a76c90f01541
E00176,primary_fallback,trades,raw_trade,spot,2019-01-29,2019-01-29T07:55:00+00:00,2019-01-29T08:00:00+00:00,canonical_5m,2019-01-29T07:57:57.059000+00:00,97425248,3349.92000000,334992,0.02255800,97425248,97425248,1,raw_fallback_missing_local_aggtrades,/Users/yeshevika/Documents/Codex/2026-08-16/files-pasted-by-the-user-read/work/candle and tick data/spot/ticks/official_daily_raw_trades_zip/2019/01.2019/BTCUSDT-trades-2019-01-29.zip,a67361a573fad9a3f29a2543465945b57bb0be744186add35739a76c90f01541
E00176,primary_fallback,trades,raw_trade,spot,2019-01-29,2019-01-29T07:55:00+00:00,2019-01-29T08:00:00+00:00,canonical_5m,2019-01-29T07:57:57.210000+00:00,97425261,3349.92000000,334992,0.24065500,97425261,97425261,1,raw_fallback_missing_local_aggtrades,/Users/yeshevika/Documents/Codex/2026-08-16/files-pasted-by-the-user-read/work/candle and tick data/spot/ticks/official_daily_raw_trades_zip/2019/01.2019/BTCUSDT-trades-2019-01-29.zip,a67361a573fad9a3f29a2543465945b57bb0be744186add35739a76c90f01541
E00177,primary,aggTrades,agg_trade,spot,2019-05-14,2019-05-14T08:00:00+00:00,2019-05-14T08:05:00+00:00,canonical_5m,2019-05-14T08:00:26+00:00,110915711,8366.0,836600,0.261723,121624200,121624200,1,local_official_monthly_aggtrades,/Users/yeshevika/Documents/Codex/2026-08-16/files-pasted-by-the-user-read/work/btc_1m_binance_official/spot/monthly_aggtrades_zip/BTCUSDT-aggTrades-2019-05.zip,5a701d36ec0b95c3bc36f422b5a5fc399940c37ec1d6d9875b2c117978aad83d
E00179,primary,aggTrades,agg_trade,spot,2019-05-18,2019-05-18T09:30:00+00:00,2019-05-18T09:35:00+00:00,canonical_5m,2019-05-18T09:30:48.169000+00:00,113133848,7156.61,715661,6.674072,124065006,124065006,1,local_official_monthly_aggtrades,/Users/yeshevika/Documents/Codex/2026-08-16/files-pasted-by-the-user-read/work/btc_1m_binance_official/spot/monthly_aggtrades_zip/BTCUSDT-aggTrades-2019-05.zip,5a701d36ec0b95c3bc36f422b5a5fc399940c37ec1d6d9875b2c117978aad83d
E00179,primary,aggTrades,agg_trade,spot,2019-05-18,2019-05-18T09:30:00+00:00,2019-05-18T09:35:00+00:00,canonical_5m,2019-05-18T09:30:48.169000+00:00,113133849,7156.61,715661,0.397613,124065007,124065007,1,local_official_monthly_aggtrades,/Users/yeshevika/Documents/Codex/2026-08-16/files-pasted-by-the-user-read/work/btc_1m_binance_official/spot/monthly_aggtrades_zip/BTCUSDT-aggTrades-2019-05.zip,5a701d36ec0b95c3bc36f422b5a5fc399940c37ec1d6d9875b2c117978aad83d
E00179,primary,aggTrades,agg_trade,spot,2019-05-18,2019-05-18T09:30:00+00:00,2019-05-18T09:35:00+00:00,canonical_5m,2019-05-18T09:30:48.169000+00:00,113133852,7156.61,715661,0.009571,124065010,124065010,1,local_official_monthly_aggtrades,/Users/yeshevika/Documents/Codex/2026-08-16/files-pasted-by-the-user-read/work/btc_1m_binance_official/spot/monthly_aggtrades_zip/BTCUSDT-aggTrades-2019-05.zip,5a701d36ec0b95c3bc36f422b5a5fc399940c37ec1d6d9875b2c117978aad83d
E00179,primary,aggTrades,agg_trade,spot,2019-05-18,2019-05-18T09:30:00+00:00,2019-05-18T09:35:00+00:00,canonical_5m,2019-05-18T09:30:48.169000+00:00,113133853,7156.61,715661,0.019247,124065011,124065011,1,local_official_monthly_aggtrades,/Users/yeshevika/Documents/Codex/2026-08-16/files-pasted-by-the-user-read/work/btc_1m_binance_official/spot/monthly_aggtrades_zip/BTCUSDT-aggTrades-2019-05.zip,5a701d36ec0b95c3bc36f422b5a5fc399940c37ec1d6d9875b2c117978aad83d
E00180,primary,aggTrades,agg_trade,spot,2019-05-30,2019-05-30T16:00:00+00:00,2019-05-30T16:05:00+00:00,canonical_5m,2019-05-30T16:03:58.050000+00:00,118166196,9074.26,907426,0.109031,129448838,129448838,1,local_official_monthly_aggtrades,/Users/yeshevika/Documents/Codex/2026-08-16/files-pasted-by-the-user-read/work/btc_1m_binance_official/spot/monthly_aggtrades_zip/BTCUSDT-aggTrades-2019-05.zip,5a701d36ec0b95c3bc36f422b5a5fc399940c37ec1d6d9875b2c117978aad83d
E00180,primary,aggTrades,agg_trade,spot,2019-05-30,2019-05-30T16:00:00+00:00,2019-05-30T16:05:00+00:00,canonical_5m,2019-05-30T16:03:58.056000+00:00,118166197,9074.26,907426,0.431533,129448839,129448839,1,local_official_monthly_aggtrades,/Users/yeshevika/Documents/Codex/2026-08-16/files-pasted-by-the-user-read/work/btc_1m_binance_official/spot/monthly_aggtrades_zip/BTCUSDT-aggTrades-2019-05.zip,5a701d36ec0b95c3bc36f422b5a5fc399940c37ec1d6d9875b2c117978aad83d
E00180,primary,aggTrades,agg_trade,spot,2019-05-30,2019-05-30T16:00:00+00:00,2019-05-30T16:05:00+00:00,canonical_5m,2019-05-30T16:03:58.110000+00:00,118166198,9074.26,907426,0.00331,129448840,129448840,1,local_official_monthly_aggtrades,/Users/yeshevika/Documents/Codex/2026-08-16/files-pasted-by-the-user-read/work/btc_1m_binance_official/spot/monthly_aggtrades_zip/BTCUSDT-aggTrades-2019-05.zip,5a701d36ec0b95c3bc36f422b5a5fc399940c37ec1d6d9875b2c117978aad83d
E00180,primary,aggTrades,agg_trade,spot,2019-05-30,2019-05-30T16:00:00+00:00,2019-05-30T16:05:00+00:00,canonical_5m,2019-05-30T16:03:58.833000+00:00,118166216,9074.26,907426,0.206662,129448858,129448858,1,local_official_monthly_aggtrades,/Users/yeshevika/Documents/Codex/2026-08-16/files-pasted-by-the-user-read/work/btc_1m_binance_official/spot/monthly_aggtrades_zip/BTCUSDT-aggTrades-2019-05.zip,5a701d36ec0b95c3bc36f422b5a5fc399940c37ec1d6d9875b2c117978aad83d
E00180,primary,aggTrades,agg_trade,spot,2019-05-30,2019-05-30T16:00:00+00:00,2019-05-30T16:05:00+00:00,canonical_5m,2019-05-30T16:04:00.734000+00:00,118166256,9074.26,907426,0.465892,129448900,129448900,1,local_official_monthly_aggtrades,/Users/yeshevika/Documents/Codex/2026-08-16/files-pasted-by-the-user-read/work/btc_1m_binance_official/spot/monthly_aggtrades_zip/BTCUSDT-aggTrades-2019-05.zip,5a701d36ec0b95c3bc36f422b5a5fc399940c37ec1d6d9875b2c117978aad83d
E00183,primary,aggTrades,agg_trade,spot,2019-06-06,2019-06-06T18:25:00+00:00,2019-06-06T18:30:00+00:00,canonical_5m,2019-06-06T18:28:39.221000+00:00,121043492,7444.58,744458,1.377573,132632585,132632585,1,local_official_monthly_aggtrades,/Users/yeshevika/Documents/Codex/2026-08-16/files-pasted-by-the-user-read/work/btc_1m_binance_official/spot/monthly_aggtrades_zip/BTCUSDT-aggTrades-2019-06.zip,c9713a0d38b180bb63e6ce7a9f3582d71dadb3a2df60ce70fb60ccd6c05eb2a5
E00183,primary,aggTrades,agg_trade,spot,2019-06-06,2019-06-06T18:25:00+00:00,2019-06-06T18:30:00+00:00,canonical_5m,2019-06-06T18:28:39.221000+00:00,121043493,7444.58,744458,0.060515,132632586,132632586,1,local_official_monthly_aggtrades,/Users/yeshevika/Documents/Codex/2026-08-16/files-pasted-by-the-user-read/work/btc_1m_binance_official/spot/monthly_aggtrades_zip/BTCUSDT-aggTrades-2019-06.zip,c9713a0d38b180bb63e6ce7a9f3582d71dadb3a2df60ce70fb60ccd6c05eb2a5
E00183,primary,aggTrades,agg_trade,spot,2019-06-06,2019-06-06T18:25:00+00:00,2019-06-06T18:30:00+00:00,canonical_5m,2019-06-06T18:28:39.221000+00:00,121043494,7444.58,744458,0.096698,132632587,132632587,1,local_official_monthly_aggtrades,/Users/yeshevika/Documents/Codex/2026-08-16/files-pasted-by-the-user-read/work/btc_1m_binance_official/spot/monthly_aggtrades_zip/BTCUSDT-aggTrades-2019-06.zip,c9713a0d38b180bb63e6ce7a9f3582d71dadb3a2df60ce70fb60ccd6c05eb2a5
E00183,primary,aggTrades,agg_trade,spot,2019-06-06,2019-06-06T18:25:00+00:00,2019-06-06T18:30:00+00:00,canonical_5m,2019-06-06T18:28:39.221000+00:00,121043495,7444.58,744458,0.169451,132632588,132632588,1,local_official_monthly_aggtrades,/Users/yeshevika/Documents/Codex/2026-08-16/files-pasted-by-the-user-read/work/btc_1m_binance_official/spot/monthly_aggtrades_zip/BTCUSDT-aggTrades-2019-06.zip,c9713a0d38b180bb63e6ce7a9f3582d71dadb3a2df60ce70fb60ccd6c05eb2a5
E00183,primary,aggTrades,agg_trade,spot,2019-06-06,2019-06-06T18:25:00+00:00,2019-06-06T18:30:00+00:00,canonical_5m,2019-06-06T18:28:39.221000+00:00,121043496,7444.58,744458,0.14738,132632589,132632589,1,local_official_monthly_aggtrades,/Users/yeshevika/Documents/Codex/2026-08-16/files-pasted-by-the-user-read/work/btc_1m_binance_official/spot/monthly_aggtrades_zip/BTCUSDT-aggTrades-2019-06.zip,c9713a0d38b180bb63e6ce7a9f3582d71dadb3a2df60ce70fb60ccd6c05eb2a5
E00183,primary,aggTrades,agg_trade,spot,2019-06-06,2019-06-06T18:25:00+00:00,2019-06-06T18:30:00+00:00,canonical_5m,2019-06-06T18:28:39.221000+00:00,121043497,7444.58,744458,0.004089,132632590,132632590,1,local_official_monthly_aggtrades,/Users/yeshevika/Documents/Codex/2026-08-16/files-pasted-by-the-user-read/work/btc_1m_binance_official/spot/monthly_aggtrades_zip/BTCUSDT-aggTrades-2019-06.zip,c9713a0d38b180bb63e6ce7a9f3582d71dadb3a2df60ce70fb60ccd6c05eb2a5
E00183,primary,aggTrades,agg_trade,spot,2019-06-06,2019-06-06T18:25:00+00:00,2019-06-06T18:30:00+00:00,canonical_5m,2019-06-06T18:28:39.221000+00:00,121043500,7444.58,744458,0.065127,132632593,132632593,1,local_official_monthly_aggtrades,/Users/yeshevika/Documents/Codex/2026-08-16/files-pasted-by-the-user-read/work/btc_1m_binance_official/spot/monthly_aggtrades_zip/BTCUSDT-aggTrades-2019-06.zip,c9713a0d38b180bb63e6ce7a9f3582d71dadb3a2df60ce70fb60ccd6c05eb2a5
E00183,primary,aggTrades,agg_trade,spot,2019-06-06,2019-06-06T18:25:00+00:00,2019-06-06T18:30:00+00:00,canonical_5m,2019-06-06T18:28:39.975000+00:00,121043558,7444.58,744458,0.140893,132632668,132632668,1,local_official_monthly_aggtrades,/Users/yeshevika/Documents/Codex/2026-08-16/files-pasted-by-the-user-read/work/btc_1m_binance_official/spot/monthly_aggtrades_zip/BTCUSDT-aggTrades-2019-06.zip,c9713a0d38b180bb63e6ce7a9f3582d71dadb3a2df60ce70fb60ccd6c05eb2a5
E00183,primary,aggTrades,agg_trade,spot,2019-06-06,2019-06-06T18:25:00+00:00,2019-06-06T18:30:00+00:00,canonical_5m,2019-06-06T18:28:46.213000+00:00,121043850,7444.58,744458,0.45869,132633018,132633018,1,local_official_monthly_aggtrades,/Users/yeshevika/Documents/Codex/2026-08-16/files-pasted-by-the-user-read/work/btc_1m_binance_official/spot/monthly_aggtrades_zip/BTCUSDT-aggTrades-2019-06.zip,c9713a0d38b180bb63e6ce7a9f3582d71dadb3a2df60ce70fb60ccd6c05eb2a5
E00184,primary,aggTrades,agg_trade,spot,2019-06-26,2019-06-26T20:00:00+00:00,2019-06-26T20:05:00+00:00,canonical_5m,2019-06-26T20:00:27.218000+00:00,129373434,13970.0,1397000,0.035318,141865223,141865223,1,local_official_monthly_aggtrades,/Users/yeshevika/Documents/Codex/2026-08-16/files-pasted-by-the-user-read/work/btc_1m_binance_official/spot/monthly_aggtrades_zip/BTCUSDT-aggTrades-2019-06.zip,c9713a0d38b180bb63e6ce7a9f3582d71dadb3a2df60ce70fb60ccd6c05eb2a5
E00184,primary,aggTrades,agg_trade,spot,2019-06-26,2019-06-26T20:00:00+00:00,2019-06-26T20:05:00+00:00,canonical_5m,2019-06-26T20:00:27.218000+00:00,129373435,13970.0,1397000,0.1439,141865224,141865225,2,local_official_monthly_aggtrades,/Users/yeshevika/Documents/Codex/2026-08-16/files-pasted-by-the-user-read/work/btc_1m_binance_official/spot/monthly_aggtrades_zip/BTCUSDT-aggTrades-2019-06.zip,c9713a0d38b180bb63e6ce7a9f3582d71dadb3a2df60ce70fb60ccd6c05eb2a5
E00184,primary,aggTrades,agg_trade,spot,2019-06-26,2019-06-26T20:00:00+00:00,2019-06-26T20:05:00+00:00,canonical_5m,2019-06-26T20:00:27.218000+00:00,129373436,13970.0,1397000,0.007172,141865226,141865226,1,local_official_monthly_aggtrades,/Users/yeshevika/Documents/Codex/2026-08-16/files-pasted-by-the-user-read/work/btc_1m_binance_official/spot/monthly_aggtrades_zip/BTCUSDT-aggTrades-2019-06.zip,c9713a0d38b180bb63e6ce7a9f3582d71dadb3a2df60ce70fb60ccd6c05eb2a5
E00184,primary,aggTrades,agg_trade,spot,2019-06-26,2019-06-26T20:00:00+00:00,2019-06-26T20:05:00+00:00,canonical_5m,2019-06-26T20:00:27.218000+00:00,129373437,13970.0,1397000,0.016135,141865227,141865227,1,local_official_monthly_aggtrades,/Users/yeshevika/Documents/Codex/2026-08-16/files-pasted-by-the-user-read/work/btc_1m_binance_official/spot/monthly_aggtrades_zip/BTCUSDT-aggTrades-2019-06.zip,c9713a0d38b180bb63e6ce7a9f3582d71dadb3a2df60ce70fb60ccd6c05eb2a5
E00184,primary,aggTrades,agg_trade,spot,2019-06-26,2019-06-26T20:00:00+00:00,2019-06-26T20:05:00+00:00,canonical_5m,2019-06-26T20:00:27.218000+00:00,129373438,13970.0,1397000,0.150271,141865228,141865228,1,local_official_monthly_aggtrades,/Users/yeshevika/Documents/Codex/2026-08-16/files-pasted-by-the-user-read/work/btc_1m_binance_official/spot/monthly_aggtrades_zip/BTCUSDT-aggTrades-2019-06.zip,c9713a0d38b180bb63e6ce7a9f3582d71dadb3a2df60ce70fb60ccd6c05eb2a5
E00184,primary,aggTrades,agg_trade,spot,2019-06-26,2019-06-26T20:00:00+00:00,2019-06-26T20:05:00+00:00,canonical_5m,2019-06-26T20:00:27.218000+00:00,129373439,13970.0,1397000,0.002416,141865229,141865229,1,local_official_monthly_aggtrades,/Users/yeshevika/Documents/Codex/2026-08-16/files-pasted-by-the-user-read/work/btc_1m_binance_official/spot/monthly_aggtrades_zip/BTCUSDT-aggTrades-2019-06.zip,c9713a0d38b180bb63e6ce7a9f3582d71dadb3a2df60ce70fb60ccd6c05eb2a5
E00184,primary,aggTrades,agg_trade,spot,2019-06-26,2019-06-26T20:00:00+00:00,2019-06-26T20:05:00+00:00,canonical_5m,2019-06-26T20:00:27.218000+00:00,129373440,13970.0,1397000,0.272895,141865230,141865230,1,local_official_monthly_aggtrades,/Users/yeshevika/Documents/Codex/2026-08-16/files-pasted-by-the-user-read/work/btc_1m_binance_official/spot/monthly_aggtrades_zip/BTCUSDT-aggTrades-2019-06.zip,c9713a0d38b180bb63e6ce7a9f3582d71dadb3a2df60ce70fb60ccd6c05eb2a5
E00184,primary,aggTrades,agg_trade,spot,2019-06-26,2019-06-26T20:00:00+00:00,2019-06-26T20:05:00+00:00,canonical_5m,2019-06-26T20:00:27.249000+00:00,129373441,13970.0,1397000,0.625,141865231,141865231,1,local_official_monthly_aggtrades,/Users/yeshevika/Documents/Codex/2026-08-16/files-pasted-by-the-user-read/work/btc_1m_binance_official/spot/monthly_aggtrades_zip/BTCUSDT-aggTrades-2019-06.zip,c9713a0d38b180bb63e6ce7a9f3582d71dadb3a2df60ce70fb60ccd6c05eb2a5
E00184,primary,aggTrades,agg_trade,spot,2019-06-26,2019-06-26T20:00:00+00:00,2019-06-26T20:05:00+00:00,canonical_5m,2019-06-26T20:00:27.251000+00:00,129373442,13970.0,1397000,0.0033,141865232,141865232,1,local_official_monthly_aggtrades,/Users/yeshevika/Documents/Codex/2026-08-16/files-pasted-by-the-user-read/work/btc_1m_binance_official/spot/monthly_aggtrades_zip/BTCUSDT-aggTrades-2019-06.zip,c9713a0d38b180bb63e6ce7a9f3582d71dadb3a2df60ce70fb60ccd6c05eb2a5
E00184,primary,aggTrades,agg_trade,spot,2019-06-26,2019-06-26T20:00:00+00:00,2019-06-26T20:05:00+00:00,canonical_5m,2019-06-26T20:00:27.255000+00:00,129373443,13970.0,1397000,0.0412,141865233,141865233,1,local_official_monthly_aggtrades,/Users/yeshevika/Documents/Codex/2026-08-16/files-pasted-by-the-user-read/work/btc_1m_binance_official/spot/monthly_aggtrades_zip/BTCUSDT-aggTrades-2019-06.zip,c9713a0d38b180bb63e6ce7a9f3582d71dadb3a2df60ce70fb60ccd6c05eb2a5
E00184,primary,aggTrades,agg_trade,spot,2019-06-26,2019-06-26T20:00:00+00:00,2019-06-26T20:05:00+00:00,canonical_5m,2019-06-26T20:00:27.272000+00:00,129373444,13970.0,1397000,0.0033,141865234,141865234,1,local_official_monthly_aggtrades,/Users/yeshevika/Documents/Codex/2026-08-16/files-pasted-by-the-user-read/work/btc_1m_binance_official/spot/monthly_aggtrades_zip/BTCUSDT-aggTrades-2019-06.zip,c9713a0d38b180bb63e6ce7a9f3582d71dadb3a2df60ce70fb60ccd6c05eb2a5
E00184,primary,aggTrades,agg_trade,spot,2019-06-26,2019-06-26T20:00:00+00:00,2019-06-26T20:05:00+00:00,canonical_5m,2019-06-26T20:00:28.514000+00:00,129373464,13970.0,1397000,0.819841,141865255,141865255,1,local_official_monthly_aggtrades,/Users/yeshevika/Documents/Codex/2026-08-16/files-pasted-by-the-user-read/work/btc_1m_binance_official/spot/monthly_aggtrades_zip/BTCUSDT-aggTrades-2019-06.zip,c9713a0d38b180bb63e6ce7a9f3582d71dadb3a2df60ce70fb60ccd6c05eb2a5
E00189,primary_fallback,trades,raw_trade,spot,2019-07-02,2019-07-02T11:35:00+00:00,2019-07-02T11:40:00+00:00,canonical_5m,2019-07-02T11:35:45.422000+00:00,147064970,9727.00000000,972700,0.67823500,147064970,147064970,1,raw_fallback_missing_local_aggtrades,/Users/yeshevika/Documents/Codex/2026-08-16/files-pasted-by-the-user-read/work/candle and tick data/spot/ticks/official_daily_raw_trades_zip/2019/07.2019/BTCUSDT-trades-2019-07-02.zip,b354b9c7775b952c59e57b504d59fcc6008299153f78b4acd2fa79be87a9e7f0
E00190,primary_fallback,trades,raw_trade,spot,2019-07-10,2019-07-10T11:45:00+00:00,2019-07-10T11:50:00+00:00,canonical_5m,2019-07-10T11:45:37.033000+00:00,151908033,13147.08000000,1314708,0.00145200,151908033,151908033,1,raw_fallback_missing_local_aggtrades,/Users/yeshevika/Documents/Codex/2026-08-16/files-pasted-by-the-user-read/work/candle and tick data/spot/ticks/official_daily_raw_trades_zip/2019/07.2019/BTCUSDT-trades-2019-07-10.zip,3d890b7970e35902fca0efbd59f4232dc788c3707100dcb800cd33664c0252ab
E00195,primary_fallback,trades,raw_trade,spot,2019-07-17,2019-07-17T11:45:00+00:00,2019-07-17T11:50:00+00:00,canonical_5m,2019-07-17T11:48:58.497000+00:00,156773399,9060.00000000,906000,0.00621300,156773399,156773399,1,raw_fallback_missing_local_aggtrades,/Users/yeshevika/Documents/Codex/2026-08-16/files-pasted-by-the-user-read/work/candle and tick data/spot/ticks/official_daily_raw_trades_zip/2019/07.2019/BTCUSDT-trades-2019-07-17.zip,6b3de6c3c3a0b54bf972a89944ecf5d5f521dcb46f6a061e1a9509a33e132c78
E00195,primary_fallback,trades,raw_trade,spot,2019-07-17,2019-07-17T11:45:00+00:00,2019-07-17T11:50:00+00:00,canonical_5m,2019-07-17T11:48:58.497000+00:00,156773400,9060.00000000,906000,0.28650900,156773400,156773400,1,raw_fallback_missing_local_aggtrades,/Users/yeshevika/Documents/Codex/2026-08-16/files-pasted-by-the-user-read/work/candle and tick data/spot/ticks/official_daily_raw_trades_zip/2019/07.2019/BTCUSDT-trades-2019-07-17.zip,6b3de6c3c3a0b54bf972a89944ecf5d5f521dcb46f6a061e1a9509a33e132c78
E00195,primary_fallback,trades,raw_trade,spot,2019-07-17,2019-07-17T11:45:00+00:00,2019-07-17T11:50:00+00:00,canonical_5m,2019-07-17T11:48:58.497000+00:00,156773401,9060.00000000,906000,0.03850400,156773401,156773401,1,raw_fallback_missing_local_aggtrades,/Users/yeshevika/Documents/Codex/2026-08-16/files-pasted-by-the-user-read/work/candle and tick data/spot/ticks/official_daily_raw_trades_zip/2019/07.2019/BTCUSDT-trades-2019-07-17.zip,6b3de6c3c3a0b54bf972a89944ecf5d5f521dcb46f6a061e1a9509a33e132c78
E00195,primary_fallback,trades,raw_trade,spot,2019-07-17,2019-07-17T11:45:00+00:00,2019-07-17T11:50:00+00:00,canonical_5m,2019-07-17T11:48:58.497000+00:00,156773402,9060.00000000,906000,0.00220700,156773402,156773402,1,raw_fallback_missing_local_aggtrades,/Users/yeshevika/Documents/Codex/2026-08-16/files-pasted-by-the-user-read/work/candle and tick data/spot/ticks/official_daily_raw_trades_zip/2019/07.2019/BTCUSDT-trades-2019-07-17.zip,6b3de6c3c3a0b54bf972a89944ecf5d5f521dcb46f6a061e1a9509a33e132c78
E00195,primary_fallback,trades,raw_trade,spot,2019-07-17,2019-07-17T11:45:00+00:00,2019-07-17T11:50:00+00:00,canonical_5m,2019-07-17T11:48:58.497000+00:00,156773403,9060.00000000,906000,0.02640900,156773403,156773403,1,raw_fallback_missing_local_aggtrades,/Users/yeshevika/Documents/Codex/2026-08-16/files-pasted-by-the-user-read/work/candle and tick data/spot/ticks/official_daily_raw_trades_zip/2019/07.2019/BTCUSDT-trades-2019-07-17.zip,6b3de6c3c3a0b54bf972a89944ecf5d5f521dcb46f6a061e1a9509a33e132c78
E00195,primary_fallback,trades,raw_trade,spot,2019-07-17,2019-07-17T11:45:00+00:00,2019-07-17T11:50:00+00:00,canonical_5m,2019-07-17T11:48:58.497000+00:00,156773404,9060.00000000,906000,0.19000000,156773404,156773404,1,raw_fallback_missing_local_aggtrades,/Users/yeshevika/Documents/Codex/2026-08-16/files-pasted-by-the-user-read/work/candle and tick data/spot/ticks/official_daily_raw_trades_zip/2019/07.2019/BTCUSDT-trades-2019-07-17.zip,6b3de6c3c3a0b54bf972a89944ecf5d5f521dcb46f6a061e1a9509a33e132c78
E00195,primary_fallback,trades,raw_trade,spot,2019-07-17,2019-07-17T11:45:00+00:00,2019-07-17T11:50:00+00:00,canonical_5m,2019-07-17T11:48:58.497000+00:00,156773405,9060.00000000,906000,0.06270600,156773405,156773405,1,raw_fallback_missing_local_aggtrades,/Users/yeshevika/Documents/Codex/2026-08-16/files-pasted-by-the-user-read/work/candle and tick data/spot/ticks/official_daily_raw_trades_zip/2019/07.2019/BTCUSDT-trades-2019-07-17.zip,6b3de6c3c3a0b54bf972a89944ecf5d5f521dcb46f6a061e1a9509a33e132c78
E00195,primary_fallback,trades,raw_trade,spot,2019-07-17,2019-07-17T11:45:00+00:00,2019-07-17T11:50:00+00:00,canonical_5m,2019-07-17T11:48:58.497000+00:00,156773406,9060.00000000,906000,0.01880000,156773406,156773406,1,raw_fallback_missing_local_aggtrades,/Users/yeshevika/Documents/Codex/2026-08-16/files-pasted-by-the-user-read/work/candle and tick data/spot/ticks/official_daily_raw_trades_zip/2019/07.2019/BTCUSDT-trades-2019-07-17.zip,6b3de6c3c3a0b54bf972a89944ecf5d5f521dcb46f6a061e1a9509a33e132c78
E00195,primary_fallback,trades,raw_trade,spot,2019-07-17,2019-07-17T11:45:00+00:00,2019-07-17T11:50:00+00:00,canonical_5m,2019-07-17T11:48:58.497000+00:00,156773407,9060.00000000,906000,0.16089000,156773407,156773407,1,raw_fallback_missing_local_aggtrades,/Users/yeshevika/Documents/Codex/2026-08-16/files-pasted-by-the-user-read/work/candle and tick data/spot/ticks/official_daily_raw_trades_zip/2019/07.2019/BTCUSDT-trades-2019-07-17.zip,6b3de6c3c3a0b54bf972a89944ecf5d5f521dcb46f6a061e1a9509a33e132c78
E00195,primary_fallback,trades,raw_trade,spot,2019-07-17,2019-07-17T11:45:00+00:00,2019-07-17T11:50:00+00:00,canonical_5m,2019-07-17T11:48:58.497000+00:00,156773408,9060.00000000,906000,0.70742100,156773408,156773408,1,raw_fallback_missing_local_aggtrades,/Users/yeshevika/Documents/Codex/2026-08-16/files-pasted-by-the-user-read/work/candle and tick data/spot/ticks/official_daily_raw_trades_zip/2019/07.2019/BTCUSDT-trades-2019-07-17.zip,6b3de6c3c3a0b54bf972a89944ecf5d5f521dcb46f6a061e1a9509a33e132c78
E00195,primary_fallback,trades,raw_trade,spot,2019-07-17,2019-07-17T11:45:00+00:00,2019-07-17T11:50:00+00:00,canonical_5m,2019-07-17T11:48:58.497000+00:00,156773409,9060.00000000,906000,0.03076100,156773409,156773409,1,raw_fallback_missing_local_aggtrades,/Users/yeshevika/Documents/Codex/2026-08-16/files-pasted-by-the-user-read/work/candle and tick data/spot/ticks/official_daily_raw_trades_zip/2019/07.2019/BTCUSDT-trades-2019-07-17.zip,6b3de6c3c3a0b54bf972a89944ecf5d5f521dcb46f6a061e1a9509a33e132c78
E00195,primary_fallback,trades,raw_trade,spot,2019-07-17,2019-07-17T11:45:00+00:00,2019-07-17T11:50:00+00:00,canonical_5m,2019-07-17T11:48:58.497000+00:00,156773413,9060.00000000,906000,0.12270000,156773413,156773413,1,raw_fallback_missing_local_aggtrades,/Users/yeshevika/Documents/Codex/2026-08-16/files-pasted-by-the-user-read/work/candle and tick data/spot/ticks/official_daily_raw_trades_zip/2019/07.2019/BTCUSDT-trades-2019-07-17.zip,6b3de6c3c3a0b54bf972a89944ecf5d5f521dcb46f6a061e1a9509a33e132c78
E00195,primary_fallback,trades,raw_trade,spot,2019-07-17,2019-07-17T11:45:00+00:00,2019-07-17T11:50:00+00:00,canonical_5m,2019-07-17T11:48:58.505000+00:00,156773414,9060.00000000,906000,0.22070000,156773414,156773414,1,raw_fallback_missing_local_aggtrades,/Users/yeshevika/Documents/Codex/2026-08-16/files-pasted-by-the-user-read/work/candle and tick data/spot/ticks/official_daily_raw_trades_zip/2019/07.2019/BTCUSDT-trades-2019-07-17.zip,6b3de6c3c3a0b54bf972a89944ecf5d5f521dcb46f6a061e1a9509a33e132c78
E00195,primary_fallback,trades,raw_trade,spot,2019-07-17,2019-07-17T11:45:00+00:00,2019-07-17T11:50:00+00:00,canonical_5m,2019-07-17T11:48:58.642000+00:00,156773418,9060.00000000,906000,0.34686900,156773418,156773418,1,raw_fallback_missing_local_aggtrades,/Users/yeshevika/Documents/Codex/2026-08-16/files-pasted-by-the-user-read/work/candle and tick data/spot/ticks/official_daily_raw_trades_zip/2019/07.2019/BTCUSDT-trades-2019-07-17.zip,6b3de6c3c3a0b54bf972a89944ecf5d5f521dcb46f6a061e1a9509a33e132c78
E00195,primary_fallback,trades,raw_trade,spot,2019-07-17,2019-07-17T11:45:00+00:00,2019-07-17T11:50:00+00:00,canonical_5m,2019-07-17T11:48:58.966000+00:00,156773422,9060.00000000,906000,0.50299600,156773422,156773422,1,raw_fallback_missing_local_aggtrades,/Users/yeshevika/Documents/Codex/2026-08-16/files-pasted-by-the-user-read/work/candle and tick data/spot/ticks/official_daily_raw_trades_zip/2019/07.2019/BTCUSDT-trades-2019-07-17.zip,6b3de6c3c3a0b54bf972a89944ecf5d5f521dcb46f6a061e1a9509a33e132c78
E00195,primary_fallback,trades,raw_trade,spot,2019-07-17,2019-07-17T11:45:00+00:00,2019-07-17T11:50:00+00:00,canonical_5m,2019-07-17T11:48:58.966000+00:00,156773423,9060.00000000,906000,1.70755400,156773423,156773423,1,raw_fallback_missing_local_aggtrades,/Users/yeshevika/Documents/Codex/2026-08-16/files-pasted-by-the-user-read/work/candle and tick data/spot/ticks/official_daily_raw_trades_zip/2019/07.2019/BTCUSDT-trades-2019-07-17.zip,6b3de6c3c3a0b54bf972a89944ecf5d5f521dcb46f6a061e1a9509a33e132c78
E00195,primary_fallback,trades,raw_trade,spot,2019-07-17,2019-07-17T11:45:00+00:00,2019-07-17T11:50:00+00:00,canonical_5m,2019-07-17T11:48:58.966000+00:00,156773424,9060.00000000,906000,0.02789700,156773424,156773424,1,raw_fallback_missing_local_aggtrades,/Users/yeshevika/Documents/Codex/2026-08-16/files-pasted-by-the-user-read/work/candle and tick data/spot/ticks/official_daily_raw_trades_zip/2019/07.2019/BTCUSDT-trades-2019-07-17.zip,6b3de6c3c3a0b54bf972a89944ecf5d5f521dcb46f6a061e1a9509a33e132c78
E00195,primary_fallback,trades,raw_trade,spot,2019-07-17,2019-07-17T11:45:00+00:00,2019-07-17T11:50:00+00:00,canonical_5m,2019-07-17T11:48:58.966000+00:00,156773425,9060.00000000,906000,2.17913400,156773425,156773425,1,raw_fallback_missing_local_aggtrades,/Users/yeshevika/Documents/Codex/2026-08-16/files-pasted-by-the-user-read/work/candle and tick data/spot/ticks/official_daily_raw_trades_zip/2019/07.2019/BTCUSDT-trades-2019-07-17.zip,6b3de6c3c3a0b54bf972a89944ecf5d5f521dcb46f6a061e1a9509a33e132c78
E00195,primary_fallback,trades,raw_trade,spot,2019-07-17,2019-07-17T11:45:00+00:00,2019-07-17T11:50:00+00:00,canonical_5m,2019-07-17T11:48:58.966000+00:00,156773426,9060.00000000,906000,0.10377500,156773426,156773426,1,raw_fallback_missing_local_aggtrades,/Users/yeshevika/Documents/Codex/2026-08-16/files-pasted-by-the-user-read/work/candle and tick data/spot/ticks/official_daily_raw_trades_zip/2019/07.2019/BTCUSDT-trades-2019-07-17.zip,6b3de6c3c3a0b54bf972a89944ecf5d5f521dcb46f6a061e1a9509a33e132c78
E00195,primary_fallback,trades,raw_trade,spot,2019-07-17,2019-07-17T11:45:00+00:00,2019-07-17T11:50:00+00:00,canonical_5m,2019-07-17T11:48:58.966000+00:00,156773427,9060.00000000,906000,0.04000000,156773427,156773427,1,raw_fallback_missing_local_aggtrades,/Users/yeshevika/Documents/Codex/2026-08-16/files-pasted-by-the-user-read/work/candle and tick data/spot/ticks/official_daily_raw_trades_zip/2019/07.2019/BTCUSDT-trades-2019-07-17.zip,6b3de6c3c3a0b54bf972a89944ecf5d5f521dcb46f6a061e1a9509a33e132c78
E00195,primary_fallback,trades,raw_trade,spot,2019-07-17,2019-07-17T11:45:00+00:00,2019-07-17T11:50:00+00:00,canonical_5m,2019-07-17T11:48:58.966000+00:00,156773428,9060.00000000,906000,0.25000000,156773428,156773428,1,raw_fallback_missing_local_aggtrades,/Users/yeshevika/Documents/Codex/2026-08-16/files-pasted-by-the-user-read/work/candle and tick data/spot/ticks/official_daily_raw_trades_zip/2019/07.2019/BTCUSDT-trades-2019-07-17.zip,6b3de6c3c3a0b54bf972a89944ecf5d5f521dcb46f6a061e1a9509a33e132c78
E00195,primary_fallback,trades,raw_trade,spot,2019-07-17,2019-07-17T11:45:00+00:00,2019-07-17T11:50:00+00:00,canonical_5m,2019-07-17T11:48:58.966000+00:00,156773429,9060.00000000,906000,0.11300100,156773429,156773429,1,raw_fallback_missing_local_aggtrades,/Users/yeshevika/Documents/Codex/2026-08-16/files-pasted-by-the-user-read/work/candle and tick data/spot/ticks/official_daily_raw_trades_zip/2019/07.2019/BTCUSDT-trades-2019-07-17.zip,6b3de6c3c3a0b54bf972a89944ecf5d5f521dcb46f6a061e1a9509a33e132c78
E00195,primary_fallback,trades,raw_trade,spot,2019-07-17,2019-07-17T11:45:00+00:00,2019-07-17T11:50:00+00:00,canonical_5m,2019-07-17T11:48:58.966000+00:00,156773430,9060.00000000,906000,0.34475600,156773430,156773430,1,raw_fallback_missing_local_aggtrades,/Users/yeshevika/Documents/Codex/2026-08-16/files-pasted-by-the-user-read/work/candle and tick data/spot/ticks/official_daily_raw_trades_zip/2019/07.2019/BTCUSDT-trades-2019-07-17.zip,6b3de6c3c3a0b54bf972a89944ecf5d5f521dcb46f6a061e1a9509a33e132c78
E00195,primary_fallback,trades,raw_trade,spot,2019-07-17,2019-07-17T11:45:00+00:00,2019-07-17T11:50:00+00:00,canonical_5m,2019-07-17T11:48:59.003000+00:00,156773432,9060.00000000,906000,0.15524400,156773432,156773432,1,raw_fallback_missing_local_aggtrades,/Users/yeshevika/Documents/Codex/2026-08-16/files-pasted-by-the-user-read/work/candle and tick data/spot/ticks/official_daily_raw_trades_zip/2019/07.2019/BTCUSDT-trades-2019-07-17.zip,6b3de6c3c3a0b54bf972a89944ecf5d5f521dcb46f6a061e1a9509a33e132c78
E00195,primary_fallback,trades,raw_trade,spot,2019-07-17,2019-07-17T11:45:00+00:00,2019-07-17T11:50:00+00:00,canonical_5m,2019-07-17T11:48:59.003000+00:00,156773433,9060.00000000,906000,0.06537000,156773433,156773433,1,raw_fallback_missing_local_aggtrades,/Users/yeshevika/Documents/Codex/2026-08-16/files-pasted-by-the-user-read/work/candle and tick data/spot/ticks/official_daily_raw_trades_zip/2019/07.2019/BTCUSDT-trades-2019-07-17.zip,6b3de6c3c3a0b54bf972a89944ecf5d5f521dcb46f6a061e1a9509a33e132c78
E00195,primary_fallback,trades,raw_trade,spot,2019-07-17,2019-07-17T11:45:00+00:00,2019-07-17T11:50:00+00:00,canonical_5m,2019-07-17T11:48:59.112000+00:00,156773435,9060.00000000,906000,0.03463000,156773435,156773435,1,raw_fallback_missing_local_aggtrades,/Users/yeshevika/Documents/Codex/2026-08-16/files-pasted-by-the-user-read/work/candle and tick data/spot/ticks/official_daily_raw_trades_zip/2019/07.2019/BTCUSDT-trades-2019-07-17.zip,6b3de6c3c3a0b54bf972a89944ecf5d5f521dcb46f6a061e1a9509a33e132c78
E00195,primary_fallback,trades,raw_trade,spot,2019-07-17,2019-07-17T11:45:00+00:00,2019-07-17T11:50:00+00:00,canonical_5m,2019-07-17T11:48:59.112000+00:00,156773436,9060.00000000,906000,0.40659800,156773436,156773436,1,raw_fallback_missing_local_aggtrades,/Users/yeshevika/Documents/Codex/2026-08-16/files-pasted-by-the-user-read/work/candle and tick data/spot/ticks/official_daily_raw_trades_zip/2019/07.2019/BTCUSDT-trades-2019-07-17.zip,6b3de6c3c3a0b54bf972a89944ecf5d5f521dcb46f6a061e1a9509a33e132c78
E00195,primary_fallback,trades,raw_trade,spot,2019-07-17,2019-07-17T11:45:00+00:00,2019-07-17T11:50:00+00:00,canonical_5m,2019-07-17T11:48:59.159000+00:00,156773437,9060.00000000,906000,0.23164500,156773437,156773437,1,raw_fallback_missing_local_aggtrades,/Users/yeshevika/Documents/Codex/2026-08-16/files-pasted-by-the-user-read/work/candle and tick data/spot/ticks/official_daily_raw_trades_zip/2019/07.2019/BTCUSDT-trades-2019-07-17.zip,6b3de6c3c3a0b54bf972a89944ecf5d5f521dcb46f6a061e1a9509a33e132c78
E00195,primary_fallback,trades,raw_trade,spot,2019-07-17,2019-07-17T11:45:00+00:00,2019-07-17T11:50:00+00:00,canonical_5m,2019-07-17T11:48:59.437000+00:00,156773445,9060.00000000,906000,0.27076000,156773445,156773445,1,raw_fallback_missing_local_aggtrades,/Users/yeshevika/Documents/Codex/2026-08-16/files-pasted-by-the-user-read/work/candle and tick data/spot/ticks/official_daily_raw_trades_zip/2019/07.2019/BTCUSDT-trades-2019-07-17.zip,6b3de6c3c3a0b54bf972a89944ecf5d5f521dcb46f6a061e1a9509a33e132c78
E00195,primary_fallback,trades,raw_trade,spot,2019-07-17,2019-07-17T11:45:00+00:00,2019-07-17T11:50:00+00:00,canonical_5m,2019-07-17T11:48:59.646000+00:00,156773451,9060.00000000,906000,0.11037500,156773451,156773451,1,raw_fallback_missing_local_aggtrades,/Users/yeshevika/Documents/Codex/2026-08-16/files-pasted-by-the-user-read/work/candle and tick data/spot/ticks/official_daily_raw_trades_zip/2019/07.2019/BTCUSDT-trades-2019-07-17.zip,6b3de6c3c3a0b54bf972a89944ecf5d5f521dcb46f6a061e1a9509a33e132c78
E00195,primary_fallback,trades,raw_trade,spot,2019-07-17,2019-07-17T11:45:00+00:00,2019-07-17T11:50:00+00:00,canonical_5m,2019-07-17T11:48:59.658000+00:00,156773452,9060.00000000,906000,0.00500000,156773452,156773452,1,raw_fallback_missing_local_aggtrades,/Users/yeshevika/Documents/Codex/2026-08-16/files-pasted-by-the-user-read/work/candle and tick data/spot/ticks/official_daily_raw_trades_zip/2019/07.2019/BTCUSDT-trades-2019-07-17.zip,6b3de6c3c3a0b54bf972a89944ecf5d5f521dcb46f6a061e1a9509a33e132c78
E00195,primary_fallback,trades,raw_trade,spot,2019-07-17,2019-07-17T11:45:00+00:00,2019-07-17T11:50:00+00:00,canonical_5m,2019-07-17T11:48:59.660000+00:00,156773453,9060.00000000,906000,0.07374800,156773453,156773453,1,raw_fallback_missing_local_aggtrades,/Users/yeshevika/Documents/Codex/2026-08-16/files-pasted-by-the-user-read/work/candle and tick data/spot/ticks/official_daily_raw_trades_zip/2019/07.2019/BTCUSDT-trades-2019-07-17.zip,6b3de6c3c3a0b54bf972a89944ecf5d5f521dcb46f6a061e1a9509a33e132c78
E00195,primary_fallback,trades,raw_trade,spot,2019-07-17,2019-07-17T11:45:00+00:00,2019-07-17T11:50:00+00:00,canonical_5m,2019-07-17T11:48:59.885000+00:00,156773456,9060.00000000,906000,0.00199900,156773456,156773456,1,raw_fallback_missing_local_aggtrades,/Users/yeshevika/Documents/Codex/2026-08-16/files-pasted-by-the-user-read/work/candle and tick data/spot/ticks/official_daily_raw_trades_zip/2019/07.2019/BTCUSDT-trades-2019-07-17.zip,6b3de6c3c3a0b54bf972a89944ecf5d5f521dcb46f6a061e1a9509a33e132c78
E00195,primary_fallback,trades,raw_trade,spot,2019-07-17,2019-07-17T11:45:00+00:00,2019-07-17T11:50:00+00:00,canonical_5m,2019-07-17T11:48:59.932000+00:00,156773459,9060.00000000,906000,0.07832100,156773459,156773459,1,raw_fallback_missing_local_aggtrades,/Users/yeshevika/Documents/Codex/2026-08-16/files-pasted-by-the-user-read/work/candle and tick data/spot/ticks/official_daily_raw_trades_zip/2019/07.2019/BTCUSDT-trades-2019-07-17.zip,6b3de6c3c3a0b54bf972a89944ecf5d5f521dcb46f6a061e1a9509a33e132c78
E00195,primary_fallback,trades,raw_trade,spot,2019-07-17,2019-07-17T11:45:00+00:00,2019-07-17T11:50:00+00:00,canonical_5m,2019-07-17T11:49:00.104000+00:00,156773460,9060.00000000,906000,0.00199900,156773460,156773460,1,raw_fallback_missing_local_aggtrades,/Users/yeshevika/Documents/Codex/2026-08-16/files-pasted-by-the-user-read/work/candle and tick data/spot/ticks/official_daily_raw_trades_zip/2019/07.2019/BTCUSDT-trades-2019-07-17.zip,6b3de6c3c3a0b54bf972a89944ecf5d5f521dcb46f6a061e1a9509a33e132c78
E00195,primary_fallback,trades,raw_trade,spot,2019-07-17,2019-07-17T11:45:00+00:00,2019-07-17T11:50:00+00:00,canonical_5m,2019-07-17T11:49:00.107000+00:00,156773461,9060.00000000,906000,0.00500000,156773461,156773461,1,raw_fallback_missing_local_aggtrades,/Users/yeshevika/Documents/Codex/2026-08-16/files-pasted-by-the-user-read/work/candle and tick data/spot/ticks/official_daily_raw_trades_zip/2019/07.2019/BTCUSDT-trades-2019-07-17.zip,6b3de6c3c3a0b54bf972a89944ecf5d5f521dcb46f6a061e1a9509a33e132c78
E00195,primary_fallback,trades,raw_trade,spot,2019-07-17,2019-07-17T11:45:00+00:00,2019-07-17T11:50:00+00:00,canonical_5m,2019-07-17T11:49:00.146000+00:00,156773463,9060.00000000,906000,0.00125500,156773463,156773463,1,raw_fallback_missing_local_aggtrades,/Users/yeshevika/Documents/Codex/2026-08-16/files-pasted-by-the-user-read/work/candle and tick data/spot/ticks/official_daily_raw_trades_zip/2019/07.2019/BTCUSDT-trades-2019-07-17.zip,6b3de6c3c3a0b54bf972a89944ecf5d5f521dcb46f6a061e1a9509a33e132c78
E00195,primary_fallback,trades,raw_trade,spot,2019-07-17,2019-07-17T11:45:00+00:00,2019-07-17T11:50:00+00:00,canonical_5m,2019-07-17T11:49:00.162000+00:00,156773464,9060.00000000,906000,0.00445100,156773464,156773464,1,raw_fallback_missing_local_aggtrades,/Users/yeshevika/Documents/Codex/2026-08-16/files-pasted-by-the-user-read/work/candle and tick data/spot/ticks/official_daily_raw_trades_zip/2019/07.2019/BTCUSDT-trades-2019-07-17.zip,6b3de6c3c3a0b54bf972a89944ecf5d5f521dcb46f6a061e1a9509a33e132c78
E00195,primary_fallback,trades,raw_trade,spot,2019-07-17,2019-07-17T11:45:00+00:00,2019-07-17T11:50:00+00:00,canonical_5m,2019-07-17T11:49:00.265000+00:00,156773465,9060.00000000,906000,0.00268600,156773465,156773465,1,raw_fallback_missing_local_aggtrades,/Users/yeshevika/Documents/Codex/2026-08-16/files-pasted-by-the-user-read/work/candle and tick data/spot/ticks/official_daily_raw_trades_zip/2019/07.2019/BTCUSDT-trades-2019-07-17.zip,6b3de6c3c3a0b54bf972a89944ecf5d5f521dcb46f6a061e1a9509a33e132c78
E00195,primary_fallback,trades,raw_trade,spot,2019-07-17,2019-07-17T11:45:00+00:00,2019-07-17T11:50:00+00:00,canonical_5m,2019-07-17T11:49:00.290000+00:00,156773467,9060.00000000,906000,0.00199900,156773467,156773467,1,raw_fallback_missing_local_aggtrades,/Users/yeshevika/Documents/Codex/2026-08-16/files-pasted-by-the-user-read/work/candle and tick data/spot/ticks/official_daily_raw_trades_zip/2019/07.2019/BTCUSDT-trades-2019-07-17.zip,6b3de6c3c3a0b54bf972a89944ecf5d5f521dcb46f6a061e1a9509a33e132c78
E00195,primary_fallback,trades,raw_trade,spot,2019-07-17,2019-07-17T11:45:00+00:00,2019-07-17T11:50:00+00:00,canonical_5m,2019-07-17T11:49:00.314000+00:00,156773468,9060.00000000,906000,0.30887900,156773468,156773468,1,raw_fallback_missing_local_aggtrades,/Users/yeshevika/Documents/Codex/2026-08-16/files-pasted-by-the-user-read/work/candle and tick data/spot/ticks/official_daily_raw_trades_zip/2019/07.2019/BTCUSDT-trades-2019-07-17.zip,6b3de6c3c3a0b54bf972a89944ecf5d5f521dcb46f6a061e1a9509a33e132c78
E00195,primary_fallback,trades,raw_trade,spot,2019-07-17,2019-07-17T11:45:00+00:00,2019-07-17T11:50:00+00:00,canonical_5m,2019-07-17T11:49:00.335000+00:00,156773469,9060.00000000,906000,0.22062800,156773469,156773469,1,raw_fallback_missing_local_aggtrades,/Users/yeshevika/Documents/Codex/2026-08-16/files-pasted-by-the-user-read/work/candle and tick data/spot/ticks/official_daily_raw_trades_zip/2019/07.2019/BTCUSDT-trades-2019-07-17.zip,6b3de6c3c3a0b54bf972a89944ecf5d5f521dcb46f6a061e1a9509a33e132c78
E00195,primary_fallback,trades,raw_trade,spot,2019-07-17,2019-07-17T11:45:00+00:00,2019-07-17T11:50:00+00:00,canonical_5m,2019-07-17T11:49:00.416000+00:00,156773471,9060.00000000,906000,0.44125600,156773471,156773471,1,raw_fallback_missing_local_aggtrades,/Users/yeshevika/Documents/Codex/2026-08-16/files-pasted-by-the-user-read/work/candle and tick data/spot/ticks/official_daily_raw_trades_zip/2019/07.2019/BTCUSDT-trades-2019-07-17.zip,6b3de6c3c3a0b54bf972a89944ecf5d5f521dcb46f6a061e1a9509a33e132c78
E00195,primary_fallback,trades,raw_trade,spot,2019-07-17,2019-07-17T11:45:00+00:00,2019-07-17T11:50:00+00:00,canonical_5m,2019-07-17T11:49:00.536000+00:00,156773473,9060.00000000,906000,0.00111500,156773473,156773473,1,raw_fallback_missing_local_aggtrades,/Users/yeshevika/Documents/Codex/2026-08-16/files-pasted-by-the-user-read/work/candle and tick data/spot/ticks/official_daily_raw_trades_zip/2019/07.2019/BTCUSDT-trades-2019-07-17.zip,6b3de6c3c3a0b54bf972a89944ecf5d5f521dcb46f6a061e1a9509a33e132c78
E00195,primary_fallback,trades,raw_trade,spot,2019-07-17,2019-07-17T11:45:00+00:00,2019-07-17T11:50:00+00:00,canonical_5m,2019-07-17T11:49:00.554000+00:00,156773474,9060.00000000,906000,0.03503500,156773474,156773474,1,raw_fallback_missing_local_aggtrades,/Users/yeshevika/Documents/Codex/2026-08-16/files-pasted-by-the-user-read/work/candle and tick data/spot/ticks/official_daily_raw_trades_zip/2019/07.2019/BTCUSDT-trades-2019-07-17.zip,6b3de6c3c3a0b54bf972a89944ecf5d5f521dcb46f6a061e1a9509a33e132c78
E00195,primary_fallback,trades,raw_trade,spot,2019-07-17,2019-07-17T11:45:00+00:00,2019-07-17T11:50:00+00:00,canonical_5m,2019-07-17T11:49:00.554000+00:00,156773475,9060.00000000,906000,0.18557900,156773475,156773475,1,raw_fallback_missing_local_aggtrades,/Users/yeshevika/Documents/Codex/2026-08-16/files-pasted-by-the-user-read/work/candle and tick data/spot/ticks/official_daily_raw_trades_zip/2019/07.2019/BTCUSDT-trades-2019-07-17.zip,6b3de6c3c3a0b54bf972a89944ecf5d5f521dcb46f6a061e1a9509a33e132c78
E00195,primary_fallback,trades,raw_trade,spot,2019-07-17,2019-07-17T11:45:00+00:00,2019-07-17T11:50:00+00:00,canonical_5m,2019-07-17T11:49:00.554000+00:00,156773476,9060.00000000,906000,0.06293200,156773476,156773476,1,raw_fallback_missing_local_aggtrades,/Users/yeshevika/Documents/Codex/2026-08-16/files-pasted-by-the-user-read/work/candle and tick data/spot/ticks/official_daily_raw_trades_zip/2019/07.2019/BTCUSDT-trades-2019-07-17.zip,6b3de6c3c3a0b54bf972a89944ecf5d5f521dcb46f6a061e1a9509a33e132c78
E00195,primary_fallback,trades,raw_trade,spot,2019-07-17,2019-07-17T11:45:00+00:00,2019-07-17T11:50:00+00:00,canonical_5m,2019-07-17T11:49:00.647000+00:00,156773478,9060.00000000,906000,0.00683200,156773478,156773478,1,raw_fallback_missing_local_aggtrades,/Users/yeshevika/Documents/Codex/2026-08-16/files-pasted-by-the-user-read/work/candle and tick data/spot/ticks/official_daily_raw_trades_zip/2019/07.2019/BTCUSDT-trades-2019-07-17.zip,6b3de6c3c3a0b54bf972a89944ecf5d5f521dcb46f6a061e1a9509a33e132c78
E00195,primary_fallback,trades,raw_trade,spot,2019-07-17,2019-07-17T11:45:00+00:00,2019-07-17T11:50:00+00:00,canonical_5m,2019-07-17T11:49:00.647000+00:00,156773479,9060.00000000,906000,0.23986300,156773479,156773479,1,raw_fallback_missing_local_aggtrades,/Users/yeshevika/Documents/Codex/2026-08-16/files-pasted-by-the-user-read/work/candle and tick data/spot/ticks/official_daily_raw_trades_zip/2019/07.2019/BTCUSDT-trades-2019-07-17.zip,6b3de6c3c3a0b54bf972a89944ecf5d5f521dcb46f6a061e1a9509a33e132c78
E00195,primary_fallback,trades,raw_trade,spot,2019-07-17,2019-07-17T11:45:00+00:00,2019-07-17T11:50:00+00:00,canonical_5m,2019-07-17T11:49:00.647000+00:00,156773480,9060.00000000,906000,0.00701100,156773480,156773480,1,raw_fallback_missing_local_aggtrades,/Users/yeshevika/Documents/Codex/2026-08-16/files-pasted-by-the-user-read/work/candle and tick data/spot/ticks/official_daily_raw_trades_zip/2019/07.2019/BTCUSDT-trades-2019-07-17.zip,6b3de6c3c3a0b54bf972a89944ecf5d5f521dcb46f6a061e1a9509a33e132c78
E00195,primary_fallback,trades,raw_trade,spot,2019-07-17,2019-07-17T11:45:00+00:00,2019-07-17T11:50:00+00:00,canonical_5m,2019-07-17T11:49:00.735000+00:00,156773482,9060.00000000,906000,0.00594800,156773482,156773482,1,raw_fallback_missing_local_aggtrades,/Users/yeshevika/Documents/Codex/2026-08-16/files-pasted-by-the-user-read/work/candle and tick data/spot/ticks/official_daily_raw_trades_zip/2019/07.2019/BTCUSDT-trades-2019-07-17.zip,6b3de6c3c3a0b54bf972a89944ecf5d5f521dcb46f6a061e1a9509a33e132c78
E00195,primary_fallback,trades,raw_trade,spot,2019-07-17,2019-07-17T11:45:00+00:00,2019-07-17T11:50:00+00:00,canonical_5m,2019-07-17T11:49:00.735000+00:00,156773483,9060.00000000,906000,0.00369600,156773483,156773483,1,raw_fallback_missing_local_aggtrades,/Users/yeshevika/Documents/Codex/2026-08-16/files-pasted-by-the-user-read/work/candle and tick data/spot/ticks/official_daily_raw_trades_zip/2019/07.2019/BTCUSDT-trades-2019-07-17.zip,6b3de6c3c3a0b54bf972a89944ecf5d5f521dcb46f6a061e1a9509a33e132c78
E00195,primary_fallback,trades,raw_trade,spot,2019-07-17,2019-07-17T11:45:00+00:00,2019-07-17T11:50:00+00:00,canonical_5m,2019-07-17T11:49:00.981000+00:00,156773485,9060.00000000,906000,0.02323100,156773485,156773485,1,raw_fallback_missing_local_aggtrades,/Users/yeshevika/Documents/Codex/2026-08-16/files-pasted-by-the-user-read/work/candle and tick data/spot/ticks/official_daily_raw_trades_zip/2019/07.2019/BTCUSDT-trades-2019-07-17.zip,6b3de6c3c3a0b54bf972a89944ecf5d5f521dcb46f6a061e1a9509a33e132c78
E00195,primary_fallback,trades,raw_trade,spot,2019-07-17,2019-07-17T11:45:00+00:00,2019-07-17T11:50:00+00:00,canonical_5m,2019-07-17T11:49:00.981000+00:00,156773486,9060.00000000,906000,0.20841400,156773486,156773486,1,raw_fallback_missing_local_aggtrades,/Users/yeshevika/Documents/Codex/2026-08-16/files-pasted-by-the-user-read/work/candle and tick data/spot/ticks/official_daily_raw_trades_zip/2019/07.2019/BTCUSDT-trades-2019-07-17.zip,6b3de6c3c3a0b54bf972a89944ecf5d5f521dcb46f6a061e1a9509a33e132c78
E00195,primary_fallback,trades,raw_trade,spot,2019-07-17,2019-07-17T11:45:00+00:00,2019-07-17T11:50:00+00:00,canonical_5m,2019-07-17T11:49:01.044000+00:00,156773489,9060.00000000,906000,0.88380600,156773489,156773489,1,raw_fallback_missing_local_aggtrades,/Users/yeshevika/Documents/Codex/2026-08-16/files-pasted-by-the-user-read/work/candle and tick data/spot/ticks/official_daily_raw_trades_zip/2019/07.2019/BTCUSDT-trades-2019-07-17.zip,6b3de6c3c3a0b54bf972a89944ecf5d5f521dcb46f6a061e1a9509a33e132c78
E00195,primary_fallback,trades,raw_trade,spot,2019-07-17,2019-07-17T11:45:00+00:00,2019-07-17T11:50:00+00:00,canonical_5m,2019-07-17T11:49:01.130000+00:00,156773490,9060.00000000,906000,0.01500000,156773490,156773490,1,raw_fallback_missing_local_aggtrades,/Users/yeshevika/Documents/Codex/2026-08-16/files-pasted-by-the-user-read/work/candle and tick data/spot/ticks/official_daily_raw_trades_zip/2019/07.2019/BTCUSDT-trades-2019-07-17.zip,6b3de6c3c3a0b54bf972a89944ecf5d5f521dcb46f6a061e1a9509a33e132c78
E00195,primary_fallback,trades,raw_trade,spot,2019-07-17,2019-07-17T11:45:00+00:00,2019-07-17T11:50:00+00:00,canonical_5m,2019-07-17T11:49:01.182000+00:00,156773491,9060.00000000,906000,0.35352200,156773491,156773491,1,raw_fallback_missing_local_aggtrades,/Users/yeshevika/Documents/Codex/2026-08-16/files-pasted-by-the-user-read/work/candle and tick data/spot/ticks/official_daily_raw_trades_zip/2019/07.2019/BTCUSDT-trades-2019-07-17.zip,6b3de6c3c3a0b54bf972a89944ecf5d5f521dcb46f6a061e1a9509a33e132c78
E00195,primary_fallback,trades,raw_trade,spot,2019-07-17,2019-07-17T11:45:00+00:00,2019-07-17T11:50:00+00:00,canonical_5m,2019-07-17T11:49:01.533000+00:00,156773498,9060.00000000,906000,0.11037500,156773498,156773498,1,raw_fallback_missing_local_aggtrades,/Users/yeshevika/Documents/Codex/2026-08-16/files-pasted-by-the-user-read/work/candle and tick data/spot/ticks/official_daily_raw_trades_zip/2019/07.2019/BTCUSDT-trades-2019-07-17.zip,6b3de6c3c3a0b54bf972a89944ecf5d5f521dcb46f6a061e1a9509a33e132c78
E00195,primary_fallback,trades,raw_trade,spot,2019-07-17,2019-07-17T12:00:00+00:00,2019-07-17T12:05:00+00:00,canonical_5m,2019-07-17T12:01:49.537000+00:00,156785667,9060.00000000,906000,0.43885900,156785667,156785667,1,raw_fallback_missing_local_aggtrades,/Users/yeshevika/Documents/Codex/2026-08-16/files-pasted-by-the-user-read/work/candle and tick data/spot/ticks/official_daily_raw_trades_zip/2019/07.2019/BTCUSDT-trades-2019-07-17.zip,6b3de6c3c3a0b54bf972a89944ecf5d5f521dcb46f6a061e1a9509a33e132c78
E00195,primary_fallback,trades,raw_trade,spot,2019-07-17,2019-07-17T12:00:00+00:00,2019-07-17T12:05:00+00:00,canonical_5m,2019-07-17T12:01:49.537000+00:00,156785668,9060.00000000,906000,0.34569900,156785668,156785668,1,raw_fallback_missing_local_aggtrades,/Users/yeshevika/Documents/Codex/2026-08-16/files-pasted-by-the-user-read/work/candle and tick data/spot/ticks/official_daily_raw_trades_zip/2019/07.2019/BTCUSDT-trades-2019-07-17.zip,6b3de6c3c3a0b54bf972a89944ecf5d5f521dcb46f6a061e1a9509a33e132c78
E00195,primary_fallback,trades,raw_trade,spot,2019-07-17,2019-07-17T12:00:00+00:00,2019-07-17T12:05:00+00:00,canonical_5m,2019-07-17T12:01:49.537000+00:00,156785669,9060.00000000,906000,0.04345700,156785669,156785669,1,raw_fallback_missing_local_aggtrades,/Users/yeshevika/Documents/Codex/2026-08-16/files-pasted-by-the-user-read/work/candle and tick data/spot/ticks/official_daily_raw_trades_zip/2019/07.2019/BTCUSDT-trades-2019-07-17.zip,6b3de6c3c3a0b54bf972a89944ecf5d5f521dcb46f6a061e1a9509a33e132c78
E00195,primary_fallback,trades,raw_trade,spot,2019-07-17,2019-07-17T12:00:00+00:00,2019-07-17T12:05:00+00:00,canonical_5m,2019-07-17T12:02:05.573000+00:00,156786070,9060.00000000,906000,0.86457200,156786070,156786070,1,raw_fallback_missing_local_aggtrades,/Users/yeshevika/Documents/Codex/2026-08-16/files-pasted-by-the-user-read/work/candle and tick data/spot/ticks/official_daily_raw_trades_zip/2019/07.2019/BTCUSDT-trades-2019-07-17.zip,6b3de6c3c3a0b54bf972a89944ecf5d5f521dcb46f6a061e1a9509a33e132c78
E00195,primary_fallback,trades,raw_trade,spot,2019-07-17,2019-07-17T12:00:00+00:00,2019-07-17T12:05:00+00:00,canonical_5m,2019-07-17T12:02:05.573000+00:00,156786071,9060.00000000,906000,1.13384500,156786071,156786071,1,raw_fallback_missing_local_aggtrades,/Users/yeshevika/Documents/Codex/2026-08-16/files-pasted-by-the-user-read/work/candle and tick data/spot/ticks/official_daily_raw_trades_zip/2019/07.2019/BTCUSDT-trades-2019-07-17.zip,6b3de6c3c3a0b54bf972a89944ecf5d5f521dcb46f6a061e1a9509a33e132c78
E00195,primary_fallback,trades,raw_trade,spot,2019-07-17,2019-07-17T12:00:00+00:00,2019-07-17T12:05:00+00:00,canonical_5m,2019-07-17T12:02:05.573000+00:00,156786072,9060.00000000,906000,0.20940500,156786072,156786072,1,raw_fallback_missing_local_aggtrades,/Users/yeshevika/Documents/Codex/2026-08-16/files-pasted-by-the-user-read/work/candle and tick data/spot/ticks/official_daily_raw_trades_zip/2019/07.2019/BTCUSDT-trades-2019-07-17.zip,6b3de6c3c3a0b54bf972a89944ecf5d5f521dcb46f6a061e1a9509a33e132c78
E00195,primary_fallback,trades,raw_trade,spot,2019-07-17,2019-07-17T12:00:00+00:00,2019-07-17T12:05:00+00:00,canonical_5m,2019-07-17T12:02:05.573000+00:00,156786073,9060.00000000,906000,0.95258200,156786073,156786073,1,raw_fallback_missing_local_aggtrades,/Users/yeshevika/Documents/Codex/2026-08-16/files-pasted-by-the-user-read/work/candle and tick data/spot/ticks/official_daily_raw_trades_zip/2019/07.2019/BTCUSDT-trades-2019-07-17.zip,6b3de6c3c3a0b54bf972a89944ecf5d5f521dcb46f6a061e1a9509a33e132c78
E00196,primary_fallback,trades,raw_trade,spot,2019-07-20,2019-07-20T23:05:00+00:00,2019-07-20T23:10:00+00:00,canonical_5m,2019-07-20T23:08:05.860000+00:00,158944838,11068.99000000,1106899,0.04693300,158944838,158944838,1,raw_fallback_missing_local_aggtrades,/Users/yeshevika/Documents/Codex/2026-08-16/files-pasted-by-the-user-read/work/candle and tick data/spot/ticks/official_daily_raw_trades_zip/2019/07.2019/BTCUSDT-trades-2019-07-20.zip,50936d95b0a579a56890c288a4a379fabd0275c20ab223ce368b8ca23bcbe54b
E00196,primary_fallback,trades,raw_trade,spot,2019-07-20,2019-07-20T23:05:00+00:00,2019-07-20T23:10:00+00:00,canonical_5m,2019-07-20T23:08:05.860000+00:00,158944839,11068.99000000,1106899,0.02726700,158944839,158944839,1,raw_fallback_missing_local_aggtrades,/Users/yeshevika/Documents/Codex/2026-08-16/files-pasted-by-the-user-read/work/candle and tick data/spot/ticks/official_daily_raw_trades_zip/2019/07.2019/BTCUSDT-trades-2019-07-20.zip,50936d95b0a579a56890c288a4a379fabd0275c20ab223ce368b8ca23bcbe54b
E00196,primary_fallback,trades,raw_trade,spot,2019-07-20,2019-07-20T23:05:00+00:00,2019-07-20T23:10:00+00:00,canonical_5m,2019-07-20T23:08:05.860000+00:00,158944840,11068.99000000,1106899,0.04693300,158944840,158944840,1,raw_fallback_missing_local_aggtrades,/Users/yeshevika/Documents/Codex/2026-08-16/files-pasted-by-the-user-read/work/candle and tick data/spot/ticks/official_daily_raw_trades_zip/2019/07.2019/BTCUSDT-trades-2019-07-20.zip,50936d95b0a579a56890c288a4a379fabd0275c20ab223ce368b8ca23bcbe54b
E00196,primary_fallback,trades,raw_trade,spot,2019-07-20,2019-07-20T23:05:00+00:00,2019-07-20T23:10:00+00:00,canonical_5m,2019-07-20T23:08:05.860000+00:00,158944841,11068.99000000,1106899,0.00986600,158944841,158944841,1,raw_fallback_missing_local_aggtrades,/Users/yeshevika/Documents/Codex/2026-08-16/files-pasted-by-the-user-read/work/candle and tick data/spot/ticks/official_daily_raw_trades_zip/2019/07.2019/BTCUSDT-trades-2019-07-20.zip,50936d95b0a579a56890c288a4a379fabd0275c20ab223ce368b8ca23bcbe54b
E00198,primary_fallback,trades,raw_trade,spot,2019-07-29,2019-07-29T09:35:00+00:00,2019-07-29T09:40:00+00:00,canonical_5m,2019-07-29T09:39:24.713000+00:00,162097887,9395.00000000,939500,0.00055900,162097887,162097887,1,raw_fallback_missing_local_aggtrades,/Users/yeshevika/Documents/Codex/2026-08-16/files-pasted-by-the-user-read/work/candle and tick data/spot/ticks/official_daily_raw_trades_zip/2019/07.2019/BTCUSDT-trades-2019-07-29.zip,a3f85d0d2d514ac722beae9b8a0396287e01c4d2c19f7e0e0e1215d182e781e5
E00198,primary_fallback,trades,raw_trade,spot,2019-07-29,2019-07-29T09:35:00+00:00,2019-07-29T09:40:00+00:00,canonical_5m,2019-07-29T09:39:24.829000+00:00,162097888,9395.00000000,939500,0.03119900,162097888,162097888,1,raw_fallback_missing_local_aggtrades,/Users/yeshevika/Documents/Codex/2026-08-16/files-pasted-by-the-user-read/work/candle and tick data/spot/ticks/official_daily_raw_trades_zip/2019/07.2019/BTCUSDT-trades-2019-07-29.zip,a3f85d0d2d514ac722beae9b8a0396287e01c4d2c19f7e0e0e1215d182e781e5
E00198,primary_fallback,trades,raw_trade,spot,2019-07-29,2019-07-29T09:35:00+00:00,2019-07-29T09:40:00+00:00,canonical_5m,2019-07-29T09:39:28.879000+00:00,162098003,9395.00000000,939500,0.16824200,162098003,162098003,1,raw_fallback_missing_local_aggtrades,/Users/yeshevika/Documents/Codex/2026-08-16/files-pasted-by-the-user-read/work/candle and tick data/spot/ticks/official_daily_raw_trades_zip/2019/07.2019/BTCUSDT-trades-2019-07-29.zip,a3f85d0d2d514ac722beae9b8a0396287e01c4d2c19f7e0e0e1215d182e781e5
E00198,primary_fallback,trades,raw_trade,spot,2019-07-29,2019-07-29T09:35:00+00:00,2019-07-29T09:40:00+00:00,canonical_5m,2019-07-29T09:39:28.879000+00:00,162098004,9395.00000000,939500,2.53019400,162098004,162098004,1,raw_fallback_missing_local_aggtrades,/Users/yeshevika/Documents/Codex/2026-08-16/files-pasted-by-the-user-read/work/candle and tick data/spot/ticks/official_daily_raw_trades_zip/2019/07.2019/BTCUSDT-trades-2019-07-29.zip,a3f85d0d2d514ac722beae9b8a0396287e01c4d2c19f7e0e0e1215d182e781e5
E00198,primary_fallback,trades,raw_trade,spot,2019-07-29,2019-07-29T09:35:00+00:00,2019-07-29T09:40:00+00:00,canonical_5m,2019-07-29T09:39:28.951000+00:00,162098007,9395.00000000,939500,0.00106600,162098007,162098007,1,raw_fallback_missing_local_aggtrades,/Users/yeshevika/Documents/Codex/2026-08-16/files-pasted-by-the-user-read/work/candle and tick data/spot/ticks/official_daily_raw_trades_zip/2019/07.2019/BTCUSDT-trades-2019-07-29.zip,a3f85d0d2d514ac722beae9b8a0396287e01c4d2c19f7e0e0e1215d182e781e5
E00198,primary_fallback,trades,raw_trade,spot,2019-07-29,2019-07-29T09:35:00+00:00,2019-07-29T09:40:00+00:00,canonical_5m,2019-07-29T09:39:29.467000+00:00,162098026,9395.00000000,939500,0.48992400,162098026,162098026,1,raw_fallback_missing_local_aggtrades,/Users/yeshevika/Documents/Codex/2026-08-16/files-pasted-by-the-user-read/work/candle and tick data/spot/ticks/official_daily_raw_trades_zip/2019/07.2019/BTCUSDT-trades-2019-07-29.zip,a3f85d0d2d514ac722beae9b8a0396287e01c4d2c19f7e0e0e1215d182e781e5
E00198,primary_fallback,trades,raw_trade,spot,2019-07-29,2019-07-29T09:35:00+00:00,2019-07-29T09:40:00+00:00,canonical_5m,2019-07-29T09:39:29.960000+00:00,162098051,9395.00000000,939500,0.49545800,162098051,162098051,1,raw_fallback_missing_local_aggtrades,/Users/yeshevika/Documents/Codex/2026-08-16/files-pasted-by-the-user-read/work/candle and tick data/spot/ticks/official_daily_raw_trades_zip/2019/07.2019/BTCUSDT-trades-2019-07-29.zip,a3f85d0d2d514ac722beae9b8a0396287e01c4d2c19f7e0e0e1215d182e781e5
E00198,primary_fallback,trades,raw_trade,spot,2019-07-29,2019-07-29T09:35:00+00:00,2019-07-29T09:40:00+00:00,canonical_5m,2019-07-29T09:39:30.028000+00:00,162098066,9395.00000000,939500,0.14740700,162098066,162098066,1,raw_fallback_missing_local_aggtrades,/Users/yeshevika/Documents/Codex/2026-08-16/files-pasted-by-the-user-read/work/candle and tick data/spot/ticks/official_daily_raw_trades_zip/2019/07.2019/BTCUSDT-trades-2019-07-29.zip,a3f85d0d2d514ac722beae9b8a0396287e01c4d2c19f7e0e0e1215d182e781e5
E00199,primary,aggTrades,agg_trade,spot,2019-08-06,2019-08-06T07:05:00+00:00,2019-08-06T07:10:00+00:00,canonical_5m,2019-08-06T07:07:18.993000+00:00,149805320,12330.7,1233070,0.167575,165244961,165244961,1,local_official_monthly_aggtrades,/Users/yeshevika/Documents/Codex/2026-08-16/files-pasted-by-the-user-read/work/btc_1m_binance_official/spot/monthly_aggtrades_zip/BTCUSDT-aggTrades-2019-08.zip,1f21fc4013a38187c1d1f3fcdd9d1de64f100141e0ed290d8822fed28fba2902
E00199,primary,aggTrades,agg_trade,spot,2019-08-06,2019-08-06T07:05:00+00:00,2019-08-06T07:10:00+00:00,canonical_5m,2019-08-06T07:07:18.993000+00:00,149805322,12330.7,1233070,0.113566,165244963,165244963,1,local_official_monthly_aggtrades,/Users/yeshevika/Documents/Codex/2026-08-16/files-pasted-by-the-user-read/work/btc_1m_binance_official/spot/monthly_aggtrades_zip/BTCUSDT-aggTrades-2019-08.zip,1f21fc4013a38187c1d1f3fcdd9d1de64f100141e0ed290d8822fed28fba2902
